# direct-USB CDC reader -- claimed iface 3 on 0x2e8a:0x000c 'Pico Link' / 'Pico Link Audio Dongle' (serial 7E869DB737264356)
# no /dev/cu.* node opened; exclusive libusb claim
ctr s=0000000146 u=0000149206 t=0000002324 e=0000000000 p=0000000000 d=0000000000 c=0000000000 o=0000000000                   
usb-audio: idle (alt 0 / not streaming), total=0 bytes
usb-pump: packets=0 log_drops=107537 report_dt_us=1007582
usb-pump-race: pump_ticks_run=149081 sof_isr=148966
usb-sof-2ap: sof_streamiatr pc0=10002981 b0=00007647 pc1=100029a1 b1=00004840 pc2=10002913 b2=00004694                                                
ng=0 got=0 miss_avail=0 miss_unavail=0 hw_unavail=0
usb-audio-fix: fb_done=0
usb-audio-okx: rx_bytes_total=0 rx_short_packets=drn c=00004503 s=00000000 z=00002203 bd=0000056093 bp=0000064281 dr=0000120452                                                
0
usb-pump-logring: backlog_hwm=8179
a2dp: codec=LDAC bitrate=990000 fill=0/4608 ovr_frames=0 und=0 report_dt_us=1007582
a2dpctr s=0000000162 u=0000165612 t=0000003786 e=0000001994 p=0000000997 d=0000000010 c=0000000574 o=0000000000                   
: enc_max_us=0 pkt_sent=0 pkt_fail=0 misaligned=0
a2dp: tick_count=2324 worst_tick_interval_us=12013 enc_frames_total=0
a2dp: frames_per_packet=1 credit_clamped_samples=1247108 credit_clamp_events=2323 flush_frames=0 resync_drops=0 fill_ema=0 fill_min=4294967295
a2dp: stop_credit=0 stop_queue_full=0 stop_ring_empty=0 stop_dwell=0 fill_short_read=0
a2dp: payloads_sealed=0 tx_depth_max=0 grants=0 spurious_grants=0 dwell_max_us=0
wdt: USB_TIMER max_stale_ms=0 deadline_ms=100 enabled=1
wdt: USB_TASK max_stale_ms=0 deadline_ms=250 enabled=1
wdt: BTSTACK max_stale_ms=75 deadline_ms=1000 enabled=1
wdt: MEDIA max_stale_ms=0 deadline_ms=500 enabled=0
frame 4201: render=23329us blit=13461us total=36846us
usb-audio: idle (alt 0 / not streaming), total=0 bytes
usb-pump: packets=0 log_drops=107537 report_dt_us=1007702
usb-pump-race: pump_ticks_run=150086 sof_isr=149974
usb-sof-2ap: sof_streaming=0 got=0 miss_avail=0 miss_unavail=0 hw_unavail=0
usb-audio-fix: fb_done=0
usb-audio-okx: rx_bytes_total=0 rx_short_packets=0
usb-pump-logring: backlog_hwm=8179
a2dp: codec=LDAC bitrate=990000 fill=0/4608 ovr_frames=0 und=0 report_dt_us=1007702
a2dp: enc_max_us=0 pkt_sent=0 pkt_fail=0 misaligned=0
a2dp: tick_count=2414 worst_tick_interval_us=12013 enc_frames_total=0
a2dp: frames_per_packet=1 credit_clamped_samples=1295453 credit_clamp_events=2413 flush_frames=0 resync_drops=0 fill_ema=0 fill_min=4294967295
a2dp: stop_credit=0 stop_queue_full=0 stop_ring_empty=0 stop_dwell=0 fill_shortctr s=0000000163 u=0000166635 t=0000003878 e=0000002223 p=0000001111 d=0000000015 c=0000000630 o=0000000000                   
_read=0
a2dp: payloads_sealed=0 tx_depth_max=0 grants=0 spurious_grants=0 dwell_max_us=0
wdt: USB_TIMER max_stale_ms=0 deadlinatr pc0=10002981 b0=00007785 pc1=100029a1 b1=00004933 pc2=10002913 b2=00004783                                                
e_ms=100 enabled=1
wdt: USB_TASK max_stale_ms=0 deadline_ms=250 enabled=1
wdt: BTSTACK max_stale_ms=74 deadline_ms=1000 enabledrn c=00004517 s=00000000 z=00002207 bd=0000057984 bp=0000065531 dr=0000120675                                                
d=1
wdt: MEDIA max_stale_ms=0 deadline_ms=500 enabled=0
usb-audio: idle (alt 0 / not streaming), total=0 bytes
usb-pump: packets=0 log_drops=107537 report_dt_us=1007697
usb-pump-race: pump_ticks_run=151094 sof_isr=150982
usb-sof-2ap: sof_streaming=0 got=0 miss_avail=0 miss_unavail=0 hw_unavail=0
usb-audio-fix: fb_done=0
usb-audio-okx: rx_bytes_total=0 rx_short_packets=0
usb-pump-logring: backlog_hwm=8179
a2dp: codec=LDAC bitrate=990000 fill=0/4608 ovr_frames=0 und=0 report_dt_us=1007697
a2dp: enc_max_us=0 pkt_sent=0 pkt_fail=0 misaligned=0
a2dp: tick_count=2504 worst_tick_interval_us=12013 enc_frames_total=0
a2dp: frames_per_packet=1 credit_clamped_samples=1343898 credit_clamp_events=2503 flush_frames=0 resync_drops=0 fill_ema=0 fill_min=4294967295
a2dp: stop_credit=0 stop_queue_full=0 stop_ring_empty=0 stop_dwell=0 fill_short_read=0
a2dp: payloads_sealed=0 tx_depth_max=0 grants=0 spurious_grants=0 dwell_max_us=0
wdt: USB_TIMER max_stale_ms=0 deadline_ms=100 enabled=1
wdt: USB_TASK max_stale_ms=0 deadline_ms=250 enabled=1
wdt: BTSTACK max_stale_ms=75 deadline_ms=1000 enabled=1
wdt: MEDIA max_stale_ms=0 deadline_ms=500 enabled=0
frame 4261: render=23387us blit=13465us total=36898us
usb-audio: idle (alt 0 / not streaming), total=0 bytes
usb-pump: packets=0 log_drops=107537 report_dt_us=1009154
usb-pump-race: pump_ticks_run=152103 sof_isr=151991
usb-sof-2ap: sof_streaming=0 got=0 miss_avail=0 miss_unavail=0 hw_unavail=0
usb-audio-fix: fb_done=0
usb-audio-okx: rx_bytes_total=0 rx_short_packets=0
usb-pump-logring: backlog_hwm=8179
a2dp: codec=LDAC bitrate=990000 fill=0/4608 ovr_frames=0 und=0 report_dt_us=1009154
a2dp: enc_max_us=0 pkt_sent=0 pkt_fail=0 misaligned=0
a2dp: tick_count=2594 worst_tick_interval_us=12013 enc_frames_total=0
a2dp: frames_per_packet=1 credit_clamped_samples=1392391 credit_clamp_events=2593 flush_frames=0 resync_drops=0 fill_ema=0 fill_min=4294967295
a2dp: stop_credit=0 stop_queue_full=0 stop_ring_empty=0 stop_dwell=0 fill_short_read=0
a2dp: payloads_sealed=0 tx_depth_max=0 grants=0 spurious_grants=0 dwell_max_us=0
wdt: USB_TIMER max_stale_ms=0 deadline_ms=100 enabled=1
wdt: USB_TASK max_stale_ms=0 deadline_ms=250 enabled=1
wdt: BTSTACK max_stale_ms=75 deadline_ms=1000 enabled=1
wdt: MEDIA max_stale_ms=0 deadline_ms=500 enabled=0
usb-audio: idle (alt 0 / not streaming), total=0 bytes
usb-pump: packets=0 log_drops=107537 report_dt_us=1006619
usb-pump-race: pump_ticks_run=153107 sof_isr=152997
usb-sof-2ap: sof_streaming=0 got=0 miss_avail=0 miss_unavail=0 hw_unavail=0
usb-audio-fix: fb_done=0
usb-audio-okx: rx_bytes_total=0 rx_short_packets=0
usb-pump-logring: backlog_hwm=8179
a2dp: codec=LDAC bitrate=990000 fill=0/4608 ovr_frames=0 und=0 report_dt_us=1006619
a2dp: enc_max_us=0 pkt_sent=0 pkt_fail=0 misaligned=0
a2dp: tick_count=2684 worst_tick_interval_us=12013 enc_frames_total=0
a2dp: frames_per_packet=1 credit_clamped_samplectr s=0000000164 u=0000167670 t=0000003970 e=0000002452 p=0000001226 d=0000000017 c=0000000695 o=0000000000                   
s=1440701 credit_clamp_events=2683 flush_frames=0 resync_drops=0 fill_ema=0 fill_min=4294967295
a2dp: stop_credit=0 stop_queue_atr pc0=10002981 b0=00007922 pc1=100029a1 b1=00005026 pc2=10002913 b2=00004872                                                
full=0 stop_ring_empty=0 stop_dwell=0 fill_short_read=0
a2dp: payloads_sealed=0 tx_depth_max=0 grants=0 spurious_grants=0 dwelldrn c=00004531 s=00000000 z=00002207 bd=0000061184 bp=0000067005 dr=0000120675                                                
_max_us=0
wdt: USB_TIMER max_stale_ms=0 deadline_ms=100 enabled=1
wdt: USB_TASK max_stale_ms=0 deadline_ms=250 enabled=1
wdt: BTSTACK max_stale_ms=74 deadline_ms=1000 enabled=1
wdt: MEDIA max_stale_ms=0 deadline_ms=500 enabled=0
usb-audio: idle (alt 0 / not streaming), total=0 bytes
usb-pump: packets=0 log_drops=107537 report_dt_us=1007080
usb-pump-race: pump_ticks_run=154113 sof_isr=154005
usb-sof-2ap: sof_streaming=0 got=0 miss_avail=0 miss_unavail=0 hw_unavail=0
usb-audio-fix: fb_done=0
usb-audio-okx: rx_bytes_total=0 rx_short_packets=0
usb-pump-logring: backlog_hwm=8179
a2dp: codec=LDAC bitrate=990000 fill=0/4608 ovr_frames=0 und=0 report_dt_us=1007080
a2dp: enc_max_us=0 pkt_sent=0 pkt_fail=0 misaligned=0
a2dp: tick_count=2774 worst_tick_interval_us=12013 enc_frames_total=0
a2dp: frames_per_packet=1 credit_clamped_samples=1489083 credit_clamp_events=2773 flush_frames=0 resync_drops=0 fill_ema=0 fill_min=4294967295
a2dp: stop_credit=0 stop_queue_full=0 stop_ring_empty=0 stop_dwell=0 fill_short_read=0
a2dp: payloads_sealed=0 tx_depth_max=0 grants=0 spurious_grants=0 dwell_max_us=0
wdt: USB_TIMER max_stale_ms=0 deadline_ms=100 enabled=1
wdt: USB_TASK max_stale_ms=0 deadline_ms=250 enabled=1
wdt: BTSTACK max_stale_ms=74 deadline_ms=1000 enabled=1
wdt: MEDIA max_stale_ms=0 deadline_ms=500 enabled=0
frame 4321: render=23307us blit=13462us total=36815us
usb-audio: idle (alt 0 / not streaming), total=0 bytes
usb-pump: packets=0 log_drops=107537 report_dt_us=1009461
usb-pump-race: pump_ticks_run=155121 sof_isr=155014
usb-sof-2ap: sof_streaming=0 got=0 miss_avail=0 miss_unavail=0 hw_unavail=0
usb-audio-fix: fb_done=0
usb-audio-okx: rx_bytes_total=0 rx_short_packets=0
usb-pump-logring: backlog_hwm=8179
a2dp: codec=LDAC bitrate=990000 fill=0/4608 ovr_frames=0 und=0 report_dt_us=1009461
a2dp: enc_max_us=0 pkt_sent=0 pkt_fail=0 misaligned=0
a2dp: tick_count=2864 worst_tick_interval_us=12013 enc_frames_total=0
a2dp: frames_per_packet=1 credit_clamped_samples=1537510 credit_clamp_events=2863 flush_frames=0 resync_drops=0 fill_ema=0 fill_min=4294967295
a2dp: stop_credit=0 stop_queue_full=0 stop_ring_empty=0 stop_dwell=0 fill_short_read=0
a2dp: payloads_sealed=0 tx_depth_max=0 grants=0 spurious_grants=0 dwell_max_us=0
wdt: USB_TIMER max_stale_ms=0 deadline_ms=100 enabled=1
wdt: USB_TASK max_stale_ms=0 deadline_ms=250 enabled=1
wdt: BTSTACK max_stale_ms=74 deadline_ms=1000 enabled=1
wdt: MEDIA max_stale_ms=0 deadline_ms=500 enabled=0
usb-audio: idle (alt 0 / not streaming), total=0 bytes
usb-pump: packets=0 log_drops=107537 report_dt_us=1006402
usb-pump-race: pump_ticks_run=156126 sof_isr=156020
usb-sof-2ap: sof_streaming=0 got=0 miss_avail=0 miss_unavail=0 hw_unavail=0
usb-audio-fix: fb_done=0
usb-audio-okx: rx_bytes_total=0 rx_short_packets=0
usb-pump-logring: backlog_hwm=8179
a2dp: codec=LDAC bitrate=990000 fill=0/4608 ovr_frames=0 und=0 report_dt_us=100640ctr s=0000000165 u=0000168687 t=0000004060 e=0000002672 p=0000001336 d=0000000020 c=0000000753 o=0000000000                   
2
a2dp: stream started
usb-audio: streaming rate=48000Hz ch=2 bits=16 measured=114763 B/s (117372 bytes / 1022ms)
usb-pump: patr pc0=10002981 b0=00008060 pc1=100029a1 b1=00005119 pc2=10002913 b2=00004961                                                
ackets=5928 log_drops=120675 report_dt_us=1022647
usb-pump-race: pump_ticks_run=166492 sof_isr=166395
usb-sof-2ap: sof_streamidrn c=00004545 s=00000000 z=00002207 bd=0000064384 bp=0000068480 dr=0000120675                                                
ng=9775 got=5928 miss_avail=1084 miss_unavail=2763 hw_unavail=3856
usb-audio-fix: fb_done=9744
usb-audio-okx: rx_bytes_total=1138656 rx_short_packets=120
usb-pump-logring: backlog_hwm=8188
a2dp: codec=LDAC bitrate=990000 fill=480/4608 ovr_frames=0 und=220 report_dt_us=1022647
a2dp: enc_max_us=1757 pkt_sent=1111 pkt_fail=0 misaligned=0
a2dp: tick_count=3878 worst_tick_interval_us=12532 enc_frames_total=2223
a2dp: frames_per_packet=1 credit_clamped_samples=1797840 credit_clamp_events=3869 flush_frames=0 resync_drops=0 fill_ema=861 fill_min=28
a2dp: stop_credit=630 stop_queue_full=0 stop_ring_empty=220 stop_dwell=15 fill_short_read=0
a2dp: WARNING stop_dwell rose by 5 this report window (total=15) -- the dwell-safety backstop tripped; encode is NOT finishing inside its credit budget and pl_a2dp_fill is being force-stopped by PL_A2DP_MAX_ENCODE_DWELL_US, not by the credit clock. See a2dp.c:609's doc comment.
a2dp: payloads_sealed=1111 tx_depth_max=1 grants=1111 spurious_grants=0 dwell_max_us=7043
wdt: USB_TIMER max_stale_ms=0 deadline_ms=100 enabled=1
wdt: USB_TASK max_stale_ms=0 deadline_ms=250 enabled=1
wdt: BTSTACK max_stale_ms=80 deadline_ms=1000 enabled=1
wdt: MEDIA max_stale_ms=0 deadline_ms=500 enabled=1
usb-audio: streaming rate=48000Hz ch=2 bits=16 measured=113347 B/s (117376 bytes / 1035ms)
usb-pump: packets=6539 log_drops=120675 report_dt_us=1035544
usb-pump-race: pump_ticks_run=167527 sof_isr=167431
usb-sof-2ap: sof_streaming=10811 got=6538 miss_avail=1117 miss_unavail=3156 hw_unavail=4293
usb-audio-fix: fb_done=10779
usb-audio-okx: rx_bytes_total=1256032 rx_short_packets=136
usb-pump-logring: backlog_hwm=8188
a2dp: codec=LDAC bitrate=990000 fill=608/4608 ovr_frames=0 und=245 report_dt_us=1035544
a2dp: enc_max_us=1762 pkt_sent=1226 pkt_fail=0 misaligned=0
a2dp: tick_count=3970 worst_tick_interval_us=12532 enc_frames_total=2452
a2dp: frames_per_packet=1 credit_clamped_samples=1818130 credit_clamp_events=3961 flush_frames=0 resync_drops=0 fill_ema=767 fill_min=8
a2dp: stop_credit=695 stop_queue_full=0 stop_ring_empty=245 stop_dwell=17 fill_short_read=0
a2dp: WARNING stop_dwell rose by 2 this report window (total=17) -- the dwell-safety backstop tripped; encode is NOT finishing inside its credit budget and pl_a2dp_fill is being force-stopped by PL_A2DP_MAX_ENCODE_DWELL_US, not by the credit clock. See a2dp.c:609's doc comment.
a2dp: payloads_sealed=1226 tx_depth_max=1 grants=1226 spurious_grants=0 dwell_max_us=7043
wdt: USB_TIMER max_stale_ms=0 deadline_ms=100 enabled=1
wdt: USB_TASK max_stale_ms=0 deadline_ms=250 enabled=1
wdt: BTSTACK max_stale_ms=77 deadline_ms=1000 enabled=1
wdt: MEDIA max_stale_ms=0 deadline_ms=500 enabled=1
usb-audio: streaming rate=48000Hz ch=2 bits=16 measured=110809 B/s (111768 bytes / 1008ms)
usb-pump: packets=7121 log_drops=120675 report_dt_us=1008631
usb-pump-race: pump_ticks_run=168534 sof_isr=168440
usb-sof-2ap: sof_streaming=11820 got=7121 miss_avail=1160 miss_unavail=3539 hw_unavail=4728
usb-audio-fix: fb_done=11793
usb-audio-okx: rx_bytes_toctr s=0000000166 u=0000169746 t=0000004155 e=0000002897 p=0000001448 d=0000000020 c=0000000818 o=0000000000                   
tal=1368760 rx_short_packets=142
usb-pump-logring: backlog_hwm=8188
a2dp: codec=LDAC bitrate=990000 fill=696/4608 ovr_frames=0atr pc0=10002981 b0=00008197 pc1=100029a1 b1=00005212 pc2=10002913 b2=00005050                                                
 und=274 report_dt_us=1008631
a2dp: enc_max_us=1762 pkt_sent=1336 pkt_fail=0 misaligned=0
a2dp: tick_count=4060 worst_tick_intdrn c=00004560 s=00000000 z=00002207 bd=0000067712 bp=0000069674 dr=0000120675                                                
erval_us=12532 enc_frames_total=2672
a2dp: frames_per_packet=1 credit_clamped_samples=1838739 credit_clamp_events=4051 flush_frames=0 resync_drops=0 fill_ema=757 fill_min=44
a2dp: stop_credit=753 stop_queue_full=0 stop_ring_empty=274 stop_dwell=20 fill_short_read=0
a2dp: WARNING stop_dwell rose by 3 this report window (total=20) -- the dwell-safety backstop tripped; encode is NOT finishing inside its credit budget and pl_a2dp_fill is being force-stopped by PL_A2DP_MAX_ENCODE_DWELL_US, not by the credit clock. See a2dp.c:609's doc comment.
a2dp: payloads_sealed=1336 tx_depth_max=1 grants=1336 spurious_grants=0 dwell_max_us=7043
wdt: USB_TIMER max_stale_ms=0 deadline_ms=100 enabled=1
wdt: USB_TASK max_stale_ms=0 deadline_ms=250 enabled=1
wdt: BTSTACK max_stale_ms=76 deadline_ms=1000 enabled=1
wdt: MEDIA max_stale_ms=0 deadline_ms=500 enabled=1
usb-audio: streaming rate=48000Hz ch=2 bits=16 measured=108550 B/s (115832 bytes / 1067ms)
usb-pump: packets=7724 log_drops=120675 report_dt_us=1067212
usb-pump-race: pump_ticks_run=169599 sof_isr=169507
usb-sof-2ap: sof_streaming=12887 got=7724 miss_avail=1199 miss_unavail=3964 hw_unavail=5203
usb-audio-fix: fb_done=12851
usb-audio-okx: rx_bytes_total=1483632 rx_short_packets=156
usb-pump-logring: backlog_hwm=8188
a2dp: codec=LDAC bitrate=990000 fill=368/4608 ovr_frames=0 und=304 report_dt_us=1067212
a2dp: enc_max_us=1762 pkt_sent=1448 pkt_fail=0 misaligned=0
a2dp: tick_count=4155 worst_tick_interval_us=12532 enc_frames_total=2897
a2dp: frames_per_packet=1 credit_clamped_samples=1860969 credit_clamp_events=4146 flush_frames=0 resync_drops=0 fill_ema=705 fill_min=4
a2dp: stop_credit=818 stop_queue_full=0 stop_ring_empty=304 stop_dwell=20 fill_short_read=0
a2dp: payloads_sealed=1448 tx_depth_max=1 grants=1448 spurious_grants=0 dwell_max_us=7043
wdt: USB_TIMER max_stale_ms=0 deadline_ms=100 enabled=1
wdt: USB_TASK max_stale_ms=0 deadline_ms=250 enabled=1
wdt: BTSTACK max_stale_ms=69 deadline_ms=1000 enabled=1
wdt: MEDIA max_stale_ms=0 deadline_ms=500 enabled=1
frame 4561: render=53580us blit=21225us total=74853us
ctr s=0000000167 u=0000170793 t=0000004248 e=0000003117 p=0000001558 d=0000000020 c=0000000880 o=0000000000                   
usb-audio: streaming rate=48000Hz ch=2 bits=16 measured=107704 B/s (112756 bytes / 1046ms)
usb-pump: packets=8311 log_drops=120atr pc0=10002981 b0=00008334 pc1=100029a1 b1=00005305 pc2=10002913 b2=00005139                                                
675 report_dt_us=1046770
usb-pump-race: pump_ticks_run=170643 sof_isr=170554
usb-sof-2ap: sof_streaming=13934 got=8311 miss_avdrn c=00004575 s=00000000 z=00002207 bd=0000070080 bp=0000070923 dr=0000120675                                                
ail=1233 miss_unavail=4390 hw_unavail=5709
usb-audio-fix: fb_done=13895
usb-audio-okx: rx_bytes_total=1596580 rx_short_packets=169
usb-pump-logring: backlog_hwm=8188
a2dp: codec=LDAC bitrate=990000 fill=676/4608 ovr_frames=0 und=335 report_dt_us=1046770
a2dp: enc_max_us=1762 pkt_sent=1558 pkt_fail=0 misaligned=0
a2dp: tick_count=4248 worst_tick_interval_us=12532 enc_frames_total=3117
a2dp: frames_per_packet=1 credit_clamped_samples=1883034 credit_clamp_events=4239 flush_frames=0 resync_drops=0 fill_ema=692 fill_min=4
a2dp: stop_credit=880 stop_queue_full=0 stop_ring_empty=335 stop_dwell=20 fill_short_read=0
a2dp: payloads_sealed=1558 tx_depth_max=1 grants=1558 spurious_grants=0 dwell_max_us=7043
wdt: USB_TIMER max_stale_ms=0 deadline_ms=100 enabled=1
wdt: USB_TASK max_stale_ms=0 deadline_ms=250 enabled=1
wdt: BTSTACK max_stale_ms=75 deadline_ms=1000 enabled=1
wdt: MEDIA max_stale_ms=0 deadline_ms=500 enabled=1
ctr s=0000000168 u=0000171821 t=0000004339 e=0000003326 p=0000001663 d=0000000022 c=0000000943 o=0000000000                   
usb-audio: streaming rate=48000Hz ch=2 bits=16 measured=104050 B/s (107000 bytes / 1028ms)
usb-pump: packets=8868 log_drops=120atr pc0=10002981 b0=00008471 pc1=100029a1 b1=00005398 pc2=10002913 b2=00005228                                                
675 report_dt_us=1028369
usb-pump-race: pump_ticks_run=171670 sof_isr=171582
usb-sof-2ap: sof_streaming=14962 got=8867 miss_avdrn c=00004590 s=00000000 z=00002207 bd=0000071274 bp=0000072397 dr=0000120675                                                
ail=1288 miss_unavail=4807 hw_unavail=6261
usb-audio-fix: fb_done=14921
usb-audio-okx: rx_bytes_total=1703388 rx_short_packets=183
usb-pump-logring: backlog_hwm=8188
a2dp: codec=LDAC bitrate=990000 fill=476/4608 ovr_frames=0 und=361 report_dt_us=1028369
a2dp: enc_max_us=1762 pkt_sent=1663 pkt_fail=0 misaligned=0
a2dp: tick_count=4339 worst_tick_interval_us=12561 enc_frames_total=3326
a2dp: frames_per_packet=1 credit_clamped_samples=1905525 credit_clamp_events=4330 flush_frames=0 resync_drops=0 fill_ema=545 fill_min=4
a2dp: stop_credit=943 stop_queue_full=0 stop_ring_empty=361 stop_dwell=22 fill_short_read=0
a2dp: WARNING stop_dwell rose by 2 this report window (total=22) -- the dwell-safety backstop tripped; encode is NOT finishing inside its credit budget and pl_a2dp_fill is being force-stopped by PL_A2DP_MAX_ENCODE_DWELL_US, not by the credit clock. See a2dp.c:609's doc comment.
a2dp: payloads_sealed=1663 tx_depth_max=1 grants=1663 spurious_grants=0 dwell_max_us=7043
wdt: USB_TIMER max_stale_ms=0 deadline_ms=100 enabled=1
wdt: USB_TASK max_stale_ms=0 deadline_ms=250 enabled=1
wdt: BTSTACK max_stale_ms=68 deadline_ms=1000 enabled=1
wdt: MEDIA max_stale_ms=0 deadline_ms=500 enabled=1
ctr s=0000000169 u=0000172835 t=0000004430 e=0000003517 p=0000001758 d=0000000022 c=0000000999 o=0000000000                   
usb-audio: streaming rate=48000Hz ch=2 bits=16 measured=96195 B/s (96992 bytes / 1008ms)
usb-pump: packets=9373 log_drops=12067atr pc0=10002981 b0=00008609 pc1=100029a1 b1=00005491 pc2=10002913 b2=00005317                                                
5 report_dt_us=1008252
usb-pump-race: pump_ticks_run=172671 sof_isr=172590
usb-sof-2ap: sof_streaming=15970 got=9373 miss_avaidrn c=00004606 s=00000000 z=00002207 bd=0000072748 bp=0000073590 dr=0000120675                                                
l=1327 miss_unavail=5270 hw_unavail=6773
usb-audio-fix: fb_done=15922
usb-audio-okx: rx_bytes_total=1800380 rx_short_packets=191
usb-pump-logring: backlog_hwm=8188
a2dp: codec=LDAC bitrate=990000 fill=700/4608 ovr_frames=0 und=396 report_dt_us=1008252
a2dp: enc_max_us=1762 pkt_sent=1757 pkt_fail=0 misaligned=0
a2dp: tick_count=4429 worst_tick_interval_us=12561 enc_frames_total=3515
a2dp: frames_per_packet=1 credit_clamped_samples=1929618 credit_clamp_events=4420 flush_frames=0 resync_drops=0 fill_ema=661 fill_min=28
a2dp: stop_credit=998 stop_queue_full=0 stop_ring_empty=396 stop_dwell=22 fill_short_read=0
a2dp: payloads_sealed=1758 tx_depth_max=1 grants=1758 spurious_grants=0 dwell_max_us=7043
wdt: USB_TIMER max_stale_ms=0 deadline_ms=100 enabled=1
wdt: USB_TASK max_stale_ms=0 deadline_ms=250 enabled=1
wdt: BTSTACK max_stale_ms=69 deadline_ms=1000 enabled=1
wdt: MEDIA max_stale_ms=0 deadline_ms=500 enabled=1
ctr s=0000000170 u=0000173842 t=0000004520 e=0000003705 p=0000001852 d=0000000022 c=0000001058 o=0000000000                   
usb-audio: streaming rate=48000Hz ch=2 bits=16 measured=95630 B/s (96808 bytes / 1012ms)
frame 4621: render=44748us blit=17855uatr pc0=10002981 b0=00008747 pc1=100029a1 b1=00005585 pc2=10002913 b2=00005406                                                
s total=62655us
usb-pump: packets=9877 log_drops=120675 report_dt_us=1012392
usb-pump-race: pump_ticks_run=173678 sof_isr=1736drn c=00004622 s=00000000 z=00002207 bd=0000073941 bp=0000074839 dr=0000120675                                                
03
usb-sof-2ap: sof_streaming=16983 got=9877 miss_avail=1327 miss_unavail=5779 hw_unavail=7282
usb-audio-fix: fb_done=16929
usb-audio-okx: rx_bytes_total=1897188 rx_short_packets=201
usb-pump-logring: backlog_hwm=8188
a2dp: codec=LDAC bitrate=990000 fill=228/4608 ovr_frames=0 und=427 report_dt_us=1012392
a2dp: enc_max_us=1762 pkt_sent=1852 pkt_fail=0 misaligned=0
a2dp: tick_count=4520 worst_tick_interval_us=12561 enc_frames_total=3705
a2dp: frames_per_packet=1 credit_clamped_samples=1954079 credit_clamp_events=4511 flush_frames=0 resync_drops=0 fill_ema=617 fill_min=12
a2dp: stop_credit=1058 stop_queue_full=0 stop_ring_empty=427 stop_dwell=22 fill_short_read=0
a2dp: payloads_sealed=1852 tx_depth_max=1 grants=1852 spurious_grants=0 dwell_max_us=7043
wdt: USB_TIMER max_stale_ms=0 deadline_ms=100 enabled=1
wdt: USB_TASK max_stale_ms=0 deadline_ms=250 enabled=1
wdt: BTSTACK max_stale_ms=64 deadline_ms=1000 enabled=1
wdt: MEDIA max_stale_ms=0 deadline_ms=500 enabled=1
ctr s=0000000171 u=0000174852 t=0000004610 e=0000003894 p=0000001947 d=0000000022 c=0000001113 o=0000000000                   
usb-audio: streaming rate=48000Hz ch=2 bits=16 measured=96069 B/s (97004 bytes / 1009ms)
usb-pump: packets=10382 log_drops=1206atr pc0=10002981 b0=00008884 pc1=100029a1 b1=00005679 pc2=10002913 b2=00005495                                                
75 report_dt_us=1009667
usb-pump-race: pump_ticks_run=174687 sof_isr=174612
usb-sof-2ap: sof_streaming=17992 got=10381 miss_avdrn c=00004638 s=00000000 z=00002207 bd=0000075190 bp=0000076034 dr=0000120675                                                
ail=1327 miss_unavail=6284 hw_unavail=7787
usb-audio-fix: fb_done=17937
usb-audio-okx: rx_bytes_total=1994192 rx_short_packets=212
usb-pump-logring: backlog_hwm=8188
a2dp: codec=LDAC bitrate=990000 fill=464/4608 ovr_frames=0 und=462 report_dt_us=1009667
a2dp: enc_max_us=1762 pkt_sent=1947 pkt_fail=0 misaligned=0
a2dp: tick_count=4610 worst_tick_interval_us=12561 enc_frames_total=3894
a2dp: frames_per_packet=1 credit_clamped_samples=1978363 credit_clamp_events=4601 flush_frames=0 resync_drops=0 fill_ema=652 fill_min=4
a2dp: stop_credit=1113 stop_queue_full=0 stop_ring_empty=462 stop_dwell=22 fill_short_read=0
a2dp: payloads_sealed=1947 tx_depth_max=1 grants=1947 spurious_grants=0 dwell_max_us=7043
wdt: USB_TIMER max_stale_ms=0 deadline_ms=100 enabled=1
wdt: USB_TASK max_stale_ms=0 deadline_ms=250 enabled=1
wdt: BTSTACK max_stale_ms=62 deadline_ms=1000 enabled=1
wdt: MEDIA max_stale_ms=0 deadline_ms=500 enabled=1
ctr s=0000000172 u=0000175864 t=0000004700 e=0000004084 p=0000002042 d=0000000022 c=0000001170 o=0000000000                   
usb-audio: streaming rate=48000Hz ch=2 bits=16 measured=96046 B/s (97204 bytes / 1012ms)
usb-pump: packets=10888 log_drops=1206atr pc0=10002981 b0=00009021 pc1=100029a1 b1=00005773 pc2=10002913 b2=00005584                                                
75 report_dt_us=1012049
usb-pump-race: pump_ticks_run=175698 sof_isr=175624
usb-sof-2ap: sof_streaming=19004 got=10887 miss_avdrn c=00004654 s=00000000 z=00002207 bd=0000076385 bp=0000077229 dr=0000120675                                                
ail=1327 miss_unavail=6790 hw_unavail=8293
usb-audio-fix: fb_done=18947
usb-audio-okx: rx_bytes_total=2091396 rx_short_packets=225
usb-pump-logring: backlog_hwm=8188
a2dp: codec=LDAC bitrate=990000 fill=388/4608 ovr_frames=0 und=495 report_dt_us=1012049
a2dp: enc_max_us=1768 pkt_sent=2042 pkt_fail=0 misaligned=0
a2dp: tick_count=4700 worst_tick_interval_us=12561 enc_frames_total=4084
a2dp: frames_per_packet=1 credit_clamped_samples=2002647 credit_clamp_events=4691 flush_frames=0 resync_drops=0 fill_ema=624 fill_min=0
a2dp: stop_credit=1170 stop_queue_full=0 stop_ring_empty=495 stop_dwell=22 fill_short_read=0
a2dp: payloads_sealed=2042 tx_depth_max=1 grants=2042 spurious_grants=0 dwell_max_us=7043
wdt: USB_TIMER max_stale_ms=0 deadline_ms=100 enabled=1
wdt: USB_TASK max_stale_ms=0 deadline_ms=250 enabled=1
wdt: BTSTACK max_stale_ms=74 deadline_ms=1000 enabled=1
wdt: MEDIA max_stale_ms=0 deadline_ms=500 enabled=1
ctr s=0000000173 u=0000176878 t=0000004790 e=0000004274 p=0000002137 d=0000000022 c=0000001226 o=0000000000                   
usb-audio: streaming rate=48000Hz ch=2 bits=16 measured=95896 B/s (96804 bytes / 1009ms)
usb-pump: packets=11393 log_drops=1206atr pc0=10002981 b0=00009158 pc1=100029a1 b1=00005867 pc2=10002913 b2=00005673                                                
75 report_dt_us=1009489
usb-pump-race: pump_ticks_run=176706 sof_isr=176634
usb-sof-2ap: sof_streaming=20014 got=11392 miss_avdrn c=00004670 s=00000000 z=00002207 bd=0000077580 bp=0000078424 dr=0000120675                                                
ail=1327 miss_unavail=7295 hw_unavail=8798
usb-audio-fix: fb_done=19953
usb-audio-okx: rx_bytes_total=2188392 rx_short_packets=234
usb-pump-logring: backlog_hwm=8188
a2dp: codec=LDAC bitrate=990000 fill=488/4608 ovr_frames=0 und=529 report_dt_us=1009489
a2dp: enc_max_us=1769 pkt_sent=2137 pkt_fail=0 misaligned=0
a2dp: tick_count=4790 worst_tick_interval_us=12561 enc_frames_total=4274
a2dp: frames_per_packet=1 credit_clamped_samples=2026958 credit_clamp_events=4781 flush_frames=0 resync_drops=0 fill_ema=691 fill_min=8
a2dp: stop_credit=1226 stop_queue_full=0 stop_ring_empty=529 stop_dwell=22 fill_short_read=0
a2dp: payloads_sealed=2137 tx_depth_max=1 grants=2137 spurious_grants=0 dwell_max_us=7043
wdt: USB_TIMER max_stale_ms=0 deadline_ms=100 enabled=1
wdt: USB_TASK max_stale_ms=0 deadline_ms=250 enabled=1
wdt: BTSTACK max_stale_ms=68 deadline_ms=1000 enabled=1
wdt: MEDIA max_stale_ms=0 deadline_ms=500 enabled=1
frame 4681: render=51226us blit=13476us total=64761us
ctr s=0000000174 u=0000177891 t=0000004880 e=0000004464 p=0000002232 d=0000000022 c=0000001279 o=0000000000                   
usb-audio: streaming rate=48000Hz ch=2 bits=16 measured=96098 B/s (97776 bytes / 1017ms)
usb-pump: packets=11901 log_drops=1206atr pc0=10002981 b0=00009296 pc1=100029a1 b1=00005961 pc2=10002913 b2=00005762                                                
75 report_dt_us=1017433
usb-pump-race: pump_ticks_run=177723 sof_isr=177651
usb-sof-2ap: sof_streaming=21031 got=11901 miss_avdrn c=00004686 s=00000000 z=00002207 bd=0000078830 bp=0000079675 dr=0000120675                                                
ail=1327 miss_unavail=7803 hw_unavail=9306
usb-audio-fix: fb_done=20968
usb-audio-okx: rx_bytes_total=2285976 rx_short_packets=246
usb-pump-logring: backlog_hwm=8188
a2dp: codec=LDAC bitrate=990000 fill=408/4608 ovr_frames=0 und=566 report_dt_us=1017433
a2dp: enc_max_us=1769 pkt_sent=2232 pkt_fail=0 misaligned=0
a2dp: tick_count=4880 worst_tick_interval_us=12561 enc_frames_total=4464
a2dp: frames_per_packet=1 credit_clamped_samples=2051283 credit_clamp_events=4871 flush_frames=0 resync_drops=0 fill_ema=699 fill_min=12
a2dp: stop_credit=1279 stop_queue_full=0 stop_ring_empty=566 stop_dwell=22 fill_short_read=0
a2dp: payloads_sealed=2232 tx_depth_max=1 grants=2232 spurious_grants=0 dwell_max_us=7043
wdt: USB_TIMER max_stale_ms=0 deadline_ms=100 enabled=1
wdt: USB_TASK max_stale_ms=0 deadline_ms=250 enabled=1
wdt: BTSTACK max_stale_ms=73 deadline_ms=1000 enabled=1
wdt: MEDIA max_stale_ms=0 deadline_ms=500 enabled=1
ctr s=0000000175 u=0000178909 t=0000004970 e=0000004655 p=0000002327 d=0000000022 c=0000001337 o=0000000000                   
usb-audio: streaming rate=48000Hz ch=2 bits=16 measured=96036 B/s (97772 bytes / 1018ms)
usb-pump: packets=12410 log_drops=1206atr pc0=10002981 b0=00009433 pc1=100029a1 b1=00006055 pc2=10002913 b2=00005851                                                
75 report_dt_us=1018074
usb-pump-race: pump_ticks_run=178740 sof_isr=178669
usb-sof-2ap: sof_streaming=22049 got=12409 miss_avdrn c=00004702 s=00000000 z=00002207 bd=0000080026 bp=0000080870 dr=0000120675                                                
ail=1327 miss_unavail=8313 hw_unavail=9816
usb-audio-fix: fb_done=21985
usb-audio-okx: rx_bytes_total=2383748 rx_short_packets=257
usb-pump-logring: backlog_hwm=8188
a2dp: codec=LDAC bitrate=990000 fill=388/4608 ovr_frames=0 und=598 report_dt_us=1018074
a2dp: enc_max_us=1769 pkt_sent=2327 pkt_fail=0 misaligned=0
a2dp: tick_count=4970 worst_tick_interval_us=12561 enc_frames_total=4655
a2dp: frames_per_packet=1 credit_clamped_samples=2075702 credit_clamp_events=4961 flush_frames=0 resync_drops=0 fill_ema=607 fill_min=0
a2dp: stop_credit=1337 stop_queue_full=0 stop_ring_empty=598 stop_dwell=22 fill_short_read=0
a2dp: payloads_sealed=2327 tx_depth_max=1 grants=2327 spurious_grants=0 dwell_max_us=7043
wdt: USB_TIMER max_stale_ms=0 deadline_ms=100 enabled=1
wdt: USB_TASK max_stale_ms=0 deadline_ms=250 enabled=1
wdt: BTSTACK max_stale_ms=68 deadline_ms=1000 enabled=1
wdt: MEDIA max_stale_ms=0 deadline_ms=500 enabled=1
ctr s=0000000176 u=0000179939 t=0000005062 e=0000004848 p=0000002424 d=0000000022 c=0000001393 o=0000000000                   
usb-audio: streaming rate=48000Hz ch=2 bits=16 measured=95970 B/s (98928 bytes / 1030ms)
usb-pump: packets=12925 log_drops=1206atr pc0=10002981 b0=00009571 pc1=100029a1 b1=00006149 pc2=10002913 b2=00005940                                                
75 report_dt_us=1030809
usb-pump-race: pump_ticks_run=179771 sof_isr=179700
usb-sof-2ap: sof_streaming=23080 got=12925 miss_avdrn c=00004718 s=00000000 z=00002207 bd=0000081221 bp=0000082067 dr=0000120675                                                
ail=1327 miss_unavail=8828 hw_unavail=10331
usb-audio-fix: fb_done=23015
usb-audio-okx: rx_bytes_total=2482676 rx_short_packets=269
usb-pump-logring: backlog_hwm=8188
a2dp: codec=LDAC bitrate=990000 fill=500/4608 ovr_frames=0 und=634 report_dt_us=1030809
a2dp: enc_max_us=1769 pkt_sent=2424 pkt_fail=0 misaligned=0
a2dp: tick_count=5062 worst_tick_interval_us=12561 enc_frames_total=4848
a2dp: frames_per_packet=1 credit_clamped_samples=2100473 credit_clamp_events=5053 flush_frames=0 resync_drops=0 fill_ema=626 fill_min=12
a2dp: stop_credit=1393 stop_queue_full=0 stop_ring_empty=634 stop_dwell=22 fill_short_read=0
a2dp: payloads_sealed=2424 tx_depth_max=1 grants=2424 spurious_grants=0 dwell_max_us=7043
wdt: USB_TIMER max_stale_ms=0 deadline_ms=100 enabled=1
wdt: USB_TASK max_stale_ms=0 deadline_ms=250 enabled=1
wdt: BTSTACK max_stale_ms=69 deadline_ms=1000 enabled=1
wdt: MEDIA max_stale_ms=0 deadline_ms=500 enabled=1
ctr s=0000000177 u=0000180963 t=0000005153 e=0000005039 p=0000002519 d=0000000022 c=0000001448 o=0000000000                   
usb-audio: streaming rate=48000Hz ch=2 bits=16 measured=96070 B/s (98356 bytes / 1023ms)
usb-pump: packets=13437 log_drops=1206atr pc0=10002981 b0=00009708 pc1=100029a1 b1=00006243 pc2=10002913 b2=00006030                                                
75 report_dt_us=1023792
usb-pump-race: pump_ticks_run=180795 sof_isr=180724
usb-sof-2ap: sof_streaming=24104 got=13437 miss_avdrn c=00004734 s=00000000 z=00002207 bd=0000082418 bp=0000083264 dr=0000120675                                                
ail=1327 miss_unavail=9340 hw_unavail=10843
usb-audio-fix: fb_done=24036
usb-audio-okx: rx_bytes_total=2581032 rx_short_packets=282
usb-pump-logring: backlog_hwm=8188
a2dp: codec=LDAC bitrate=990000 fill=1064/4608 ovr_frames=0 und=670 report_dt_us=1023792
a2dp: enc_max_us=1769 pkt_sent=2519 pkt_fail=0 misaligned=0
a2dp: tick_count=5153 worst_tick_interval_us=12561 enc_frames_total=5039
a2dp: frames_per_packet=1 credit_clamped_samples=2124883 credit_clamp_events=5144 flush_frames=0 resync_drops=0 fill_ema=643 fill_min=0
a2dp: stop_credit=1448 stop_queue_full=0 stop_ring_empty=670 stop_dwell=22 fill_short_read=0
a2dp: payloads_sealed=2519 tx_depth_max=1 grants=2519 spurious_grants=0 dwell_max_us=7043
wdt: USB_TIMER max_stale_ms=0 deadline_ms=100 enabled=1
wdt: USB_TASK max_stale_ms=0 deadline_ms=250 enabled=1
wdt: BTSTACK max_stale_ms=66 deadline_ms=1000 enabled=1
wdt: MEDIA max_stale_ms=0 deadline_ms=500 enabled=1
frame 4741: render=49932us blit=13477us total=63462us
ctr s=0000000178 u=0000181997 t=0000005245 e=0000005234 p=0000002617 d=0000000022 c=0000001502 o=0000000000                   
usb-audio: streaming rate=48000Hz ch=2 bits=16 measured=96097 B/s (99304 bytes / 1033ms)
usb-pump: packets=13954 log_drops=1206atr pc0=10002981 b0=00009845 pc1=100029a1 b1=00006337 pc2=10002913 b2=00006119                                                
75 report_dt_us=1033363
usb-pump-race: pump_ticks_run=181828 sof_isr=181757
usb-sof-2ap: sof_streaming=25137 got=13953 miss_avdrn c=00004750 s=00000000 z=00002207 bd=0000083670 bp=0000084515 dr=0000120675                                                
ail=1327 miss_unavail=9857 hw_unavail=11360
usb-audio-fix: fb_done=25068
usb-audio-okx: rx_bytes_total=2680336 rx_short_packets=292
usb-pump-logring: backlog_hwm=8188
a2dp: codec=LDAC bitrate=990000 fill=528/4608 ovr_frames=0 und=708 report_dt_us=1033363
a2dp: enc_max_us=1769 pkt_sent=2617 pkt_fail=0 misaligned=0
a2dp: tick_count=5245 worst_tick_interval_us=12561 enc_frames_total=5234
a2dp: frames_per_packet=1 credit_clamped_samples=2149700 credit_clamp_events=5236 flush_frames=0 resync_drops=0 fill_ema=644 fill_min=0
a2dp: stop_credit=1502 stop_queue_full=0 stop_ring_empty=708 stop_dwell=22 fill_short_read=0
a2dp: payloads_sealed=2617 tx_depth_max=1 grants=2617 spurious_grants=0 dwell_max_us=7043
wdt: USB_TIMER max_stale_ms=0 deadline_ms=100 enabled=1
wdt: USB_TASK max_stale_ms=0 deadline_ms=250 enabled=1
wdt: BTSTACK max_stale_ms=72 deadline_ms=1000 enabled=1
wdt: MEDIA max_stale_ms=0 deadline_ms=500 enabled=1
ctr s=0000000179 u=0000183014 t=0000005336 e=0000005425 p=0000002712 d=0000000022 c=0000001560 o=0000000000                   
usb-audio: streaming rate=48000Hz ch=2 bits=16 measured=95951 B/s (97576 bytes / 1016ms)
usb-pump: packets=14462 log_drops=1206atr pc0=10002981 b0=00009983 pc1=100029a1 b1=00006431 pc2=10002913 b2=00006208                                                
75 report_dt_us=1016934
usb-pump-race: pump_ticks_run=182845 sof_isr=182774
usb-sof-2ap: sof_streaming=26154 got=14462 miss_avdrn c=00004766 s=00000000 z=00002207 bd=0000084866 bp=0000085713 dr=0000120675                                                
ail=1327 miss_unavail=10365 hw_unavail=11868
usb-audio-fix: fb_done=26083
usb-audio-okx: rx_bytes_total=2777912 rx_short_packets=302
usb-pump-logring: backlog_hwm=8188
a2dp: codec=LDAC bitrate=990000 fill=312/4608 ovr_frames=0 und=741 report_dt_us=1016934
a2dp: enc_max_us=1769 pkt_sent=2712 pkt_fail=0 misaligned=0
a2dp: tick_count=5336 worst_tick_interval_us=12561 enc_frames_total=5425
a2dp: frames_per_packet=1 credit_clamped_samples=2174147 credit_clamp_events=5327 flush_frames=0 resync_drops=0 fill_ema=600 fill_min=16
a2dp: stop_credit=1560 stop_queue_full=0 stop_ring_empty=741 stop_dwell=22 fill_short_read=0
a2dp: payloads_sealed=2712 tx_depth_max=1 grants=2712 spurious_grants=0 dwell_max_us=7043
wdt: USB_TIMER max_stale_ms=0 deadline_ms=100 enabled=1
wdt: USB_TASK max_stale_ms=0 deadline_ms=250 enabled=1
wdt: BTSTACK max_stale_ms=71 deadline_ms=1000 enabled=1
wdt: MEDIA max_stale_ms=0 deadline_ms=500 enabled=1
ctr s=0000000180 u=0000184020 t=0000005426 e=0000005612 p=0000002806 d=0000000022 c=0000001614 o=0000000000                   
usb-audio: streaming rate=48000Hz ch=2 bits=16 measured=95669 B/s (96244 bytes / 1006ms)
usb-pump: packets=14963 log_drops=1206atr pc0=10002981 b0=00010120 pc1=100029a1 b1=00006525 pc2=10002913 b2=00006297                                                
75 report_dt_us=1005988
usb-pump-race: pump_ticks_run=183846 sof_isr=183780
usb-sof-2ap: sof_streaming=27160 got=14963 miss_avdrn c=00004782 s=00000000 z=00002207 bd=0000086064 bp=0000086910 dr=0000120675                                                
ail=1327 miss_unavail=10870 hw_unavail=12373
usb-audio-fix: fb_done=27084
usb-audio-okx: rx_bytes_total=2874156 rx_short_packets=315
usb-pump-logring: backlog_hwm=8188
a2dp: codec=LDAC bitrate=990000 fill=812/4608 ovr_frames=0 und=777 report_dt_us=1005988
a2dp: enc_max_us=1769 pkt_sent=2806 pkt_fail=0 misaligned=0
a2dp: tick_count=5426 worst_tick_interval_us=12561 enc_frames_total=5612
a2dp: frames_per_packet=1 credit_clamped_samples=2198314 credit_clamp_events=5417 flush_frames=0 resync_drops=0 fill_ema=629 fill_min=4
a2dp: stop_credit=1614 stop_queue_full=0 stop_ring_empty=777 stop_dwell=22 fill_short_read=0
a2dp: payloads_sealed=2806 tx_depth_max=1 grants=2806 spurious_grants=0 dwell_max_us=7043
wdt: USB_TIMER max_stale_ms=0 deadline_ms=100 enabled=1
wdt: USB_TASK max_stale_ms=0 deadline_ms=250 enabled=1
wdt: BTSTACK max_stale_ms=67 deadline_ms=1000 enabled=1
wdt: MEDIA max_stale_ms=0 deadline_ms=500 enabled=1
ctr s=0000000181 u=0000185036 t=0000005516 e=0000005803 p=0000002901 d=0000000022 c=0000001670 o=0000000000                   
usb-audio: streaming rate=48000Hz ch=2 bits=16 measured=95988 B/s (97580 bytes / 1016ms)
usb-pump: packets=15472 log_drops=1206atr pc0=10002981 b0=00010257 pc1=100029a1 b1=00006619 pc2=10002913 b2=00006386                                                
75 report_dt_us=1016637
usb-pump-race: pump_ticks_run=184863 sof_isr=184797
usb-sof-2ap: sof_streaming=28177 got=15471 miss_avdrn c=00004798 s=00000000 z=00002207 bd=0000087261 bp=0000088107 dr=0000120675                                                
ail=1327 miss_unavail=11379 hw_unavail=12882
usb-audio-fix: fb_done=28097
usb-audio-okx: rx_bytes_total=2971928 rx_short_packets=326
usb-pump-logring: backlog_hwm=8188
a2dp: codec=LDAC bitrate=990000 fill=792/4608 ovr_frames=0 und=811 report_dt_us=1016637
a2dp: enc_max_us=1769 pkt_sent=2901 pkt_fail=0 misaligned=0
a2dp: tick_count=5516 worst_tick_interval_us=12561 enc_frames_total=5803
a2dp: frames_per_packet=1 credit_clamped_samples=2222706 credit_clamp_events=5507 flush_frames=0 resync_drops=0 fill_ema=555 fill_min=0
a2dp: stop_credit=1670 stop_queue_full=0 stop_ring_empty=811 stop_dwell=22 fill_short_read=0
a2dp: payloads_sealed=2901 tx_depth_max=1 grants=2901 spurious_grants=0 dwell_max_us=7043
wdt: USB_TIMER max_stale_ms=0 deadline_ms=100 enabled=1
wdt: USB_TASK max_stale_ms=0 deadline_ms=250 enabled=1
wdt: BTSTACK max_stale_ms=68 deadline_ms=1000 enabled=1
wdt: MEDIA max_stale_ms=0 deadline_ms=500 enabled=1
frame 4801: render=53071us blit=13475us total=66590us
ctr s=0000000182 u=0000186056 t=0000005607 e=0000005994 p=0000002997 d=0000000022 c=0000001726 o=0000000000                   
usb-audio: streaming rate=48000Hz ch=2 bits=16 measured=96018 B/s (97964 bytes / 1020ms)
usb-pump: packets=15981 log_drops=1206atr pc0=10002981 b0=00010394 pc1=100029a1 b1=00006713 pc2=10002913 b2=00006475                                                
75 report_dt_us=1020214
usb-pump-race: pump_ticks_run=185882 sof_isr=185817
usb-sof-2ap: sof_streaming=29197 got=15981 miss_avdrn c=00004814 s=00000000 z=00002207 bd=0000088513 bp=0000089359 dr=0000120675                                                
ail=1327 miss_unavail=11889 hw_unavail=13392
usb-audio-fix: fb_done=29109
usb-audio-okx: rx_bytes_total=3069700 rx_short_packets=337
usb-pump-logring: backlog_hwm=8188
a2dp: codec=LDAC bitrate=990000 fill=772/4608 ovr_frames=0 und=846 report_dt_us=1020214
a2dp: enc_max_us=1769 pkt_sent=2997 pkt_fail=0 misaligned=0
a2dp: tick_count=5607 worst_tick_interval_us=12561 enc_frames_total=5994
a2dp: frames_per_packet=1 credit_clamped_samples=2247152 credit_clamp_events=5598 flush_frames=0 resync_drops=0 fill_ema=630 fill_min=4
a2dp: stop_credit=1726 stop_queue_full=0 stop_ring_empty=846 stop_dwell=22 fill_short_read=0
a2dp: payloads_sealed=2997 tx_depth_max=1 grants=2997 spurious_grants=0 dwell_max_us=7043
wdt: USB_TIMER max_stale_ms=0 deadline_ms=100 enabled=1
wdt: USB_TASK max_stale_ms=0 deadline_ms=250 enabled=1
wdt: BTSTACK max_stale_ms=66 deadline_ms=1000 enabled=1
wdt: MEDIA max_stale_ms=0 deadline_ms=500 enabled=1
ctr s=0000000183 u=0000187075 t=0000005698 e=0000006185 p=0000003092 d=0000000022 c=0000001782 o=0000000000                   
usb-audio: streaming rate=48000Hz ch=2 bits=16 measured=95833 B/s (97584 bytes / 1018ms)
usb-pump: packets=16489 log_drops=1206atr pc0=10002981 b0=00010531 pc1=100029a1 b1=00006807 pc2=10002913 b2=00006564                                                
75 report_dt_us=1018258
usb-pump-race: pump_ticks_run=186897 sof_isr=186835
usb-sof-2ap: sof_streaming=30215 got=16488 miss_avdrn c=00004830 s=00000000 z=00002207 bd=0000089710 bp=0000090556 dr=0000120675                                                
ail=1327 miss_unavail=12400 hw_unavail=13903
usb-audio-fix: fb_done=30114
usb-audio-okx: rx_bytes_total=3167284 rx_short_packets=349
usb-pump-logring: backlog_hwm=8188
a2dp: codec=LDAC bitrate=990000 fill=564/4608 ovr_frames=0 und=881 report_dt_us=1018258
a2dp: enc_max_us=1769 pkt_sent=3092 pkt_fail=0 misaligned=0
a2dp: tick_count=5698 worst_tick_interval_us=12561 enc_frames_total=6185
a2dp: frames_per_packet=1 credit_clamped_samples=2271826 credit_clamp_events=5689 flush_frames=0 resync_drops=0 fill_ema=694 fill_min=4
a2dp: stop_credit=1782 stop_queue_full=0 stop_ring_empty=881 stop_dwell=22 fill_short_read=0
a2dp: payloads_sealed=3092 tx_depth_max=1 grants=3092 spurious_grants=0 dwell_max_us=7043
wdt: USB_TIMER max_stale_ms=0 deadline_ms=100 enabled=1
wdt: USB_TASK max_stale_ms=0 deadline_ms=250 enabled=1
wdt: BTSTACK max_stale_ms=66 deadline_ms=1000 enabled=1
wdt: MEDIA max_stale_ms=0 deadline_ms=500 enabled=1
ctr s=0000000184 u=0000188115 t=0000005790 e=0000006380 p=0000003190 d=0000000022 c=0000001840 o=0000000000                   
usb-audio: streaming rate=48000Hz ch=2 bits=16 measured=95691 B/s (99512 bytes / 1039ms)
usb-pump: packets=17007 log_drops=1206atr pc0=10002981 b0=00010668 pc1=100029a1 b1=00006901 pc2=10002913 b2=00006653                                                
75 report_dt_us=1039921
usb-pump-race: pump_ticks_run=187933 sof_isr=187875
usb-sof-2ap: sof_streaming=31255 got=17007 miss_avdrn c=00004847 s=00000000 z=00002207 bd=0000090907 bp=0000091753 dr=0000120675                                                
ail=1327 miss_unavail=12921 hw_unavail=14424
usb-audio-fix: fb_done=31132
usb-audio-okx: rx_bytes_total=3266796 rx_short_packets=363
usb-pump-logring: backlog_hwm=8188
a2dp: codec=LDAC bitrate=990000 fill=236/4608 ovr_frames=0 und=915 report_dt_us=1039921
a2dp: enc_max_us=1769 pkt_sent=3190 pkt_fail=0 misaligned=0
a2dp: tick_count=5790 worst_tick_interval_us=12561 enc_frames_total=6380
a2dp: frames_per_packet=1 credit_clamped_samples=2296789 credit_clamp_events=5781 flush_frames=0 resync_drops=0 fill_ema=674 fill_min=0
a2dp: stop_credit=1840 stop_queue_full=0 stop_ring_empty=915 stop_dwell=22 fill_short_read=0
a2dp: payloads_sealed=3190 tx_depth_max=1 grants=3190 spurious_grants=0 dwell_max_us=7043
wdt: USB_TIMER max_stale_ms=0 deadline_ms=100 enabled=1
wdt: USB_TASK max_stale_ms=0 deadline_ms=250 enabled=1
wdt: BTSTACK max_stale_ms=63 deadline_ms=1000 enabled=1
wdt: MEDIA max_stale_ms=0 deadline_ms=500 enabled=1
frame 4861: render=45707us blit=17662us total=63423us
ctr s=0000000185 u=0000189144 t=0000005881 e=0000006572 p=0000003286 d=0000000022 c=0000001895 o=0000000000                   
usb-audio: streaming rate=48000Hz ch=2 bits=16 measured=96240 B/s (99120 bytes / 1029ms)
usb-pump: packets=17523 log_drops=1206atr pc0=10002981 b0=00010805 pc1=100029a1 b1=00006995 pc2=10002913 b2=00006743                                                
75 report_dt_us=1029923
usb-pump-race: pump_ticks_run=188962 sof_isr=188905
usb-sof-2ap: sof_streaming=32285 got=17522 miss_avdrn c=00004863 s=00000000 z=00002207 bd=0000092159 bp=0000093006 dr=0000120675                                                
ail=1327 miss_unavail=13436 hw_unavail=14939
usb-audio-fix: fb_done=32138
usb-audio-okx: rx_bytes_total=3365916 rx_short_packets=375
usb-pump-logring: backlog_hwm=8188
a2dp: codec=LDAC bitrate=990000 fill=1052/4608 ovr_frames=0 und=951 report_dt_us=1029923
a2dp: enc_max_us=1769 pkt_sent=3286 pkt_fail=0 misaligned=0
a2dp: tick_count=5881 worst_tick_interval_us=12561 enc_frames_total=6572
a2dp: frames_per_packet=1 credit_clamped_samples=2321372 credit_clamp_events=5872 flush_frames=0 resync_drops=0 fill_ema=627 fill_min=0
a2dp: stop_credit=1895 stop_queue_full=0 stop_ring_empty=951 stop_dwell=22 fill_short_read=0
a2dp: payloads_sealed=3286 tx_depth_max=1 grants=3286 spurious_grants=0 dwell_max_us=7043
wdt: USB_TIMER max_stale_ms=0 deadline_ms=100 enabled=1
wdt: USB_TASK max_stale_ms=0 deadline_ms=250 enabled=1
wdt: BTSTACK max_stale_ms=69 deadline_ms=1000 enabled=1
wdt: MEDIA max_stale_ms=0 deadline_ms=500 enabled=1
ctr s=0000000186 u=0000190157 t=0000005971 e=0000006763 p=0000003381 d=0000000022 c=0000001953 o=0000000000                   
usb-audio: streaming rate=48000Hz ch=2 bits=16 measured=95995 B/s (97192 bytes / 1012ms)
usb-pump: packets=18030 log_drops=1206atr pc0=10002981 b0=00010942 pc1=100029a1 b1=00007089 pc2=10002913 b2=00006832                                                
75 report_dt_us=1012477
usb-pump-race: pump_ticks_run=189973 sof_isr=189918
usb-sof-2ap: sof_streaming=33298 got=18029 miss_avdrn c=00004879 s=00000000 z=00002207 bd=0000093357 bp=0000094203 dr=0000120675                                                
ail=1327 miss_unavail=13942 hw_unavail=15445
usb-audio-fix: fb_done=33120
usb-audio-okx: rx_bytes_total=3463300 rx_short_packets=385
usb-pump-logring: backlog_hwm=8188
a2dp: codec=LDAC bitrate=990000 fill=644/4608 ovr_frames=0 und=983 report_dt_us=1012477
a2dp: enc_max_us=1769 pkt_sent=3381 pkt_fail=0 misaligned=0
a2dp: tick_count=5971 worst_tick_interval_us=12561 enc_frames_total=6763
a2dp: frames_per_packet=1 credit_clamped_samples=2345824 credit_clamp_events=5962 flush_frames=0 resync_drops=0 fill_ema=614 fill_min=0
a2dp: stop_credit=1953 stop_queue_full=0 stop_ring_empty=983 stop_dwell=22 fill_short_read=0
a2dp: payloads_sealed=3381 tx_depth_max=1 grants=3381 spurious_grants=0 dwell_max_us=7043
wdt: USB_TIMER max_stale_ms=0 deadline_ms=100 enabled=1
wdt: USB_TASK max_stale_ms=0 deadline_ms=250 enabled=1
wdt: BTSTACK max_stale_ms=64 deadline_ms=1000 enabled=1
wdt: MEDIA max_stale_ms=0 deadline_ms=500 enabled=1
ctr s=0000000187 u=0000191178 t=0000006061 e=0000006955 p=0000003477 d=0000000022 c=0000002009 o=0000000000                   
usb-audio: streaming rate=48000Hz ch=2 bits=16 measured=96284 B/s (98352 bytes / 1021ms)
usb-pump: packets=18541 log_drops=1206atr pc0=10002981 b0=00011079 pc1=100029a1 b1=00007184 pc2=10002913 b2=00006922                                                
75 report_dt_us=1021456
usb-pump-race: pump_ticks_run=190992 sof_isr=190939
usb-sof-2ap: sof_streaming=34319 got=18541 miss_avdrn c=00004895 s=00000000 z=00002207 bd=0000094554 bp=0000095402 dr=0000120675                                                
ail=1327 miss_unavail=14451 hw_unavail=15954
usb-audio-fix: fb_done=34058
usb-audio-okx: rx_bytes_total=3561460 rx_short_packets=397
usb-pump-logring: backlog_hwm=8188
a2dp: codec=LDAC bitrate=990000 fill=500/4608 ovr_frames=0 und=1017 report_dt_us=1021456
a2dp: enc_max_us=1769 pkt_sent=3477 pkt_fail=0 misaligned=0
a2dp: tick_count=6061 worst_tick_interval_us=12561 enc_frames_total=6955
a2dp: frames_per_packet=1 credit_clamped_samples=2370179 credit_clamp_events=6052 flush_frames=0 resync_drops=0 fill_ema=647 fill_min=8
a2dp: stop_credit=2009 stop_queue_full=0 stop_ring_empty=1017 stop_dwell=22 fill_short_read=0
a2dp: payloads_sealed=3477 tx_depth_max=1 grants=3477 spurious_grants=0 dwell_max_us=7043
wdt: USB_TIMER max_stale_ms=0 deadline_ms=100 enabled=1
wdt: USB_TASK max_stale_ms=0 deadline_ms=250 enabled=1
wdt: BTSTACK max_stale_ms=68 deadline_ms=1000 enabled=1
wdt: MEDIA max_stale_ms=0 deadline_ms=500 enabled=1
ctr s=0000000188 u=0000192205 t=0000006152 e=0000007148 p=0000003574 d=0000000022 c=0000002063 o=0000000000                   
usb-audio: streaming rate=48000Hz ch=2 bits=16 measured=96431 B/s (98920 bytes / 1025ms)
usb-pump: packets=19056 log_drops=1206atr pc0=10002981 b0=00011216 pc1=100029a1 b1=00007279 pc2=10002913 b2=00007012                                                
75 report_dt_us=1025810
usb-pump-race: pump_ticks_run=192016 sof_isr=191965
usb-sof-2ap: sof_streaming=35345 got=19055 miss_avdrn c=00004911 s=00000000 z=00002207 bd=0000095753 bp=0000096601 dr=0000120675                                                
ail=1327 miss_unavail=14963 hw_unavail=16466
usb-audio-fix: fb_done=34963
usb-audio-okx: rx_bytes_total=3660380 rx_short_packets=407
usb-pump-logring: backlog_hwm=8188
a2dp: codec=LDAC bitrate=990000 fill=604/4608 ovr_frames=0 und=1054 report_dt_us=1025810
a2dp: enc_max_us=1769 pkt_sent=3574 pkt_fail=0 misaligned=0
a2dp: tick_count=6152 worst_tick_interval_us=12561 enc_frames_total=7148
a2dp: frames_per_packet=1 credit_clamped_samples=2394642 credit_clamp_events=6143 flush_frames=0 resync_drops=0 fill_ema=627 fill_min=0
a2dp: stop_credit=2063 stop_queue_full=0 stop_ring_empty=1054 stop_dwell=22 fill_short_read=0
a2dp: payloads_sealed=3574 tx_depth_max=1 grants=3574 spurious_grants=0 dwell_max_us=7043
wdt: USB_TIMER max_stale_ms=0 deadline_ms=100 enabled=1
wdt: USB_TASK max_stale_ms=0 deadline_ms=250 enabled=1
wdt: BTSTACK max_stale_ms=69 deadline_ms=1000 enabled=1
wdt: MEDIA max_stale_ms=0 deadline_ms=500 enabled=1
frame 4921: render=52103us blit=13477us total=65633us
ctr s=0000000189 u=0000193245 t=0000006245 e=0000007344 p=0000003672 d=0000000022 c=0000002123 o=0000000000                   
usb-audio: streaming rate=48000Hz ch=2 bits=16 measured=96165 B/s (100072 bytes / 1040ms)
usb-pump: packets=19577 log_drops=120atr pc0=10002981 b0=00011353 pc1=100029a1 b1=00007374 pc2=10002913 b2=00007102                                                
675 report_dt_us=1040626
usb-pump-race: pump_ticks_run=193056 sof_isr=193006
usb-sof-2ap: sof_streaming=36386 got=19577 miss_adrn c=00004927 s=00000000 z=00002207 bd=0000097007 bp=0000097856 dr=0000120675                                                
vail=1327 miss_unavail=15482 hw_unavail=16985
usb-audio-fix: fb_done=35827
usb-audio-okx: rx_bytes_total=3760644 rx_short_packets=417
usb-pump-logring: backlog_hwm=8188
a2dp: codec=LDAC bitrate=990000 fill=516/4608 ovr_frames=0 und=1087 report_dt_us=1040626
a2dp: enc_max_us=1769 pkt_sent=3672 pkt_fail=0 misaligned=0
a2dp: tick_count=6245 worst_tick_interval_us=12561 enc_frames_total=7344
a2dp: frames_per_packet=1 credit_clamped_samples=2419553 credit_clamp_events=6236 flush_frames=0 resync_drops=0 fill_ema=629 fill_min=0
a2dp: stop_credit=2123 stop_queue_full=0 stop_ring_empty=1087 stop_dwell=22 fill_short_read=0
a2dp: payloads_sealed=3672 tx_depth_max=1 grants=3672 spurious_grants=0 dwell_max_us=7043
wdt: USB_TIMER max_stale_ms=0 deadline_ms=100 enabled=1
wdt: USB_TASK max_stale_ms=0 deadline_ms=250 enabled=1
wdt: BTSTACK max_stale_ms=66 deadline_ms=1000 enabled=1
wdt: MEDIA max_stale_ms=0 deadline_ms=500 enabled=1
ctr s=0000000190 u=0000194269 t=0000006337 e=0000007537 p=0000003768 d=0000000022 c=0000002180 o=0000000000                   
usb-audio: streaming rate=48000Hz ch=2 bits=16 measured=96436 B/s (98732 bytes / 1023ms)
usb-pump: packets=20091 log_drops=1206atr pc0=10002981 b0=00011490 pc1=100029a1 b1=00007469 pc2=10002913 b2=00007192                                                
75 report_dt_us=1023806
usb-pump-race: pump_ticks_run=194076 sof_isr=194029
usb-sof-2ap: sof_stdrn c=00004943 s=00000000 z=00002207 bd=0000098207 bp=0000099055 dr=0000120675                                                
reaming=37409 got=20090 miss_avail=1327 miss_unavail=15992 hw_unavail=17495
usb-audio-fix: fb_done=36617
usb-audio-okx: rx_bytes_total=3859184 rx_short_packets=428
usb-pump-logring: backlog_hwm=8188
a2dp: codec=LDAC bitrate=990000 fill=240/4608 ovr_frames=0 und=1122 report_dt_us=1023806
a2dp: enc_max_us=1769 pkt_sent=3768 pkt_fail=0 misaligned=0
a2dp: tick_count=6337 worst_tick_interval_us=12561 enc_frames_total=7537
a2dp: frames_per_packet=1 credit_clamped_samples=2444063 credit_clamp_events=6328 flush_frames=0 resync_drops=0 fill_ema=664 fill_min=4
a2dp: stop_credit=2180 stop_queue_full=0 stop_ring_empty=1122 stop_dwell=22 fill_short_read=0
a2dp: payloads_sealed=3768 tx_depth_max=1 grants=3768 spurious_grants=0 dwell_max_us=7043
wdt: USB_TIMER max_stale_ms=0 deadline_ms=100 enabled=1
wdt: USB_TASK max_stale_ms=0 deadline_ms=250 enabled=1
wdt: BTSTACK max_stale_ms=74 deadline_ms=1000 enabled=1
wdt: MEDIA max_stale_ms=0 deadline_ms=500 enabled=1
ctr s=0000000191 u=0000195326 t=0000006431 e=0000007736 p=0000003868 d=0000000022 c=0000002243 o=0000000000                   
usb-audio: streaming rate=48000Hz ch=2 bits=16 measured=96669 B/s (102184 bytes / 1057ms)
usb-pump: packets=20623 log_drops=120atr pc0=10002981 b0=00011627 pc1=100029a1 b1=00007564 pc2=10002913 b2=00007282                                                
675 report_dt_us=1057041
usb-pump-race: pump_ticks_run=195132 sof_isr=195086
usb-sof-2ap: sof_streaming=38466 got=20622 miss_adrn c=00004959 s=00000000 z=00002207 bd=0000099406 bp=0000100255 dr=0000120675                                                
vail=1327 miss_unavail=16517 hw_unavail=18020
usb-audio-fix: fb_done=37389
usb-audio-okx: rx_bytes_total=3961368 rx_short_packets=438
usb-pump-logring: backlog_hwm=8188
a2dp: codec=LDAC bitrate=990000 fill=536/4608 ovr_frames=0 und=1153 report_dt_us=1057041
a2dp: enc_max_us=1769 pkt_sent=3868 pkt_fail=0 misaligned=0
a2dp: tick_count=6431 worst_tick_interval_us=12561 enc_frames_total=7736
a2dp: frames_per_packet=1 credit_clamped_samples=2469247 credit_clamp_events=6422 flush_frames=0 resync_drops=0 fill_ema=645 fill_min=4
a2dp: stop_credit=2243 stop_queue_full=0 stop_ring_empty=1153 stop_dwell=22 fill_short_read=0
a2dp: payloads_sealed=3868 tx_depth_max=1 grants=3868 spurious_grants=0 dwell_max_us=7043
wdt: USB_TIMER max_stale_ms=0 deadline_ms=100 enabled=1
wdt: USB_TASK max_stale_ms=0 deadline_ms=250 enabled=1
wdt: BTSTACK max_stale_ms=74 deadline_ms=1000 enabled=1
wdt: MEDIA max_stale_ms=0 deadline_ms=500 enabled=1
ctr s=0000000192 u=0000196330 t=0000006520 e=0000007926 p=0000003963 d=0000000022 c=0000002301 o=0000000000                   
usb-audio: streaming rate=48000Hz ch=2 bits=16 measured=96588 B/s (97012 bytes / 1004ms)
usb-pump: packets=21129 log_drops=120675 report_dt_us=1004517
usb-pump-race: pump_ticks_run=196130 sof_isr=196091
usb-sof-2ap: sof_streaming=39471 got=21128 miss_avail=1327 miss_unavail=17016 hw_unavail=18519
usb-audio-fix: fb_done=38115
usb-audio-okx: rx_bytes_total=4058572 rx_short_packeatr pc0=10002981 b0=00011765 pc1=100029a1 b1=00007659 pc2=10002913 b2=00007372                                                
ts=451
usb-pump-logring: backlog_hwm=8188
a2dp: codec=LDAC bitrate=990000 fill=460/4608 ovr_frames=0 und=1184 report_dt_us=100drn c=00004976 s=00000000 z=00002207 bd=0000100862 bp=0000101455 dr=0000120675                                                
4517
a2dp: enc_max_us=1769 pkt_sent=3963 pkt_fail=0 misaligned=0
a2dp: tick_count=6520 worst_tick_interval_us=12561 enc_frames_total=7926
a2dp: frames_per_packet=1 credit_clamped_samples=2493149 credit_clamp_events=6511 flush_frames=0 resync_drops=0 fill_ema=645 fill_min=36
a2dp: stop_credit=2301 stop_queue_full=0 stop_ring_empty=1184 stop_dwell=22 fill_short_read=0
a2dp: payloads_sealed=3963 tx_depth_max=1 grants=3963 spurious_grants=0 dwell_max_us=7043
wdt: USB_TIMER max_stale_ms=0 deadline_ms=100 enabled=1
wdt: USB_TASK max_stale_ms=0 deadline_ms=250 enabled=1
wdt: BTSTACK max_stale_ms=67 deadline_ms=1000 enabled=1
wdt: MEDIA max_stale_ms=0 deadline_ms=500 enabled=1
frame 4981: render=52415us blit=13476us total=65935us
ctr s=0000000193 u=0000197389 t=0000006614 e=0000008127 p=0000004063 d=0000000022 c=0000002361 o=0000000000                   
usb-audio: streaming rate=48000Hz ch=2 bits=16 measured=97824 B/s (103548 bytes / 1058ms)
usb-pump: packets=21667 log_drops=120atr pc0=10002981 b0=00011902 pc1=100029a1 b1=00007754 pc2=10002913 b2=00007462                                                
675 report_dt_us=1058372
usb-pump-race: pump_ticks_run=197187 sof_isr=197149
usb-sof-2ap: sof_streaming=40529 got=21666 miss_adrn c=00004992 s=00000000 z=00002207 bd=0000101861 bp=0000102710 dr=0000120675                                                
vail=1327 miss_unavail=17536 hw_unavail=19039
usb-audio-fix: fb_done=38859
usb-audio-okx: rx_bytes_total=4161928 rx_short_packets=466
usb-pump-logring: backlog_hwm=8188
a2dp: codec=LDAC bitrate=990000 fill=904/4608 ovr_frames=0 und=1218 report_dt_us=1058372
a2dp: enc_max_us=1769 pkt_sent=4063 pkt_fail=0 misaligned=0
a2dp: tick_count=6614 worst_tick_interval_us=12561 enc_frames_total=8127
a2dp: frames_per_packet=1 credit_clamped_samples=2518079 credit_clamp_events=6605 flush_frames=0 resync_drops=0 fill_ema=646 fill_min=8
a2dp: stop_credit=2361 stop_queue_full=0 stop_ring_empty=1218 stop_dwell=22 fill_short_read=0
a2dp: payloads_sealed=4063 tx_depth_max=1 grants=4063 spurious_grants=0 dwell_max_us=7043
wdt: USB_TIMER max_stale_ms=0 deadline_ms=100 enabled=1
wdt: USB_TASK max_stale_ms=0 deadline_ms=250 enabled=1
wdt: BTSTACK max_stale_ms=67 deadline_ms=1000 enabled=1
wdt: MEDIA max_stale_ms=0 deadline_ms=500 enabled=1
ctr s=0000000194 u=0000198432 t=0000006707 e=0000008329 p=0000004164 d=0000000022 c=0000002423 o=0000000000                   
usb-audio: streaming rate=48000Hz ch=2 bits=16 measured=98842 B/s (103152 bytes / 1043ms)
usb-pump: packets=22204 log_drops=120atr pc0=10002981 b0=00012040 pc1=100029a1 b1=00007849 pc2=10002913 b2=00007552                                                
675 report_dt_us=1043607
usb-pump-race: pump_ticks_run=198231 sof_isr=198193
usb-sof-2ap: sof_streaming=41573 got=22204 miss_adrn c=00005008 s=00000000 z=00002207 bd=0000103061 bp=0000103911 dr=0000120675                                                
vail=1327 miss_unavail=18042 hw_unavail=19545
usb-audio-fix: fb_done=39582
usb-audio-okx: rx_bytes_total=4265080 rx_short_packets=478
usb-pump-logring: backlog_hwm=8188
a2dp: codec=LDAC bitrate=990000 fill=632/4608 ovr_frames=0 und=1249 report_dt_us=1043607
a2dp: enc_max_us=1769 pkt_sent=4164 pkt_fail=0 misaligned=0
a2dp: tick_count=6707 worst_tick_interval_us=12561 enc_frames_total=8329
a2dp: frames_per_packet=1 credit_clamped_samples=2542441 credit_clamp_events=6698 flush_frames=0 resync_drops=0 fill_ema=585 fill_min=16
a2dp: stop_credit=2423 stop_queue_full=0 stop_ring_empty=1249 stop_dwell=22 fill_short_read=0
a2dp: payloads_sealed=4164 tx_depth_max=1 grants=4164 spurious_grants=0 dwell_max_us=7043
wdt: USB_TIMER max_stale_ms=0 deadline_ms=100 enabled=1
wdt: USB_TASK max_stale_ms=0 deadline_ms=250 enabled=1
wdt: BTSTACK max_stale_ms=72 deadline_ms=1000 enabled=1
wdt: MEDIA max_stale_ms=0 deadline_ms=500 enabled=1
ctr s=0000000195 u=0000199470 t=0000006799 e=0000008529 p=0000004264 d=0000000022 c=0000002485 o=0000000000                   
usb-audio: streaming rate=48000Hz ch=2 bits=16 measured=99388 B/s (103128 bytes / 1037ms)
usb-pump: packets=22741 log_drops=120atr pc0=10002981 b0=00012177 pc1=100029a1 b1=00007944 pc2=10002913 b2=00007643                                                
675 report_dt_us=1037618
usb-pump-race: pump_ticks_run=199265 sof_isr=199230
usb-sof-2ap: sof_streaming=42611 got=22741 miss_adrn c=00005024 s=00000000 z=00002207 bd=0000104262 bp=0000105112 dr=0000120675                                                
vail=1327 miss_unavail=18543 hw_unavail=20046
usb-audio-fix: fb_done=40286
usb-audio-okx: rx_bytes_total=4368208 rx_short_packets=484
usb-pump-logring: backlog_hwm=8188
a2dp: codec=LDAC bitrate=990000 fill=1360/4608 ovr_frames=0 und=1279 report_dt_us=1037618
a2dp: enc_max_us=1769 pkt_sent=4264 pkt_fail=0 misaligned=0
a2dp: tick_count=6799 worst_tick_interval_us=12561 enc_frames_total=8529
a2dp: frames_per_packet=1 credit_clamped_samples=2566348 credit_clamp_events=6790 flush_frames=0 resync_drops=0 fill_ema=682 fill_min=0
a2dp: stop_credit=2485 stop_queue_full=0 stop_ring_empty=1279 stop_dwell=22 fill_short_read=0
a2dp: payloads_sealed=4264 tx_depth_max=1 grants=4264 spurious_grants=0 dwell_max_us=7043
wdt: USB_TIMER max_stale_ms=0 deadline_ms=100 enabled=1
wdt: USB_TASK max_stale_ms=0 deadline_ms=250 enabled=1
wdt: BTSTACK max_stale_ms=71 deadline_ms=1000 enabled=1
wdt: MEDIA max_stale_ms=0 deadline_ms=500 enabled=1
ctr s=0000000196 u=0000200533 t=0000006894 e=0000008736 p=0000004368 d=0000000022 c=0000002554 o=0000000000                   
usb-audio: streaming rate=48000Hz ch=2 bits=16 measured=98990 B/s (105256 bytes / 1063ms)
usb-pump: packets=23289 log_drops=120atr pc0=10002981 b0=00012315 pc1=100029a1 b1=00008039 pc2=10002913 b2=00007733                                                
675 report_dt_us=1063363
usb-pump-race: pump_ticks_run=200329 sof_isr=200294
usb-sof-2ap: sof_streaming=43674 got=23289 miss_adrn c=00005040 s=00000000 z=00002207 bd=0000105463 bp=0000106313 dr=0000120675                                                
vail=1327 miss_unavail=19058 hw_unavail=20561
usb-audio-fix: fb_done=40989
usb-audio-okx: rx_bytes_total=4473464 rx_short_packets=494
usb-pump-logring: backlog_hwm=8188
a2dp: codec=LDAC bitrate=990000 fill=632/4608 ovr_frames=0 und=1305 report_dt_us=1063363
a2dp: enc_max_us=1769 pkt_sent=4368 pkt_fail=0 misaligned=0
a2dp: tick_count=6894 worst_tick_interval_us=12561 enc_frames_total=8736
a2dp: frames_per_packet=1 credit_clamped_samples=2591177 credit_clamp_events=6885 flush_frames=0 resync_drops=0 fill_ema=736 fill_min=16
a2dp: stop_credit=2554 stop_queue_full=0 stop_ring_empty=1305 stop_dwell=22 fill_short_read=0
a2dp: payloads_sealed=4368 tx_depth_max=1 grants=4368 spurious_grants=0 dwell_max_us=7043
wdt: USB_TIMER max_stale_ms=0 deadline_ms=100 enabled=1
wdt: USB_TASK max_stale_ms=0 deadline_ms=250 enabled=1
wdt: BTSTACK max_stale_ms=67 deadline_ms=1000 enabled=1
wdt: MEDIA max_stale_ms=0 deadline_ms=500 enabled=1
frame 5041: render=54834us blit=13502us total=68388us
ctr s=0000000197 u=0000201571 t=0000006987 e=0000008940 p=0000004470 d=0000000022 c=0000002617 o=0000000000                   
usb-audio: streaming rate=48000Hz ch=2 bits=16 measured=100445 B/s (104296 bytes / 1038ms)
usb-pump: packets=23832 log_drops=12atr pc0=10002981 b0=00012452 pc1=100029a1 b1=00008134 pc2=10002913 b2=00007823                                                
0675 report_dt_us=1038266
usb-pump-race: pump_ticks_run=201367 sof_isr=201332
usb-sof-2ap: sof_streaming=44712 got=23831 miss_drn c=00005056 s=00000000 z=00002207 bd=0000106719 bp=0000107569 dr=0000120675                                                
avail=1327 miss_unavail=19554 hw_unavail=21057
usb-audio-fix: fb_done=41673
usb-audio-okx: rx_bytes_total=4577760 rx_short_packets=504
usb-pump-logring: backlog_hwm=8188
a2dp: codec=LDAC bitrate=990000 fill=480/4608 ovr_frames=0 und=1335 report_dt_us=1038266
a2dp: enc_max_us=1769 pkt_sent=4470 pkt_fail=0 misaligned=0
a2dp: tick_count=6987 worst_tick_interval_us=12561 enc_frames_total=8940
a2dp: frames_per_packet=1 credit_clamped_samples=2615025 credit_clamp_events=6978 flush_frames=0 resync_drops=0 fill_ema=596 fill_min=8
a2dp: stop_credit=2617 stop_queue_full=0 stop_ring_empty=1335 stop_dwell=22 fill_short_read=0
a2dp: payloads_sealed=4470 tx_depth_max=1 grants=4470 spurious_grants=0 dwell_max_us=7043
wdt: USB_TIMER max_stale_ms=0 deadline_ms=100 enabled=1
wdt: USB_TASK max_stale_ms=0 deadline_ms=250 enabled=1
wdt: BTSTACK max_stale_ms=65 deadline_ms=1000 enabled=1
wdt: MEDIA max_stale_ms=0 deadline_ms=500 enabled=1
ctr s=0000000198 u=0000202621 t=0000007080 e=0000009148 p=0000004574 d=0000000022 c=0000002676 o=0000000000                   
usb-audio: streaming rate=48000Hz ch=2 bits=16 measured=101602 B/s (106616 bytes / 1049ms)
usb-pump: packets=24387 log_drops=12atr pc0=10002981 b0=00012589 pc1=100029a1 b1=00008229 pc2=10002913 b2=00007913                                                
0675 report_dt_us=1049331
usb-pump-race: pump_ticks_run=202416 sof_isr=202381
usb-sof-2ap: sof_streaming=45761 got=24386 miss_drn c=00005072 s=00000000 z=00002207 bd=0000107920 bp=0000108770 dr=0000120675                                                
avail=1327 miss_unavail=20048 hw_unavail=21551
usb-audio-fix: fb_done=42363
usb-audio-okx: rx_bytes_total=4684376 rx_short_packets=518
usb-pump-logring: backlog_hwm=8188
a2dp: codec=LDAC bitrate=990000 fill=600/4608 ovr_frames=0 und=1369 report_dt_us=1049331
a2dp: enc_max_us=1769 pkt_sent=4574 pkt_fail=0 misaligned=0
a2dp: tick_count=7080 worst_tick_interval_us=12561 enc_frames_total=9148
a2dp: frames_per_packet=1 credit_clamped_samples=2638657 credit_clamp_events=7071 flush_frames=0 resync_drops=0 fill_ema=712 fill_min=0
a2dp: stop_credit=2676 stop_queue_full=0 stop_ring_empty=1369 stop_dwell=22 fill_short_read=0
a2dp: payloads_sealed=4574 tx_depth_max=1 grants=4574 spurious_grants=0 dwell_max_us=7043
wdt: USB_TIMER max_stale_ms=0 deadline_ms=100 enabled=1
wdt: USB_TASK max_stale_ms=0 deadline_ms=250 enabled=1
wdt: BTSTACK max_stale_ms=67 deadline_ms=1000 enabled=1
wdt: MEDIA max_stale_ms=0 deadline_ms=500 enabled=1
ctr s=0000000199 u=0000203681 t=0000007174 e=0000009358 p=0000004679 d=0000000022 c=0000002741 o=0000000000                   
usb-audio: streaming rate=48000Hz ch=2 bits=16 measured=101430 B/s (107572 bytes / 1060ms)
usb-pump: packets=24947 log_drops=12atr pc0=10002981 b0=00012726 pc1=100029a1 b1=00008324 pc2=10002913 b2=00008003                                                
0675 report_dt_us=1060560
usb-pump-race: pump_ticks_run=203475 sof_isr=203442
usb-sof-2ap: sof_streaming=46822 got=24947 miss_drn c=00005088 s=00000000 z=00002207 bd=0000109121 bp=0000109971 dr=0000120675                                                
avail=1327 miss_unavail=20548 hw_unavail=22051
usb-audio-fix: fb_done=43045
usb-audio-okx: rx_bytes_total=4791948 rx_short_packets=531
usb-pump-logring: backlog_hwm=8188
a2dp: codec=LDAC bitrate=990000 fill=652/4608 ovr_frames=0 und=1398 report_dt_us=1060560
a2dp: enc_max_us=1769 pkt_sent=4679 pkt_fail=0 misaligned=0
a2dp: tick_count=7174 worst_tick_interval_us=12561 enc_frames_total=9358
a2dp: frames_per_packet=1 credit_clamped_samples=2662666 credit_clamp_events=7165 flush_frames=0 resync_drops=0 fill_ema=685 fill_min=0
a2dp: stop_credit=2741 stop_queue_full=0 stop_ring_empty=1398 stop_dwell=22 fill_short_read=0
a2dp: payloads_sealed=4679 tx_depth_max=1 grants=4679 spurious_grants=0 dwell_max_us=7043
wdt: USB_TIMER max_stale_ms=0 deadline_ms=100 enabled=1
wdt: USB_TASK max_stale_ms=0 deadline_ms=250 enabled=1
wdt: BTSTACK max_stale_ms=74 deadline_ms=1000 enabled=1
wdt: MEDIA max_stale_ms=0 deadline_ms=500 enabled=1
frame 5101: render=55341us blit=13475us total=68872us
ctr s=0000000200 u=0000204686 t=0000007263 e=0000009561 p=0000004780 d=0000000022 c=0000002802 o=0000000000                   
usb-audio: streaming rate=48000Hz ch=2 bits=16 measured=103787 B/s (104308 bytes / 1005ms)
usb-pump: packets=25490 log_drops=12atr pc0=10002981 b0=00012864 pc1=100029a1 b1=00008419 pc2=10002913 b2=00008094                                                
0675 report_dt_us=1005018
usb-pump-race: pump_ticks_run=204479 sof_isr=204447
usb-sof-2ap: sof_streaming=47827 got=25490 miss_drn c=00005103 s=00000000 z=00002207 bd=0000110377 bp=0000111229 dr=0000120675                                                
avail=1327 miss_unavail=21010 hw_unavail=22513
usb-audio-fix: fb_done=43687
usb-audio-okx: rx_bytes_total=4896256 rx_short_packets=544
usb-pump-logring: backlog_hwm=8188
a2dp: codec=LDAC bitrate=990000 fill=1024/4608 ovr_frames=0 und=1426 report_dt_us=1005018
a2dp: enc_max_us=1769 pkt_sent=4780 pkt_fail=0 misaligned=0
a2dp: tick_count=7263 worst_tick_interval_us=12561 enc_frames_total=9561
a2dp: frames_per_packet=1 credit_clamped_samples=2684733 credit_clamp_events=7254 flush_frames=0 resync_drops=0 fill_ema=748 fill_min=20
a2dp: stop_credit=2802 stop_queue_full=0 stop_ring_empty=1426 stop_dwell=22 fill_short_read=0
a2dp: payloads_sealed=4780 tx_depth_max=1 grants=4780 spurious_grants=0 dwell_max_us=7043
wdt: USB_TIMER max_stale_ms=0 deadline_ms=100 enabled=1
wdt: USB_TASK max_stale_ms=0 deadline_ms=250 enabled=1
wdt: BTSTACK max_stale_ms=69 deadline_ms=1000 enabled=1
wdt: MEDIA max_stale_ms=0 deadline_ms=500 enabled=1
ctr s=0000000201 u=0000205716 t=0000007355 e=0000009779 p=0000004889 d=0000000022 c=0000002878 o=0000000000                   
usb-audio: streaming rate=48000Hz ch=2 bits=16 measured=108058 B/s (111220 bytes / 1029ms)
usb-pump: packets=26069 log_drops=12atr pc0=10002981 b0=00013001 pc1=100029a1 b1=00008514 pc2=10002913 b2=00008184                                                
0675 report_dt_us=1029243
usb-pump-race: pump_ticks_run=205507 sof_isr=205476
usb-sof-2ap: sof_streaming=48856 got=26068 miss_drn c=00005118 s=00000000 z=00002207 bd=0000111580 bp=0000112430 dr=0000120675                                                
avail=1327 miss_unavail=21461 hw_unavail=22964
usb-audio-fix: fb_done=44351
usb-audio-okx: rx_bytes_total=5007476 rx_short_packets=557
usb-pump-logring: backlog_hwm=8188
a2dp: codec=LDAC bitrate=990000 fill=628/4608 ovr_frames=0 und=1442 report_dt_us=1029243
a2dp: enc_max_us=1769 pkt_sent=4889 pkt_fail=0 misaligned=0
a2dp: tick_count=7355 worst_tick_interval_us=12561 enc_frames_total=9779
a2dp: frames_per_packet=1 credit_clamped_samples=2706565 credit_clamp_events=7346 flush_frames=0 resync_drops=0 fill_ema=677 fill_min=0
a2dp: stop_credit=2878 stop_queue_full=0 stop_ring_empty=1442 stop_dwell=22 fill_short_read=0
a2dp: payloads_sealed=4889 tx_depth_max=1 grants=4889 spurious_grants=0 dwell_max_us=7043
wdt: USB_TIMER max_stale_ms=0 deadline_ms=100 enabled=1
wdt: USB_TASK max_stale_ms=0 deadline_ms=250 enabled=1
wdt: BTSTACK max_stale_ms=69 deadline_ms=1000 enabled=1
wdt: MEDIA max_stale_ms=0 deadline_ms=500 enabled=1
ctr s=0000000202 u=0000206790 t=0000007451 e=0000010019 p=0000005009 d=0000000022 c=0000002961 o=0000000000                   
usb-audio: streaming rate=48000Hz ch=2 bits=16 measured=114239 B/s (122172 bytes / 1069ms)
usb-pump: packets=26705 log_drops=12atr pc0=10002981 b0=00013139 pc1=100029a1 b1=00008609 pc2=10002913 b2=00008274                                                
0675 report_dt_us=1069506
usb-pump-race: pump_ticks_run=206576 sof_isr=206546
usb-sof-2ap: sof_streaming=49926 got=26705 miss_drn c=00005132 s=00000000 z=00002207 bd=0000112653 bp=0000113633 dr=0000120675                                                
avail=1327 miss_unavail=21894 hw_unavail=23397
usb-audio-fix: fb_done=45053
usb-audio-okx: rx_bytes_total=5129648 rx_short_packets=572
usb-pump-logring: backlog_hwm=8188
a2dp: codec=LDAC bitrate=990000 fill=496/4608 ovr_frames=0 und=1455 report_dt_us=1069506
a2dp: enc_max_us=1769 pkt_sent=5009 pkt_fail=0 misaligned=0
a2dp: tick_count=7451 worst_tick_interval_us=12561 enc_frames_total=10019
a2dp: frames_per_packet=1 credit_clamped_samples=2727419 credit_clamp_events=7442 flush_frames=0 resync_drops=0 fill_ema=829 fill_min=28
a2dp: stop_credit=2961 stop_queue_full=0 stop_ring_empty=1455 stop_dwell=22 fill_short_read=0
a2dp: payloads_sealed=5009 tx_depth_max=1 grants=5009 spurious_grants=0 dwell_max_us=7043
wdt: USB_TIMER max_stale_ms=0 deadline_ms=100 enabled=1
wdt: USB_TASK max_stale_ms=0 deadline_ms=250 enabled=1
wdt: BTSTACK max_stale_ms=75 deadline_ms=1000 enabled=1
wdt: MEDIA max_stale_ms=0 deadline_ms=500 enabled=1
ctr s=0000000203 u=0000207867 t=0000007547 e=0000010288 p=0000005144 d=0000000023 c=0000003053 o=0000000000                   
usb-audio: streaming rate=48000Hz ch=2 bits=16 measured=127955 B/s (137728 bytes / 1076ms)
usb-pump: packets=27422 log_drops=12atr pc0=10002981 b0=00013278 pc1=100029a1 b1=00008704 pc2=100036f3 b2=00008364                                                
0675 report_dt_us=1076307
usb-pump-race: pump_ticks_run=207657 sof_isr=207628
usb-sof-2ap: sof_streaming=51008 got=27426 miss_drn c=00005145 s=00000000 z=00002207 bd=0000113856 bp=0000115117 dr=0000120675                                                
avail=1327 miss_unavail=22255 hw_unavail=23758
usb-audio-fix: fb_done=45820
usb-audio-okx: rx_bytes_total=5268336 rx_short_packets=588
usb-pump-logring: backlog_hwm=8188
a2dp: codec=LDAC bitrate=990000 fill=880/4608 ovr_frames=0 und=1458 report_dt_us=1076307
a2dp: enc_max_us=1810 pkt_sent=5144 pkt_fail=0 misaligned=0
a2dp: tick_count=7547 worst_tick_interval_us=12561 enc_frames_total=10288
a2dp: frames_per_packet=1 credit_clamped_samples=2744641 credit_clamp_events=7538 flush_frames=0 resync_drops=0 fill_ema=915 fill_min=132
a2dp: stop_credit=3053 stop_queue_full=0 stop_ring_empty=1458 stop_dwell=23 fill_short_read=0
a2dp: WARNING stop_dwell rose by 1 this report window (total=23) -- the dwell-safety backstop tripped; encode is NOT finishing inside its credit budget and pl_a2dp_fill is being force-stopped by PL_A2DP_MAX_ENCODE_DWELL_US, not by the credit clock. See a2dp.c:609's doc comment.
a2dp: payloads_sealed=5144 tx_depth_max=1 grants=5144 spurious_grants=0 dwell_max_us=7043
wdt: USB_TIMER max_stale_ms=0 deadline_ms=100 enabled=1
wdt: USB_TASK max_stale_ms=0 deadline_ms=250 enabled=1
wdt: BTSTACK max_stale_ms=85 deadline_ms=1000 enabled=1
wdt: MEDIA max_stale_ms=0 deadline_ms=500 enabled=1
ctr s=0000000204 u=0000208913 t=0000007640 e=0000010588 p=0000005294 d=0000000025 c=0000003144 o=0000000000                   
usb-audio: streaming rate=48000Hz ch=2 bits=16 measured=147393 B/s (155008 bytes / 1051ms)
usb-pump: packets=28229 log_drops=12atr pc0=10002981 b0=00013418 pc1=100029a1 b1=00008799 pc2=100036f3 b2=00008460                                                
0675 report_dt_us=1051725
usb-pump-race: pump_ticks_run=208702 sof_isr=208674
usb-sof-2ap: sof_streaming=52054 got=28229 miss_drn c=00005155 s=00000000 z=00002207 bd=0000115340 bp=0000116603 dr=0000120675                                                
avail=1327 miss_unavail=22498 hw_unavail=24001
usb-audio-fix: fb_done=46642
usb-audio-okx: rx_bytes_total=5422384 rx_short_packets=604
usb-pump-logring: backlog_hwm=8188
a2dp: codec=LDAC bitrate=990000 fill=1328/4608 ovr_frames=0 und=1458 report_dt_us=1051725
a2dp: enc_max_us=1810 pkt_sent=5294 pkt_fail=0 misaligned=0
a2dp: tick_count=7640 worst_tick_interval_us=12561 enc_frames_total=10588
a2dp: frames_per_packet=1 credit_clamped_samples=2756328 credit_clamp_events=7627 flush_frames=0 resync_drops=0 fill_ema=1135 fill_min=196
a2dp: stop_credit=3144 stop_queue_full=0 stop_ring_empty=1458 stop_dwell=25 fill_short_read=0
a2dp: WARNING stop_dwell rose by 2 this report window (total=25) -- the dwell-safety backstop tripped; encode is NOT finishing inside its credit budget and pl_a2dp_fill is being force-stopped by PL_A2DP_MAX_ENCODE_DWELL_US, not by the credit clock. See a2dp.c:609's doc comment.
a2dp: payloads_sealed=5294 tx_depth_max=1 grants=5294 spurious_grants=0 dwell_max_us=7043
wdt: USB_TIMER max_stale_ms=0 deadline_ms=100 enabled=1
wdt: USB_TASK max_stale_ms=0 deadline_ms=250 enabled=1
wdt: BTSTACK max_stale_ms=79 deadline_ms=1000 enabled=1
wdt: MEDIA max_stale_ms=0 deadline_ms=500 enabled=1
frame 5161: render=128235us blit=22022us total=150412us
ctr s=0000000205 u=0000210055 t=0000007741 e=0000010961 p=0000005480 d=0000000032 c=0000003238 o=0000000000                   
usb-audio: streaming rate=48000Hz ch=2 bits=16 measured=167173 B/s (190920 bytes / 1142ms)
usb-pump: packets=29224 log_drops=12atr pc0=10002981 b0=00013558 pc1=100029a1 b1=00008894 pc2=100036f3 b2=00008556                                                
0675 report_dt_us=1142138
usb-pump-race: pump_ticks_run=209844 sof_isr=209816
usb-sof-2ap: sof_streaming=53196 got=29223 miss_drn c=00005163 s=00000000 z=00002207 bd=0000116883 bp=0000118146 dr=0000120675                                                
avail=1327 miss_unavail=22646 hw_unavail=24149
usb-audio-fix: fb_done=47643
usb-audio-okx: rx_bytes_total=5613496 rx_short_packets=622
usb-pump-logring: backlog_hwm=8188
a2dp: codec=LDAC bitrate=990000 fill=1464/4608 ovr_frames=0 und=1458 report_dt_us=1142138
a2dp: enc_max_us=1810 pkt_sent=5480 pkt_fail=0 misaligned=0
a2dp: tick_count=7741 worst_tick_interval_us=12561 enc_frames_total=10961
a2dp: frames_per_packet=1 credit_clamped_samples=2763418 credit_clamp_events=7716 flush_frames=0 resync_drops=0 fill_ema=1332 fill_min=532
a2dp: stop_credit=3238 stop_queue_full=0 stop_ring_empty=1458 stop_dwell=32 fill_short_read=0
a2dp: WARNING stop_dwell rose by 7 this report window (total=32) -- the dwell-safety backstop tripped; encode is NOT finishing inside its credit budget and pl_a2dp_fill is being force-stopped by PL_A2DP_MAX_ENCODE_DWELL_US, not by the credit clock. See a2dp.c:ctr s=0000000206 u=0000211061 t=0000007831 e=0000011303 p=0000005651 d=0000000036 c=0000003324 o=0000000000                   
609's doc comment.
a2dp: payloads_sealed=5480 tx_depth_max=1 grants=5480 spurious_grants=0 dwell_max_us=7158
wdt: USB_TIMER maatr pc0=10002981 b0=00013698 pc1=100029a1 b1=00008989 pc2=100036f3 b2=00008652                                                
x_stale_ms=0 deadline_ms=100 enabled=1
wdt: USB_TASK max_stale_ms=0 deadline_ms=250 enabled=1
wdt: BTSTACK max_stale_ms=0 deaddrn c=00005169 s=00000000 z=00002207 bd=0000118035 bp=0000119631 dr=0000120675                                                
line_ms=1000 enabled=1
wdt: MEDIA max_stale_ms=0 deadline_ms=500 enabled=1
usb-audio: streaming rate=48000Hz ch=2 bits=16 measured=174144 B/s (175164 bytes / 1005ms)
usb-pump: packets=30136 log_drops=120675 report_dt_us=1005848
usb-pump-race: pump_ticks_run=210849 sof_isr=210822
usb-sof-2ap: sof_streaming=54202 got=30135 miss_avail=1327 miss_unavail=22740 hw_unavail=24243
usb-audio-fix: fb_done=48558
usb-audio-okx: rx_bytes_total=5788660 rx_short_packets=637
usb-pump-logring: backlog_hwm=8188
a2dp: codec=LDAC bitrate=990000 fill=1524/4608 ovr_frames=0 und=1458 report_dt_us=1005848
a2dp: enc_max_us=1810 pkt_sent=5651 pkt_fail=0 misaligned=0
a2dp: tick_count=7831 worst_tick_interval_us=12561 enc_frames_total=11303
a2dp: frames_per_packet=1 credit_clamped_samples=2767905 credit_clamp_events=7789 flush_frames=0 resync_drops=0 fill_ema=1446 fill_min=648
a2dp: stop_credit=3324ctr s=0000000207 u=0000212250 t=0000007937 e=0000011722 p=0000005861 d=0000000045 c=0000003421 o=0000000000                   
 stop_queue_full=0 stop_ring_empty=1458 stop_dwell=36 fill_short_read=0
a2dp: WARNING stop_dwell rose by 4 this report window (atr pc0=10002981 b0=00013838 pc1=100029a1 b1=00009084 pc2=100036f3 b2=00008748                                                
total=36) -- the dwell-safety backstop tripped; encode is NOT finishing inside its credit budget and pl_a2dp_fill is being forcedrn c=00005175 s=00000000 z=00002207 bd=0000119187 bp=0000121116 dr=0000120675                                                
-stopped by PL_A2DP_MAX_ENCODE_DWELL_US, not by the credit clock. See a2dp.c:609's doc comment.
a2dp: payloads_sealed=5651 tx_depth_max=1 grants=5651 spurious_grants=0 dwell_max_us=7160
wdt: USB_TIMER max_stale_ms=0 deadline_ms=100 enabled=1
wdt: USB_TASK max_stale_ms=0 deadline_ms=250 enabled=1
wdt: BTSTACK max_stale_ms=0 deadline_ms=1000 enabled=1
wdt: MEDIA max_stale_ms=0 deadline_ms=500 enabled=1
usb-audio: streaming rate=48000Hz ch=2 bits=16 measured=180577 B/s (214732 bytes / 1189ms)
usb-pump: packets=31254 log_drops=120675 report_dt_us=1189193
usb-pump-race: pump_ticks_run=212038 sof_isr=212011
usb-sof-2ap: sof_streactr s=0000000208 u=0000213252 t=0000008026 e=0000012079 p=0000006039 d=0000000055 c=0000003500 o=0000000000                   
ming=55391 got=31253 miss_avail=1327 miss_unavail=22811 hw_unavail=24314
usb-audio-fix: fb_done=49679
usb-audio-okx: rx_bytes_atr pc0=10002981 b0=00013978 pc1=100029a1 b1=00009179 pc2=100036f3 b2=00008844                                                
total=6003392 rx_short_packets=656
usb-pump-logring: backlog_hwm=8188
a2dp: codec=LDAC bitrate=990000 fill=1728/4608 ovr_framedrn c=00005181 s=00000000 z=00002207 bd=0000120211 bp=0000122602 dr=0000120675                                                
s=0 und=1458 report_dt_us=1189193
a2dp: enc_max_us=1810 pkt_sent=5861 pkt_fail=0 misaligned=0
a2dp: tick_count=7937 worst_tick_interval_us=12561 enc_frames_total=11722
a2dp: frames_per_packet=1 credit_clamped_samples=2771319 credit_clamp_events=7860 flush_frames=0 resync_drops=0 fill_ema=1640 fill_min=712
a2dp: stop_credit=3421 stop_queue_full=0 stop_ring_empty=1458 stop_dwell=45 fill_short_read=0
a2dp: WARNING stop_dwell rose by 9 this report window (total=45) -- the dwell-safety backstop tripped; encode is NOT finishing inside its credit budget and pl_a2dp_fill is being force-stopped by PL_A2DP_MAX_ENCODE_DWELL_US, not by thectr s=0000000209 u=0000214367 t=0000008124 e=0000012482 p=0000006241 d=0000000068 c=0000003585 o=0000000000                   
 credit clock. See a2dp.c:609's doc comment.
a2dp: payloads_sealed=5861 tx_depth_max=1 grants=5861 spurious_grants=0 dwell_max_atr pc0=10002981 b0=00014118 pc1=100029a1 b1=00009274 pc2=100036f3 b2=00008940                                                
us=7160
wdt: USB_TIMER max_stale_ms=0 deadline_ms=100 enabled=1
wdt: USB_TASK max_stale_ms=0 deadline_ms=250 enabled=1
wdt: Bdrn c=00005186 s=00000000 z=00002207 bd=0000121107 bp=0000124088 dr=0000120675                                                
TSTACK max_stale_ms=0 deadline_ms=1000 enabled=1
wdt: MEDIA max_stale_ms=0 deadline_ms=500 enabled=1
usb-audio: streaming rate=48000Hz ch=2 bits=16 measured=182459 B/s (182852 bytes / 1002ms)
usb-pump: packets=32205 log_drops=120675 report_dt_us=1001963
usb-pump-race: pump_ticks_run=213037 sof_isr=213013
usb-sof-2ap: sof_streaming=56393 got=32204 miss_avail=1327 miss_unavail=22862 hw_unavail=24365
usb-audio-fix: fb_done=50630
usb-audio-okx: rx_bytes_total=6186052 rx_short_packets=673
usb-pump-logring: backlog_hwm=8188
a2dp: codec=LDAC bitrate=990000 fill=1604/4608 ovr_frames=0 und=1458 report_dt_us=1001963
a2dp: enc_max_usctr s=0000000210 u=0000215502 t=0000008224 e=0000012894 p=0000006447 d=0000000084 c=0000003669 o=0000000000                   
=1810 pkt_sent=6039 pkt_fail=0 misaligned=0
a2dp: tick_count=8026 worst_tick_interval_us=12735 enc_frames_total=12079
a2dp: fratr pc0=10002981 b0=00014258 pc1=100029a1 b1=00009369 pc2=100036f3 b2=00009036                                                
ames_per_packet=1 credit_clamped_samples=2773745 credit_clamp_events=7916 flush_frames=0 resync_drops=0 fill_ema=1522 fill_min=7drn c=00005191 s=00000000 z=00002207 bd=0000122003 bp=0000125574 dr=0000120675                                                
08
a2dp: stop_credit=3500 stop_queue_full=0 stop_ring_empty=1458 stop_dwell=55 fill_short_read=0
a2dp: WARNING stop_dwell rose by 10 this report window (total=55) -- the dwell-safety backstop tripped; encode is NOT finishing inside its credit budget and pl_a2dp_fill is being force-stopped by PL_A2DP_MAX_ENCODE_DWELL_US, not by the credit clock. See a2dp.c:609's doc comment.
a2dp: payloads_sealed=6039 tx_depth_max=1 grants=6039 spurious_grants=0 dwell_max_us=7177
wdt: USB_TIMER max_stale_ms=0 deadline_ms=100 enabled=1
wdt: USB_TASK max_stale_ms=0 deadline_ms=250 enabled=1
wdt: BTSTACK max_stale_ms=0 deadline_ms=1000 enabled=1
ctr s=0000000211 u=0000216664 t=0000008327 e=0000013321 p=0000006660 d=0000000102 c=0000003754 o=0000000000                   
wdt: MEDIA max_stale_ms=0 deadline_ms=500 enabled=1
usb-audio: streaming rate=48000Hz ch=2 bits=16 measured=atr pc0=10002981 b0=00014398 pc1=100029a1 b1=00009465 pc2=100036f3 b2=00009132                                                
185086 B/s (206276 bytes / 1114ms)
usb-pump: packets=33279 log_drops=120675 report_dt_us=1114473
usb-pump-race: pump_ticks_rundrn c=00005196 s=00000000 z=00002207 bd=0000122880 bp=0000127062 dr=0000120675                                                
=214151 sof_isr=214127
usb-sof-2ap: sof_streaming=57508 got=33279 miss_avail=1327 miss_unavail=22902 hw_unavail=24405
usb-audio-fix: fb_done=51704
usb-audio-okx: rx_bytes_total=6392328 rx_short_packets=690
usb-pump-logring: backlog_hwm=8188
a2dp: codec=LDAC bitrate=990000 fill=1544/4608 ovr_frames=0 und=1458 report_dt_us=1114473
a2dp: enc_max_us=1810 pkt_sent=6241 pkt_fail=0 ctr s=0000000212 u=0000217756 t=0000008424 e=0000013731 p=0000006865 d=0000000124 c=0000003829 o=0000000000                   
misaligned=0
a2dp: tick_count=8124 worst_tick_interval_us=13251 enc_frames_total=12482
a2dp: frames_per_packet=1 credit_clampeatr pc0=10002981 b0=00014539 pc1=100029a1 b1=00009561 pc2=100036f3 b2=00009228                                                
d_samples=2775649 credit_clamp_events=7961 flush_frames=0 resync_drops=0 fill_ema=1589 fill_min=480
a2dp: stop_credit=3585 stopdrn c=00005200 s=00000000 z=00002207 bd=0000123520 bp=0000128551 dr=0000120675                                                
_queue_full=0 stop_ring_empty=1458 stop_dwell=68 fill_short_read=0
a2dp: WARNING stop_dwell rose by 13 this report window (total=68) -- the dwell-safety backstop tripped; encode is NOT finishing inside its credit budget and pl_a2dp_fill is being force-stopped by PL_A2DP_MAX_ENCODE_DWELL_US, not by the credit clock. See a2dp.c:609's doc comment.
a2dp: payloads_sealed=6241 tx_depth_max=4 grants=6241 spurious_grants=0 dwell_max_us=7177
wdt: USB_TIMER max_stale_ms=0 deadline_ms=100 enabled=1
wdt: USB_TASK max_stale_ms=0 deadline_ms=250 enabled=1
wdt: BTSTACK max_stale_ms=0 deadline_ms=1000 enabled=1
wdt: MEDIA max_stale_ms=0 deadlctr s=0000000213 u=0000218932 t=0000008529 e=0000014172 p=0000007086 d=0000000145 c=0000003913 o=0000000000                   
ine_ms=500 enabled=1
usb-audio: streaming rate=48000Hz ch=2 bits=16 measured=185749 B/s (210888 bytes / 1135ms)
usb-pump: packatr pc0=10002981 b0=00014679 pc1=100029a1 b1=00009657 pc2=100036f3 b2=00009324                                                
ets=34378 log_drops=120675 report_dt_us=1135488
usb-pump-race: pump_ticks_run=215287 sof_isr=215263
usb-sof-2ap: sof_streamingdrn c=00005205 s=00000000 z=00002207 bd=0000124416 bp=0000130039 dr=0000120675                                                
=58643 got=34377 miss_avail=1327 miss_unavail=22939 hw_unavail=24442
usb-audio-fix: fb_done=52803
usb-audio-okx: rx_bytes_total=6603408 rx_short_packets=708
usb-pump-logring: backlog_hwm=8188
a2dp: codec=LDAC bitrate=990000 fill=1680/4608 ovr_frames=0 und=1458 report_dt_us=1135488
a2dp: enc_max_us=1810 pkt_sent=6447 pkt_fail=0 misaligned=0
a2dp: tick_count=8224 worst_tick_intctr s=0000000214 u=0000220002 t=0000008624 e=0000014573 p=0000007286 d=0000000167 c=0000003986 o=0000000000                   
erval_us=13251 enc_frames_total=12894
a2dp: frames_per_packet=1 credit_clamped_samples=2777416 credit_clamp_events=8008 flush_fatr pc0=10002981 b0=00014819 pc1=100029a1 b1=00009753 pc2=100036f3 b2=00009420                                                
rames=0 resync_drops=0 fill_ema=1637 fill_min=720
a2dp: stop_credit=3669 stop_queue_full=0 stop_ring_empty=1458 stop_dwell=84 fdrn c=00005209 s=00000000 z=00002207 bd=0000125056 bp=0000131527 dr=0000120675                                                
ill_short_read=0
a2dp: WARNING stop_dwell rose by 16 this report window (total=84) -- the dwell-safety backstop tripped; encode is NOT finishing inside its credit budget and pl_a2dp_fill is being force-stopped by PL_A2DP_MAX_ENCODE_DWELL_US, not by the credit clock. See a2dp.c:609's doc comment.
a2dp: payloads_sealed=6447 tx_depth_max=4 grants=6447 spurious_grants=0 dwell_max_us=ctr s=0000000215 u=0000221015 t=0000008714 e=0000014953 p=0000007476 d=0000000187 c=0000004056 o=0000000000                   
7177
wdt: USB_TIMER max_stale_ms=0 deadline_ms=100 enabled=1
wdt: USB_TASK max_stale_ms=0 deadline_ms=250 enabled=1
wdt: BTSTatr pc0=10002981 b0=00014959 pc1=100029a1 b1=00009849 pc2=100036f3 b2=00009516                                                
ACK max_stale_ms=0 deadline_ms=1000 enabled=1
wdt: MEDIA max_stale_ms=0 deadline_ms=500 enabled=1
usb-audio: streaming rate=48drn c=00005213 s=00000000 z=00002207 bd=0000125696 bp=0000133015 dr=0000120675                                                
000Hz ch=2 bits=16 measured=188492 B/s (218948 bytes / 1161ms)
usb-pump: packets=35517 log_drops=120675 report_dt_us=1161414
usb-pump-race: pump_ticks_run=216445 sof_isr=216424
usb-sof-2ap: sof_streaming=59804 got=35516 miss_avail=1327 miss_unavail=22961 hw_unavail=24464
usb-audio-fix: fb_done=53942
usb-audio-okx: rx_bytes_total=6822164 rx_short_packets=725
usb-pump-logring: ctr s=0000000216 u=0000222088 t=0000008809 e=0000015355 p=0000007677 d=0000000211 c=0000004127 o=0000000000                   
backlog_hwm=8188
a2dp: codec=LDAC bitrate=990000 fill=1812/4608 ovr_frames=0 und=1458 report_dt_us=1161414
a2dp: enc_max_us=18atr pc0=10002981 b0=00015100 pc1=100029a1 b1=00009945 pc2=100036f3 b2=00009612                                                
10 pkt_sent=6660 pkt_fail=0 misaligned=0
a2dp: tick_count=8327 worst_tick_interval_us=13251 enc_frames_total=13321
a2dp: framedrn c=00005217 s=00000000 z=00002207 bd=0000126336 bp=0000134222 dr=0000120957                                                
s_per_packet=1 credit_clamped_samples=2778455 credit_clamp_events=8040 flush_frames=0 resync_drops=0 fill_ema=1650 fill_min=724
a2dp: stop_credit=3754 stop_queue_full=0 stop_ring_empty=1458 stop_dwell=102 fill_short_read=0
a2dp: WARNING stop_dwell rose by 18 this report window (total=102) -- the dwell-safety backstop tripped; encode is NOT finishing inside its credit budget and pctr s=0000000217 u=0000223182 t=0000008906 e=0000015765 p=0000007882 d=0000000233 c=0000004202 o=0000000000                   
l_a2dp_fill is being force-stopped by PL_A2DP_MAX_ENCODE_DWELL_US, not by the credit clock. See a2dp.c:609's doc comment.
a2dp:atr pc0=10002981 b0=00015100 pc1=100029a1 b1=00009945 pc2=100036f3 b2=00009708                                                
 payloads_sealed=6660 tx_depth_max=4 grants=6660 spurious_grants=0 dwell_max_us=7177
wdt: USB_TIMER max_stale_ms=0 deadline_ms=drn c=00005221 s=00000000 z=00002207 bd=0000126976 bp=0000135083 dr=0000121641                                                
100 enabled=1
wdt: USB_TASK max_stale_ms=0 deadline_ms=250 enabled=1
wdt: BTSTACK max_stale_ms=0 deadline_ms=1000 enabled=1
wdt: MEDIA max_stale_ms=0 deadline_ms=500 enabled=1
usb-audio: streaming rate=48000Hz ch=2 bits=16 measured=191857 B/s (209540 bytes / 1092ms)
usb-pump: packets=36608 log_drops=120675 report_dt_us=1092166
usb-pump-race: pump_ticks_run=217537 sof_isr=2175ctr s=0000000218 u=0000224212 t=0000008997 e=0000016151 p=0000008075 d=0000000255 c=0000004271 o=0000000000                   
17
usb-sof-2ap: sof_streaming=60897 got=36608 miss_avail=1327 miss_unavail=22962 hw_unavail=24465
usb-audio-fix: fb_done=55033atr pc0=10002981 b0=00015100 pc1=100029a1 b1=00009945 pc2=100036f3 b2=00009804                                                

usb-audio-okx: rx_bytes_total=7031896 rx_short_packets=742
usb-pump-logring: backlog_hwm=8188
a2dp: codec=LDAC bitrate=99000drn c=00005225 s=00000000 z=00002207 bd=0000127616 bp=0000135675 dr=0000122538                                                
0 fill=1624/4608 ovr_frames=0 und=1458 report_dt_us=1092166
a2dp: enc_max_us=1810 pkt_sent=6865 pkt_fail=0 misaligned=0
a2dp: tick_count=8424 worst_tick_interval_us=13251 enc_frames_total=13731
a2dp: frames_per_packet=1 credit_clamped_samples=2778493 credit_clamp_events=8044 flush_frames=0 resync_drops=0 fill_ema=1665 fill_min=1072
a2dp: stop_credit=3829 stop_queue_full=0 stop_ctr s=0000000219 u=0000225309 t=0000009094 e=0000016562 p=0000008281 d=0000000279 c=0000004344 o=0000000000                   
ring_empty=1458 stop_dwell=124 fill_short_read=0
a2dp: WARNING stop_dwell rose by 22 this report window (total=124) -- the dwelatr pc0=10002981 b0=00015100 pc1=100029a1 b1=00009945 pc2=100036f3 b2=00009900                                                
l-safety backstop tripped; encode is NOT finishing inside its credit budget and pl_a2dp_fill is being force-stopped by PL_A2DP_Mdrn c=00005229 s=00000000 z=00002207 bd=0000128256 bp=0000136291 dr=0000123410                                                
AX_ENCODE_DWELL_US, not by the credit clock. See a2dp.c:609's doc comment.
a2dp: payloads_sealed=6865 tx_depth_max=4 grants=6865 spurious_grants=0 dwell_max_us=7177
wdt: USB_TIMER max_stale_ms=0 deadline_ms=100 enabled=1
wdt: USB_TASK max_stale_ms=0 deadline_ms=250 enabled=1
wdt: BTSTACK max_stale_ms=0 deadline_ms=1000 enabled=1
wdt: MEDIA max_stale_ms=0 deadline_ms=500 enablectr s=0000000220 u=0000226371 t=0000009188 e=0000016960 p=0000008480 d=0000000301 c=0000004416 o=0000000000                   
d=1
usb-audio: streaming rate=48000Hz ch=2 bits=16 measured=192046 B/s (223944 bytes / 1166ms)
usb-pump: packets=37774 log_droatr pc0=10002981 b0=00015100 pc1=100036f3 b1=00009996 pc2=100029a1 b2=00009945                                                
ps=120675 report_dt_us=1166127
usb-pump-race: pump_ticks_run=218704 sof_isr=218683
usb-sof-2ap: sof_streaming=62063 got=37774 drn c=00005233 s=00000000 z=00002207 bd=0000128896 bp=0000136943 dr=0000124247                                                
miss_avail=1327 miss_unavail=22962 hw_unavail=24465
usb-audio-fix: fb_done=56200
usb-audio-okx: rx_bytes_total=7255840 rx_short_packets=760
usb-pump-logring: backlog_hwm=8188
a2dp: codec=LDAC bitrate=990000 fill=1824/4608 ovr_frames=0 und=1458 report_dt_us=1166127
a2dp: enc_max_us=1810 pkt_sent=7084 pkt_fail=0 misaligned=0
a2dp: tick_count=8528 worst_tick_interval_us=13251 enctr s=0000000221 u=0000227410 t=0000009280 e=0000017350 p=0000008675 d=0000000323 c=0000004486 o=0000000000                   
c_frames_total=14168
a2dp: frames_per_packet=1 credit_clamped_samples=2778493 credit_clamp_events=8044 flush_frames=0 resync_dratr pc0=10002981 b0=00015100 pc1=100036f3 b1=00010092 pc2=100029a1 b2=00009945                                                
ops=0 fill_ema=1747 fill_min=996
a2dp: stop_credit=3913 stop_queue_full=0 stop_ring_empty=1458 stop_dwell=145 fill_short_read=0drn c=00005237 s=00000000 z=00002207 bd=0000129536 bp=0000137595 dr=0000125084                                                

a2dp: WARNING stop_dwell rose by 21 this report window (total=145) -- the dwell-safety backstop tripped; encode is NOT finishing inside its credit budget and pl_a2dp_fill is being force-stopped by PL_A2DP_MAX_ENCODE_DWELL_US, not by the credit clock. See a2dp.c:609's doc comment.
a2dp: payloads_sealed=7086 tx_depth_max=4 grants=7086 spurious_grants=0 dwell_max_us=7177
wdt: USB_ctr s=0000000222 u=0000228453 t=0000009372 e=0000017741 p=0000008870 d=0000000346 c=0000004555 o=0000000000                   
TIMER max_stale_ms=0 deadline_ms=100 enabled=1
wdt: USB_TASK max_stale_ms=0 deadline_ms=250 enabled=1
wdt: BTSTACK max_stale_matr pc0=10002981 b0=00015100 pc1=100036f3 b1=00010188 pc2=100029a1 b2=00009945                                                
s=0 deadline_ms=1000 enabled=1
wdt: MEDIA max_stale_ms=0 deadline_ms=500 enabled=1
usb-audio: streaming rate=48000Hz ch=2 bitsdrn c=00005241 s=00000000 z=00002207 bd=0000130176 bp=0000138211 dr=0000125956                                                
=16 measured=191942 B/s (205312 bytes / 1069ms)
usb-pump: packets=38843 log_drops=120675 report_dt_us=1069637
usb-pump-race: pump_ticks_run=219772 sof_isr=219752
usb-sof-2ap: sof_streaming=63132 got=38842 miss_avail=1327 miss_unavail=22963 hw_unavail=24466
usb-audio-fix: fb_done=57268
usb-audio-okx: rx_bytes_total=7460960 rx_short_packets=776
usb-pump-logring: backlog_hwm=818ctr s=0000000223 u=0000229503 t=0000009465 e=0000018135 p=0000009067 d=0000000368 c=0000004626 o=0000000000                   
8
a2dp: codec=LDAC bitrate=990000 fill=1632/4608 ovr_frames=0 und=1458 report_dt_us=1069637
a2dp: enc_max_us=1810 pkt_sent=728atr pc0=10002981 b0=00015100 pc1=100036f3 b1=00010284 pc2=100029a1 b2=00009945                                                
4 pkt_fail=0 misaligned=0
a2dp: tick_count=8623 worst_tick_interval_us=13251 enc_frames_total=14569
a2dp: frames_per_packet=1 drn c=00005245 s=00000000 z=00002207 bd=0000130816 bp=0000138863 dr=0000126793                                                
credit_clamped_samples=2778514 credit_clamp_events=8048 flush_frames=0 resync_drops=0 fill_ema=1667 fill_min=984
a2dp: stop_credit=3985 stop_queue_full=0 stop_ring_empty=1458 stop_dwell=167 fill_short_read=0
a2dp: WARNING stop_dwell rose by 22 this report window (total=167) -- the dwell-safety backstop tripped; encode is NOT finishing inside its credit budget and pl_a2dp_fill is ctr s=0000000224 u=0000230573 t=0000009560 e=0000018536 p=0000009268 d=0000000389 c=0000004700 o=0000000000                   
being force-stopped by PL_A2DP_MAX_ENCODE_DWELL_US, not by the credit clock. See a2dp.c:609's doc comment.
a2dp: payloads_sealeatr pc0=10002981 b0=00015100 pc1=100036f3 b1=00010380 pc2=100029a1 b2=00009945                                                
d=7284 tx_depth_max=4 grants=7284 spurious_grants=0 dwell_max_us=7177
wdt: USB_TIMER max_stale_ms=0 deadline_ms=100 enabled=1
drn c=00005249 s=00000000 z=00002207 bd=0000131456 bp=0000139515 dr=0000127630                                                
wdt: USB_TASK max_stale_ms=0 deadline_ms=250 enabled=1
wdt: BTSTACK max_stale_ms=0 deadline_ms=1000 enabled=1
wdt: MEDIA max_stale_ms=0 deadline_ms=500 enabled=1
usb-audio: streaming rate=48000Hz ch=2 bits=16 measured=191987 B/s (196476 bytes / 1023ms)
usb-pump: packets=39867 log_drops=120675 report_dt_us=1023521
usb-pump-race: pump_ticks_run=220796 sof_isr=220776
usb-sof-2apctr s=0000000225 u=0000231634 t=0000009654 e=0000018934 p=0000009467 d=0000000411 c=0000004772 o=0000000000                   
: sof_streaming=64156 got=39866 miss_avail=1327 miss_unavail=22963 hw_unavail=24466
usb-audio-fix: fb_done=58292
usb-audio-okxatr pc0=10002981 b0=00015100 pc1=100036f3 b1=00010476 pc2=100029a1 b2=00009945                                                
: rx_bytes_total=7657628 rx_short_packets=791
usb-pump-logring: backlog_hwm=8188
a2dp: codec=LDAC bitrate=990000 fill=1692/460drn c=00005253 s=00000000 z=00002207 bd=0000132096 bp=0000140131 dr=0000128502                                                
8 ovr_frames=0 und=1458 report_dt_us=1023521
a2dp: enc_max_us=1810 pkt_sent=7476 pkt_fail=0 misaligned=0
a2dp: tick_count=8714 worst_tick_interval_us=13251 enc_frames_total=14953
a2dp: frames_per_packet=1 credit_clamped_samples=2778514 credit_clamp_events=8048 flush_frames=0 resync_drops=0 fill_ema=1747 fill_min=688
a2dp: stop_credit=4056 stop_queue_full=0 stop_ring_empty=1458 ctr s=0000000226 u=0000232727 t=0000009751 e=0000019344 p=0000009672 d=0000000434 c=0000004846 o=0000000000                   
stop_dwell=187 fill_short_read=0
a2dp: WARNING stop_dwell rose by 20 this report window (total=187) -- the dwell-safety backstoatr pc0=10002981 b0=00015100 pc1=100036f3 b1=00010572 pc2=100029a1 b2=00009945                                                
p tripped; encode is NOT finishing inside its credit budget and pl_a2dp_fill is being force-stopped by PL_A2DP_MAX_ENCODE_DWELL_drn c=00005257 s=00000000 z=00002207 bd=0000132736 bp=0000140783 dr=0000129339                                                
US, not by the credit clock. See a2dp.c:609's doc comment.
a2dp: payloads_sealed=7476 tx_depth_max=4 grants=7476 spurious_grants=0 dwell_max_us=7177
wdt: USB_TIMER max_stale_ms=0 deadline_ms=100 enabled=1
wdt: USB_TASK max_stale_ms=0 deadline_ms=250 enabled=1
wdt: BTSTACK max_stale_ms=0 deadline_ms=1000 enabled=1
wdt: MEDIA max_stale_ms=0 deadline_ms=500 enabled=1
usb-audio: ctr s=0000000227 u=0000233779 t=0000009844 e=0000019738 p=0000009869 d=0000000456 c=0000004917 o=0000000000                   
streaming rate=48000Hz ch=2 bits=16 measured=192115 B/s (204352 bytes / 1063ms)
usb-pump: packets=40930 log_drops=120675 reportatr pc0=10002981 b0=00015100 pc1=100036f3 b1=00010668 pc2=100029a1 b2=00009945                                                
_dt_us=1063555
usb-pump-race: pump_ticks_run=221859 sof_isr=221839
usb-sof-2ap: sof_streaming=65219 got=40929 miss_avail=1327 drn c=00005261 s=00000000 z=00002207 bd=0000133376 bp=0000141436 dr=0000130176                                                
miss_unavail=22963 hw_unavail=24466
usb-audio-fix: fb_done=59355
usb-audio-okx: rx_bytes_total=7861788 rx_short_packets=807
usb-pump-logring: backlog_hwm=8188
a2dp: codec=LDAC bitrate=990000 fill=2076/4608 ovr_frames=0 und=1458 report_dt_us=1063555
a2dp: enc_max_us=1810 pkt_sent=7675 pkt_fail=0 misaligned=0
a2dp: tick_count=8808 worst_tick_interval_us=13251 enc_frames_total=1ctr s=0000000228 u=0000234841 t=0000009938 e=0000020136 p=0000010068 d=0000000478 c=0000004989 o=0000000000                   
5351
a2dp: frames_per_packet=1 credit_clamped_samples=2778514 credit_clamp_events=8048 flush_frames=0 resync_drops=0 fill_ema=1atr pc0=10002981 b0=00015100 pc1=100036f3 b1=00010764 pc2=100029a1 b2=00009945                                                
836 fill_min=1060
a2dp: stop_credit=4126 stop_queue_full=0 stop_ring_empty=1458 stop_dwell=211 fill_short_read=0
a2dp: payloaddrn c=00005265 s=00000000 z=00002207 bd=0000134016 bp=0000142053 dr=0000131051                                                
s_sealed=7677 tx_depth_max=4 grants=7677 spurious_grants=0 dwell_max_us=7200
wdt: USB_TIMER max_stale_ms=0 deadline_ms=100 enabled=1
wdt: USB_TASK max_stale_ms=0 deadline_ms=250 enabled=1
wdt: BTSTACK max_stale_ms=0 deadline_ms=1000 enabled=1
wdt: MEDIA max_stale_ms=0 deadline_ms=500 enabled=1
usb-audio: streaming rate=48000Hz ch=2 bits=16 measured=191697 B/s (211456 bytes / 1ctr s=0000000229 u=0000235892 t=0000010031 e=0000020530 p=0000010265 d=0000000500 c=0000005060 o=0000000000                   
103ms)
usb-pump: packets=42031 log_drops=120957 report_dt_us=1103052
usb-pump-race: pump_ticks_run=222960 sof_isr=222942
usb-atr pc0=10002981 b0=00015100 pc1=100036f3 b1=00010860 pc2=100029a1 b2=00009945                                                
sof-2ap: sof_streaming=66322 got=42030 miss_avail=1327 miss_unavail=22965 hw_unavail=24468
usb-audio-fix: fb_done=60456
usb-audrn c=00005269 s=00000000 z=00002207 bd=0000134656 bp=0000142707 dr=0000131892                                                
dio-okx: rx_bytes_total=8073244 rx_short_packets=823
usb-pump-logring: backlog_hwm=8188
a2dp: codec=LDAC bitrate=990000 fill=1564/4608 ovr_frames=0 und=1458 report_dt_us=1103052
a2dp: enc_max_us=1810 pkt_sent=7882 pkt_fail=0 misaligned=0
frame 5221: render=267907us blit=22232us total=290190us
wdt: USB_TIMER max_stale_ms=0 deadline_ms=100 enabled=1
wdt: USB_TASK max_stale_ms=0ctr s=0000000230 u=0000236993 t=0000010128 e=0000020943 p=0000010471 d=0000000525 c=0000005132 o=0000000000                   
 deadline_ms=250 enabled=1
wdt: BTSTACK max_stale_ms=0 deadline_ms=1000 enabled=1
wdt: MEDIA max_stale_ms=0 deadline_ms=500 enatr pc0=10002981 b0=00015100 pc1=100036f3 b1=00010956 pc2=100029a1 b2=00009945                                                
abled=1
usb-audio: streaming rate=48000Hz ch=2 bits=16 measured=192135 B/s (198012 bytes / 1030ms)
usb-pump: packets=43062 logdrn c=00005273 s=00000000 z=00002207 bd=0000135296 bp=0000143325 dr=0000132769                                                
_drops=121641 report_dt_us=1030599
usb-pump-race: pump_ticks_run=223991 sof_isr=223973
usb-sof-2ap: sof_streaming=67353 got=43061 miss_avail=1327 miss_unavail=22965 hw_unavail=24468
usb-audio-fix: fb_done=61487
usb-pump-logring: backlog_hwm=8188
wdt: USB_TIMER max_stale_ms=0 deadline_ms=100 enabled=1
wdt: USB_TASK max_stale_ms=0 deadline_ms=250 enabled=1
wdt: BTSTACK max_stactr s=0000000231 u=0000238035 t=0000010220 e=0000021334 p=0000010667 d=0000000548 c=0000005201 o=0000000000                   
le_ms=0 deadline_ms=1000 enabled=1
wdt: MEDIA max_stale_ms=0 deadline_ms=500 enabled=1
usb-audio: streaming rate=48000Hz ch=2 atr pc0=10002981 b0=00015100 pc1=100036f3 b1=00011052 pc2=100029a1 b2=00009945                                                
bits=16 measured=191784 B/s (210308 bytes / 1096ms)
usb-pump: packets=44157 log_drops=122538 report_dt_us=1096597
usb-pump-racdrn c=00005277 s=00000000 z=00002207 bd=0000135936 bp=0000143979 dr=0000133609                                                
e: pump_ticks_run=225086 sof_isr=225070
usb-sof-2ap: sof_streaming=68450 got=44157 miss_avail=1327 miss_unavail=22966 hw_unavail=24469
usb-audio-fix: fb_done=62583
usb-audio-okx: rx_bytes_total=8481756 rx_short_packets=855
wdt: USB_TIMER max_stale_ms=0 deadline_ms=100 enabled=1
wdt: USB_TASK max_stale_ms=0 deadline_ms=250 enabled=1
wdt: BTSTACK max_stale_ms=0 deadline_ms=1000ctr s=0000000232 u=0000239131 t=0000010317 e=0000021744 p=0000010872 d=0000000571 c=0000005275 o=0000000000                   
 enabled=1
wdt: MEDIA max_stale_ms=0 deadline_ms=500 enabled=1
usb-audio: streaming rate=48000Hz ch=2 bits=16 measured=191846 atr pc0=10002981 b0=00015100 pc1=100036f3 b1=00011148 pc2=100029a1 b2=00009945                                                
B/s (203584 bytes / 1061ms)
usb-pump: packets=45218 log_drops=123410 report_dt_us=1061297
usb-pump-race: pump_ticks_run=226147drn c=00005281 s=00000000 z=00002207 bd=0000136576 bp=0000144690 dr=0000134449                                                
 sof_isr=226132
usb-sof-2ap: sof_streaming=69512 got=45218 miss_avail=1327 miss_unavail=22967 hw_unavail=24470
usb-audio-fix: fb_done=63644
usb-audio-okx: rx_bytes_total=8685532 rx_short_packets=871
usb-pump-logring: backlog_hwm=8188
wdt: USB_TIMER max_stale_ms=0 deadline_ms=100 enabled=1
wdt: USB_TASK max_stale_ms=0 deadline_ms=250 enabled=1
wdt: BTSTACK max_stale_ms=0 deadctr s=0000000233 u=0000240195 t=0000010411 e=0000022143 p=0000011071 d=0000000594 c=0000005346 o=0000000000                   
line_ms=1000 enabled=1
wdt: MEDIA max_stale_ms=0 deadline_ms=500 enabled=1
usb-audio: streaming rate=48000Hz ch=2 bits=16 measatr pc0=10002981 b0=00015100 pc1=100036f3 b1=00011244 pc2=100029a1 b2=00009945                                                
ured=192228 B/s (199740 bytes / 1039ms)
usb-pump: packets=46257 log_drops=124247 report_dt_us=1039724
usb-pump-race: pump_tickdrn c=00005285 s=00000000 z=00002207 bd=0000137216 bp=0000145246 dr=0000135387                                                
s_run=227187 sof_isr=227171
usb-sof-2ap: sof_streaming=70551 got=46257 miss_avail=1327 miss_unavail=22967 hw_unavail=24470
usb-audio-fix: fb_done=64683
usb-audio-okx: rx_bytes_total=8885080 rx_short_packets=886
usb-pump-logring: backlog_hwm=8188
wdt: USB_TIMER max_stale_ms=0 deadline_ms=100 enabled=1
wdt: USB_TASK max_stale_ms=0 deadline_ms=250 enabled=1
wdt: BTSTACK max_stactr s=0000000234 u=0000241266 t=0000010506 e=0000022544 p=0000011272 d=0000000616 c=0000005419 o=0000000000                   
le_ms=0 deadline_ms=1000 enabled=1
wdt: MEDIA max_stale_ms=0 deadline_ms=500 enabled=1
usb-audio: streaming rate=48000Hz ch=2 atr pc0=10002981 b0=00015100 pc1=100036f3 b1=00011340 pc2=100029a1 b2=00009945                                                
bits=16 measured=191748 B/s (200128 bytes / 1043ms)
usb-pump: packets=47299 log_drops=125084 report_dt_us=1042933
usb-pump-racdrn c=00005289 s=00000000 z=00002207 bd=0000137856 bp=0000145900 dr=0000136227                                                
e: pump_ticks_run=228228 sof_isr=228214
usb-sof-2ap: sof_streaming=71594 got=47299 miss_avail=1327 miss_unavail=22968 hw_unavail=24471
usb-audio-fix: fb_done=65725
usb-audio-okx: rx_bytes_total=9085208 rx_short_packets=902
wdt: USB_TIMER max_stale_ms=0 deadline_ms=100 enabled=1
wdt: USB_TASK max_stale_ms=0 deadline_ms=250 enabled=1
wdt: BTSTACK max_stale_ms=0 deadline_ms=1000ctr s=0000000235 u=0000242311 t=0000010599 e=0000022936 p=0000011468 d=0000000636 c=0000005492 o=0000000000                   
 enabled=1
wdt: MEDIA max_stale_ms=0 deadline_ms=500 enabled=1
usb-audio: streaming rate=48000Hz ch=2 bits=16 measured=192041 atr pc0=10002981 b0=00015100 pc1=100036f3 b1=00011436 pc2=100029a1 b2=00009945                                                
B/s (201664 bytes / 1050ms)
usb-pump: packets=48350 log_drops=125956 report_dt_us=1050231
usb-pump-race: pump_ticks_run=229279drn c=00005293 s=00000000 z=00002207 bd=0000138496 bp=0000146554 dr=0000137068                                                
 sof_isr=229264
usb-sof-2ap: sof_streaming=72644 got=48349 miss_avail=1327 miss_unavail=22968 hw_unavail=24471
usb-audio-fix: fb_done=66775
usb-audio-okx: rx_bytes_total=9286872 rx_short_packets=918
usb-pump-logring: backlog_hwm=8188
wdt: USB_TIMER max_stale_ms=0 deadline_ms=100 enabled=1
wdt: USB_TASK max_stale_ms=0 deadline_ms=250 enabled=1
wdt: BTSTACK max_stale_ms=0 deadctr s=0000000236 u=0000243366 t=0000010693 e=0000023332 p=0000011666 d=0000000659 c=0000005563 o=0000000000                   
line_ms=1000 enabled=1
wdt: MEDIA max_stale_ms=0 deadline_ms=500 enabled=1
usb-audio: streaming rate=48000Hz ch=2 bits=16 measatr pc0=10002981 b0=00015100 pc1=100036f3 b1=00011532 pc2=100029a1 b2=00009945                                                
ured=192036 B/s (205504 bytes / 1070ms)
usb-pump: packets=49420 log_drops=126793 report_dt_us=1070130
usb-pump-race: pump_tickdrn c=00005297 s=00000000 z=00002207 bd=0000139136 bp=0000147172 dr=0000137945                                                
s_run=230349 sof_isr=230334
usb-sof-2ap: sof_streaming=73714 got=49419 miss_avail=1327 miss_unavail=22968 hw_unavail=24471
usb-audio-fix: fb_done=67845
usb-audio-okx: rx_bytes_total=9492376 rx_short_packets=934
usb-pump-logring: backlog_hwm=8188
wdt: USB_TIMER max_stale_ms=0 deadline_ms=100 enabled=1
wdt: USB_TASK max_stale_ms=0 deadline_ms=250 enabled=1
wdt: BTSTACK max_stactr s=0000000237 u=0000244429 t=0000010787 e=0000023731 p=0000011865 d=0000000682 c=0000005634 o=0000000000                   
le_ms=0 deadline_ms=1000 enabled=1
wdt: MEDIA max_stale_ms=0 deadline_ms=500 enabled=1
usb-audio: streaming rate=48000Hz ch=2 atr pc0=10002981 b0=00015100 pc1=100036f3 b1=00011628 pc2=100029a1 b2=00009945                                                
bits=16 measured=191938 B/s (203580 bytes / 1060ms)
usb-pump: packets=50479 log_drops=127630 report_dt_us=1060520
usb-pump-racdrn c=00005301 s=00000000 z=00002207 bd=0000139776 bp=0000147826 dr=0000138785                                                
e: pump_ticks_run=231408 sof_isr=231394
usb-sof-2ap: sof_streaming=74775 got=50479 miss_avail=1327 miss_unavail=22969 hw_unavail=24472
usb-audio-fix: fb_done=68904
usb-audio-okx: rx_bytes_total=9695764 rx_short_packets=949
wdt: USB_TIMER max_stale_ms=0 deadline_ms=100 enabled=1
wdt: USB_TASK max_stale_ms=0 deadline_ms=250 enabled=1
wdt: BTSTACK max_stale_ms=0 deadline_ms=1000ctr s=0000000238 u=0000245537 t=0000010885 e=0000024146 p=0000012073 d=0000000707 c=0000005707 o=0000000000                   
 enabled=1
wdt: MEDIA max_stale_ms=0 deadline_ms=500 enabled=1
usb-audio: streaming rate=48000Hz ch=2 bits=16 measured=192001 atr pc0=10002981 b0=00015100 pc1=100036f3 b1=00011724 pc2=100029a1 b2=00009945                                                
B/s (209924 bytes / 1093ms)
usb-pump: packets=51573 log_drops=128502 report_dt_us=1093472
usb-pump-race: pump_ticks_run=232502drn c=00005305 s=00000000 z=00002207 bd=0000140416 bp=0000148480 dr=0000139626                                                
 sof_isr=232488
usb-sof-2ap: sof_streaming=75868 got=51572 miss_avail=1327 miss_unavail=22969 hw_unavail=24472
usb-audio-fix: fb_done=69998
usb-audio-okx: rx_bytes_total=9905880 rx_short_packets=966
usb-pump-logring: backlog_hwm=8188
wdt: USB_TIMER max_stale_ms=0 deadline_ms=100 enabled=1
wdt: USB_TASK max_stale_ms=0 deadline_ms=250 enabled=1
wdt: BTSTACK max_stale_ms=0 deadctr s=0000000239 u=0000246590 t=0000010978 e=0000024541 p=0000012270 d=0000000730 c=0000005777 o=0000000000                   
line_ms=1000 enabled=1
wdt: MEDIA max_stale_ms=0 deadline_ms=500 enabled=1
usb-audio: streaming rate=48000Hz ch=2 bits=16 measatr pc0=10002981 b0=00015100 pc1=100036f3 b1=00011820 pc2=100029a1 b2=00009945                                                
ured=191876 B/s (201856 bytes / 1052ms)
usb-pump: packets=52624 log_drops=129339 report_dt_us=1052007
usb-pump-race: pump_tickdrn c=00005309 s=00000000 z=00002207 bd=0000141056 bp=0000149098 dr=0000140503                                                
s_run=233553 sof_isr=233540
usb-sof-2ap: sof_streaming=76920 got=52623 miss_avail=1327 miss_unavail=22970 hw_unavail=24473
usb-audio-fix: fb_done=71049
usb-audio-okx: rx_bytes_total=10107736 rx_short_packets=982
usb-pump-logring: backlog_hwm=8188
wdt: USB_TIMER max_stale_ms=0 deadline_ms=100 enabled=1
wdt: USB_TASK max_stale_ms=0 deadline_ms=250 enabled=1
wdt: BTSTACK max_stctr s=0000000240 u=0000247652 t=0000011072 e=0000024939 p=0000012469 d=0000000752 c=0000005849 o=0000000000                   
ale_ms=0 deadline_ms=1000 enabled=1
wdt: MEDIA max_stale_ms=0 deadline_ms=500 enabled=1
usb-audio: streaming rate=48000Hz ch=2atr pc0=10002981 b0=00015100 pc1=100036f3 b1=00011916 pc2=100029a1 b2=00009945                                                
 bits=16 measured=191988 B/s (203776 bytes / 1061ms)
usb-pump: packets=53684 log_drops=130176 report_dt_us=1061271
usb-pump-radrn c=00005313 s=00000000 z=00002207 bd=0000141696 bp=0000149752 dr=0000141344                                                
ce: pump_ticks_run=234613 sof_isr=234601
usb-sof-2ap: sof_streaming=77981 got=53683 miss_avail=1327 miss_unavail=22971 hw_unavail=24474
usb-audio-fix: fb_done=72109
usb-audio-okx: rx_bytes_total=10311320 rx_short_packets=998
wdt: USB_TIMER max_stale_ms=0 deadline_ms=100 enabled=1
wdt: USB_TASK max_stale_ms=0 deadline_ms=250 enabled=1
wdt: BTSTACK max_stale_ms=0 deadline_ms=10ctr s=0000000241 u=0000248716 t=0000011167 e=0000025338 p=0000012669 d=0000000772 c=0000005924 o=0000000000                   
00 enabled=1
wdt: MEDIA max_stale_ms=0 deadline_ms=500 enabled=1
usb-audio: streaming rate=48000Hz ch=2 bits=16 measured=192024 B/s (201856 bytes / 1051ms)
usb-pump: packets=54735 log_drops=131051 report_dt_us=1051203
usb-pump-race: pump_ticks_run=235664 sof_isr=235652
usb-sof-2ap: sof_streaming=79032 got=54734 miss_avail=1327 miss_unavail=22971 hw_unavail=24474
usb-audio-fixatr pc0=10002981 b0=00015100 pc1=100036f3 b1=00012012 pc2=100029a1 b2=00009945                                                
: fb_done=73160
usb-audio-okx: rx_bytes_total=10513176 rx_short_packets=1014
usb-pump-logring: backlog_hwm=8188
wdt: USB_TIMEdrn c=00005318 s=00000000 z=00002207 bd=0000142592 bp=0000150370 dr=0000142221                                                
R max_stale_ms=0 deadline_ms=100 enabled=1
wdt: USB_TASK max_stale_ms=0 deadline_ms=250 enabled=1
wdt: BTSTACK max_stale_ms=0 deadline_ms=1000 enabled=1
wdt: MEDIA max_stale_ms=0 deadline_ms=500 enabled=1
usb-audio: streaming rate=48000Hz ch=2 bits=16 measured=191909 B/s (211264 bytes / 1100ms)
usb-pump: packets=55835 log_drops=131892 report_dt_us=1100850
usb-pump-race: pump_ctr s=0000000242 u=0000249904 t=0000011273 e=0000025783 p=0000012891 d=0000000794 c=0000006008 o=0000000000                   
ticks_run=236764 sof_isr=236753
usb-sof-2ap: sof_streaming=80133 got=55834 miss_avail=1327 miss_unavail=22972 hw_unavail=24475atr pc0=10002981 b0=00015100 pc1=100036f3 b1=00012108 pc2=100029a1 b2=00009945                                                

usb-audio-fix: fb_done=74260
usb-audio-okx: rx_bytes_total=10724440 rx_short_packets=1030
wdt: USB_TIMER max_stale_ms=0 deadldrn c=00005322 s=00000000 z=00002207 bd=0000143232 bp=0000151253 dr=0000142832                                                
ine_ms=100 enabled=1
wdt: USB_TASK max_stale_ms=0 deadline_ms=250 enabled=1
wdt: BTSTACK max_stale_ms=0 deadline_ms=1000 enabled=1
wdt: MEDIA max_stale_ms=0 deadline_ms=500 enabled=1
usb-audio: streaming rate=48000Hz ch=2 bits=16 measured=191791 B/s (199936 bytes / 1042ms)
usb-pump: packets=56877 log_drops=132769 report_dt_us=1042592
usb-pump-race: pump_ticks_run=237806 sof_ictr s=0000000243 u=0000250982 t=0000011368 e=0000026188 p=0000013094 d=0000000819 c=0000006078 o=0000000000                   
sr=237796
usb-sof-2ap: sof_streaming=81176 got=56876 miss_avail=1327 miss_unavail=22973 hw_unavail=24476
usb-audio-fix: fb_donatr pc0=10002981 b0=00015100 pc1=100036f3 b1=00012204 pc2=100029a1 b2=00009945                                                
e=75302
usb-audio-okx: rx_bytes_total=10924568 rx_short_packets=1046
usb-pump-logring: backlog_hwm=8188
wdt: USB_TIMER max_stdrn c=00005326 s=00000000 z=00002207 bd=0000143872 bp=0000151907 dr=0000143673                                                
ale_ms=0 deadline_ms=100 enabled=1
wdt: USB_TASK max_stale_ms=0 deadline_ms=250 enabled=1
wdt: BTSTACK max_stale_ms=0 deadline_ms=1000 enabled=1
wdt: MEDIA max_stale_ms=0 deadline_ms=500 enabled=1
usb-audio: streaming rate=48000Hz ch=2 bits=16 measured=191896 B/s (210112 bytes / 1094ms)
usb-pump: packets=57970 log_drops=133609 report_dt_us=1094816
usb-pump-race: pump_ticks_ructr s=0000000244 u=0000252071 t=0000011465 e=0000026596 p=0000013298 d=0000000839 c=0000006155 o=0000000000                   
n=238900 sof_isr=238891
usb-sof-2ap: sof_streaming=82272 got=57971 miss_avail=1327 miss_unavail=22974 hw_unavail=24477
usb-audatr pc0=10002981 b0=00015100 pc1=100036f3 b1=00012300 pc2=100029a1 b2=00009945                                                
io-fix: fb_done=76396
usb-audio-okx: rx_bytes_total=11134680 rx_short_packets=1062
usb-pump-logring: backlog_hwm=8188
frame 5drn c=00005330 s=00000000 z=00002207 bd=0000144512 bp=0000152561 dr=0000144514                                                
281: render=235402us blit=22431us total=257877us
wdt: USB_TIMER max_stale_ms=0 deadline_ms=100 enabled=1
wdt: USB_TASK max_stale_ms=0 deadline_ms=250 enabled=1
wdt: BTSTACK max_stale_ms=0 deadline_ms=1000 enabled=1
wdt: MEDIA max_stale_ms=0 deadline_ms=500 enabled=1
usb-audio: streaming rate=48000Hz ch=2 bits=16 measured=191857 B/s (204356 bytes / 1065ms)
usb-pump: packets=59ctr s=0000000245 u=0000253137 t=0000011559 e=0000026996 p=0000013498 d=0000000863 c=0000006225 o=0000000000                   
035 log_drops=134449 report_dt_us=1065238
usb-pump-race: pump_ticks_run=239964 sof_isr=239956
usb-sof-2ap: sof_streaming=83336atr pc0=10002981 b0=00015100 pc1=100036f3 b1=00012396 pc2=100029a1 b2=00009945                                                
 got=59034 miss_avail=1327 miss_unavail=22975 hw_unavail=24478
usb-audio-fix: fb_done=77460
wdt: USB_TIMER max_stale_ms=0 deaddrn c=00005334 s=00000000 z=00002207 bd=0000145152 bp=0000153215 dr=0000145355                                                
line_ms=100 enabled=1
wdt: USB_TASK max_stale_ms=0 deadline_ms=250 enabled=1
wdt: BTSTACK max_stale_ms=0 deadline_ms=1000 enabled=1
wdt: MEDIA max_stale_ms=0 deadline_ms=500 enabled=1
usb-audio: streaming rate=48000Hz ch=2 bits=16 measured=192139 B/s (205504 bytes / 1069ms)
usb-pump: packets=60104 log_drops=135387 report_dt_us=1069419
usb-pump-race: pump_ticks_run=241033 sof_ctr s=0000000246 u=0000254216 t=0000011654 e=0000027400 p=0000013700 d=0000000887 c=0000006296 o=0000000000                   
isr=241025
usb-sof-2ap: sof_streaming=84405 got=60103 miss_avail=1327 miss_unavail=22975 hw_unavail=24478
usb-audio-fix: fb_doatr pc0=10002981 b0=00015100 pc1=100036f3 b1=00012492 pc2=100029a1 b2=00009945                                                
ne=78529
usb-audio-okx: rx_bytes_total=11544348 rx_short_packets=1095
usb-pump-logring: backlog_hwm=8188
wdt: USB_TIMER max_sdrn c=00005338 s=00000000 z=00002207 bd=0000145792 bp=0000153833 dr=0000146231                                                
tale_ms=0 deadline_ms=100 enabled=1
wdt: USB_TASK max_stale_ms=0 deadline_ms=250 enabled=1
wdt: BTSTACK max_stale_ms=0 deadline_ms=1000 enabled=1
wdt: MEDIA max_stale_ms=0 deadline_ms=500 enabled=1
usb-audio: streaming rate=48000Hz ch=2 bits=16 measured=191795 B/s (200508 bytes / 1045ms)
usb-pump: packets=61149 log_drops=136227 report_dt_us=1045573
usb-pump-race: pump_ticks_rctr s=0000000247 u=0000255269 t=0000011747 e=0000027795 p=0000013897 d=0000000910 c=0000006366 o=0000000000                   
un=242078 sof_isr=242071
usb-sof-2ap: sof_streaming=85451 got=61148 miss_avail=1327 miss_unavail=22976 hw_unavail=24479
usb-auatr pc0=10002981 b0=00015100 pc1=100036f3 b1=00012588 pc2=100029a1 b2=00009945                                                
dio-fix: fb_done=79575
usb-audio-okx: rx_bytes_total=11745240 rx_short_packets=1110
usb-pump-logring: backlog_hwm=8188
wdt: Udrn c=00005342 s=00000000 z=00002207 bd=0000146432 bp=0000154482 dr=0000147133                                                
SB_TIMER max_stale_ms=0 deadline_ms=100 enabled=1
wdt: USB_TASK max_stale_ms=0 deadline_ms=250 enabled=1
wdt: BTSTACK max_stale_ms=0 deadline_ms=1000 enabled=1
wdt: MEDIA max_stale_ms=0 deadline_ms=500 enabled=1
usb-audio: streaming rate=48000Hz ch=2 bits=16 measured=192159 B/s (202816 bytes / 1055ms)
usb-pump: packets=62204 log_drops=137068 report_dt_us=1055305
usb-pump-racectr s=0000000248 u=0000256298 t=0000011838 e=0000028181 p=0000014090 d=0000000938 c=0000006425 o=0000000000                   
: pump_ticks_run=243133 sof_isr=243126
usb-sof-2ap: sof_streaming=86506 got=62203 miss_avail=1327 miss_unavail=22976 hw_unavail=24479
usb-audio-fix: fb_done=80629
usb-audio-okx: rx_bytes_total=11947672 rx_short_packets=1126
wdt: USB_TIMER max_stale_ms=0 deadline_ms=100 enabled=1
wdt: USB_TASK max_stale_ms=0 deadline_ms=250 enabled=1
wdt: BTSTACK max_stale_ms=0 deadline_ms=100atr pc0=10002981 b0=00015100 pc1=100036f3 b1=00012684 pc2=100029a1 b2=00009945                                                
0 enabled=1
wdt: MEDIA max_stale_ms=0 deadline_ms=500 enabled=1
usb-audio: streaming rate=48000Hz ch=2 bits=16 measured=191873drn c=00005347 s=00000000 z=00002207 bd=0000147328 bp=0000155136 dr=0000147973                                                
 B/s (203968 bytes / 1063ms)
usb-pump: packets=63266 log_drops=137945 report_dt_us=1063060
usb-pump-race: pump_ticks_run=24419ctr s=0000000249 u=0000257338 t=0000011930 e=0000028571 p=0000014285 d=0000000960 c=0000006495 o=0000000000                   
5 sof_isr=244189
usb-sof-2ap: sof_streaming=87569 got=63265 miss_avail=1327 miss_unavail=22977 hw_unavail=24480
usb-audio-fix: fb_done=81691
usb-audio-okx: rx_bytes_total=12151640 rx_short_packets=1142
usb-pump-logring: backlog_hwm=8188
wdt: USB_TIMER max_stale_ms=0 deadline_ms=100 enabled=1
wdt: USB_TASK max_stale_ms=0 deadline_ms=250 enabled=1
wdt: BTSTACK max_stale_ms=0 datr pc0=10002981 b0=00015100 pc1=100036f3 b1=00012781 pc2=100029a1 b2=00009945                                                
eadline_ms=1000 enabled=1
wdt: MEDIA max_stale_ms=0 deadline_ms=500 enabled=1
usb-audio: streaming rate=48000Hz ch=2 bits=16 mdrn c=00005351 s=00000000 z=00002207 bd=0000147968 bp=0000155755 dr=0000148850                                                
easured=191974 B/s (212804 bytes / 1108ms)
usb-pump: packets=64375 log_drops=138785 report_dt_us=1108612
usb-pump-race: pump_tctr s=0000000250 u=0000258417 t=0000012026 e=0000028976 p=0000014488 d=0000000981 c=0000006570 o=0000000000                   
icks_run=245304 sof_isr=245298
usb-sof-2ap: sof_streaming=88678 got=64374 miss_avail=1327 miss_unavail=22977 hw_unavail=24480
usb-audio-fix: fb_done=82800
usb-audio-okx: rx_bytes_total=12364636 rx_short_packets=1159
usb-pump-logring: backlog_hwm=8188
wdt: USB_TIMER max_stale_ms=0 deadline_ms=100 enabled=1
wdt: USB_TASK max_stale_ms=0 deadline_ms=250 enabled=1
wdt: BTSTACK maatr pc0=10002981 b0=00015100 pc1=100036f3 b1=00012878 pc2=100029a1 b2=00009945                                                
x_stale_ms=0 deadline_ms=1000 enabled=1
wdt: MEDIA max_stale_ms=0 deadline_ms=500 enabled=1
usb-audio: streaming rate=48000Hz drn c=00005355 s=00000000 z=00002207 bd=0000148608 bp=0000156410 dr=0000149691                                                
ch=2 bits=16 measured=192193 B/s (202428 bytes / 1053ms)
usb-pump: packets=65428 log_drops=139626 report_dt_us=1053133
usb-pumctr s=0000000251 u=0000259427 t=0000012115 e=0000029354 p=0000014677 d=0000001004 c=0000006636 o=0000000000                   
p-race: pump_ticks_run=246357 sof_isr=246351
usb-sof-2ap: sof_streaming=89731 got=65427 miss_avail=1327 miss_unavail=22977 hw_unavail=24480
usb-audio-fix: fb_done=83853
usb-audio-okx: rx_bytes_total=12566872 rx_short_packets=1174
wdt: USB_TIMER max_stale_ms=0 deadline_ms=100 enabled=1
wdt: USB_TASK max_stale_ms=0 deadline_ms=250 enabled=1
wdt: BTSTACK max_stale_ms=0 deadline_atr pc0=10002981 b0=00015100 pc1=100036f3 b1=00012975 pc2=100029a1 b2=00009945                                                
ms=1000 enabled=1
wdt: MEDIA max_stale_ms=0 deadline_ms=500 enabled=1
usb-audio: streaming rate=48000Hz ch=2 bits=16 measured=drn c=00005359 s=00000000 z=00002207 bd=0000149248 bp=0000157029 dr=0000150570                                                
191822 B/s (203584 bytes / 1061ms)
usb-pump: packets=66488 log_drops=140503 report_dt_us=1061305
usb-pump-race: pump_ticks_runctr s=0000000252 u=0000260536 t=0000012214 e=0000029770 p=0000014885 d=0000001026 c=0000006713 o=0000000000                   
=247417 sof_isr=247412
usb-sof-2ap: sof_streaming=90792 got=66487 miss_avail=1327 miss_unavail=22978 hw_unavail=24481
usb-audio-fix: fb_done=84913
usb-audio-okx: rx_bytes_total=12770456 rx_short_packets=1190
usb-pump-logring: backlog_hwm=8192
wdt: USB_TIMER max_stale_ms=0 deadline_ms=100 enabled=1
wdt: USB_TASK max_stale_ms=0 deadline_ms=250 enabled=1
wdt: BTSTACK max_stale_atr pc0=10002981 b0=00015100 pc1=100036f3 b1=00013072 pc2=100029a1 b2=00009945                                                
ms=0 deadline_ms=1000 enabled=1
wdt: MEDIA max_stale_ms=0 deadline_ms=500 enabled=1
usb-audio: streaming rate=48000Hz ch=2 bitdrn c=00005363 s=00000000 z=00002207 bd=0000149888 bp=0000157684 dr=0000151413                                                
s=16 measured=192023 B/s (204160 bytes / 1063ms)
usb-pump: packets=67551 log_drops=141344 report_dt_us=1063223
usb-pump-race: ctr s=0000000253 u=0000261629 t=0000012311 e=0000030180 p=0000015090 d=0000001048 c=0000006788 o=0000000000                   
pump_ticks_run=248480 sof_isr=248476
usb-sof-2ap: sof_streaming=91856 got=67551 miss_avail=1327 miss_unavail=22978 hw_unavail=24481
usb-audio-fix: fb_done=85976
usb-audio-okx: rx_bytes_total=12974616 rx_short_packets=1206
wdt: USB_TIMER max_stale_ms=0 deadline_ms=100 enabled=1
wdt: USB_TASK max_stale_ms=0 deadline_ms=250 enabled=1
wdt: BTSTACK max_stale_ms=0 deadline_ms=1000 atr pc0=10002981 b0=00015100 pc1=100036f3 b1=00013169 pc2=100029a1 b2=00009945                                                
enabled=1
wdt: MEDIA max_stale_ms=0 deadline_ms=500 enabled=1
usb-audio: streaming rate=48000Hz ch=2 bits=16 measured=192035 Bdrn c=00005367 s=00000000 z=00002207 bd=0000150528 bp=0000158303 dr=0000152292                                                
/s (228360 bytes / 1189ms)
usb-pump: packets=68740 log_drops=142221 report_dt_us=1189137
usb-pump-race: pump_ticks_run=249670 ctr s=0000000254 u=0000262671 t=0000012403 e=0000030571 p=0000015285 d=0000001071 c=0000006857 o=0000000000                   
sof_isr=249665
usb-sof-2ap: sof_streaming=93045 got=68740 miss_avail=1327 miss_unavail=22978 hw_unavail=24481
usb-audio-fix: fb_done=87166
usb-audio-okx: rx_bytes_total=13203168 rx_short_packets=1224
usb-pump-logring: backlog_hwm=8192
a2dp: codec=LDAC bitrate=990000 fill=2272/4608 ovr_frames=0 und=1458 report_dt_us=1189137
a2dp: enc_max_us=1810 pkt_sent=12891 pkt_fail=0 misalatr pc0=10002981 b0=00015100 pc1=100036f3 b1=00013266 pc2=100029a1 b2=00009945                                                
igned=0
a2dp: tick_count=11273 worst_tick_interval_us=13251 enc_frames_total=25783
wdt: USB_TIMER max_stale_ms=0 deadline_ms=1drn c=00005371 s=00000000 z=00002207 bd=0000151168 bp=0000158958 dr=0000153135                                                
00 enabled=1
wdt: USB_TASK max_stale_ms=0 deadline_ms=250 enabled=1
wdt: BTSTACK max_stale_ms=0 deadline_ms=1000 enabled=1
wdctr s=0000000255 u=0000263812 t=0000012505 e=0000030999 p=0000015499 d=0000001092 c=0000006938 o=0000000000                   
t: MEDIA max_stale_ms=0 deadline_ms=500 enabled=1
usb-audio: streaming rate=48000Hz ch=2 bits=16 measured=192040 B/s (207036 bytes / 1078ms)
usb-pump: packets=69819 log_drops=142832 report_dt_us=1078222
usb-pump-race: pump_ticks_run=250748 sof_isr=250743
usb-sof-2ap: sof_streaming=94123 got=69818 miss_avail=1327 miss_unavail=22978 hw_unavail=24481
usb-audio-fix: fb_done=88244atr pc0=10002981 b0=00015100 pc1=100036f3 b1=00013363 pc2=100029a1 b2=00009945                                                

usb-audio-okx: rx_bytes_total=13410204 rx_short_packets=1239
usb-pump-logring: backlog_hwm=8192
wdt: USB_TIMER max_stale_ms=0drn c=00005375 s=00000000 z=00002207 bd=0000151808 bp=0000159614 dr=0000153978                                                
 deadline_ms=100 enabled=1
wdt: USB_TASK max_stale_ms=0 deadline_ms=250 enabled=1
wdt: BTSTACK max_stale_ms=0 deadline_ms=1000ctr s=0000000256 u=0000264908 t=0000012602 e=0000031409 p=0000015704 d=0000001114 c=0000007013 o=0000000000                   
 enabled=1
wdt: MEDIA max_stale_ms=0 deadline_ms=500 enabled=1
usb-audio: streaming rate=48000Hz ch=2 bits=16 measured=192008 B/s (208960 bytes / 1088ms)
usb-pump: packets=70906 log_drops=143673 report_dt_us=1088158
usb-pump-race: pump_ticks_run=251836 sof_isr=251832
usb-sof-2ap: sof_streaming=95212 got=70906 miss_avail=1327 miss_unavail=22979 hw_unavail=24482
usb-audio-fix: atr pc0=10002981 b0=00015100 pc1=100036f3 b1=00013460 pc2=100029a1 b2=00009945                                                
fb_done=89332
usb-audio-okx: rx_bytes_total=13619164 rx_short_packets=1255
usb-pump-logring: backlog_hwm=8192
wdt: USB_TIMER drn c=00005379 s=00000000 z=00002207 bd=0000152448 bp=0000160234 dr=0000154857                                                
max_stale_ms=0 deadline_ms=100 enabled=1
wdt: USB_TASK max_stale_ms=0 deadline_ms=250 enabled=1
wdt: BTSTACK max_stale_ms=0 dectr s=0000000257 u=0000265961 t=0000012695 e=0000031804 p=0000015902 d=0000001137 c=0000007083 o=0000000000                   
adline_ms=1000 enabled=1
wdt: MEDIA max_stale_ms=0 deadline_ms=500 enabled=1
usb-audio: streaming rate=48000Hz ch=2 bits=16 measured=191740 B/s (204540 bytes / 1066ms)
usb-pump: packets=71972 log_drops=144514 report_dt_us=1066878
usb-pump-race: pump_ticks_run=252901 sof_isr=252898
usb-sof-2ap: sof_streaming=96278 got=71971 miss_avail=1327 miss_unavail=22980 hw_unavail=24483
uatr pc0=10002981 b0=00015100 pc1=100036f3 b1=00013557 pc2=100029a1 b2=00009945                                                
sb-audio-fix: fb_done=90397
usb-audio-okx: rx_bytes_total=13823704 rx_short_packets=1270
usb-pump-logring: backlog_hwm=8192
wdrn c=00005383 s=00000000 z=00002207 bd=0000153088 bp=0000160890 dr=0000155700                                                
dt: USB_TIMER max_stale_ms=0 deadline_ms=100 enabled=1
wdt: USB_TASK max_stale_ms=0 deadline_ms=250 enabled=1
wdt: BTSTACK maxctr s=0000000258 u=0000267004 t=0000012787 e=0000032195 p=0000016097 d=0000001160 c=0000007152 o=0000000000                   
_stale_ms=0 deadline_ms=1000 enabled=1
wdt: MEDIA max_stale_ms=0 deadline_ms=500 enabled=1
usb-audio: streaming rate=48000Hz ch=2 bits=16 measured=192143 B/s (207044 bytes / 1077ms)
usb-pump: packets=73049 log_drops=145355 report_dt_us=1077426
usb-pump-race: pump_ticks_run=253978 sof_isr=253975
usb-sof-2ap: sof_streaming=97355 got=73048 miss_avail=1327 miss_unavail=22980 hw_unatr pc0=10002981 b0=00015100 pc1=100036f3 b1=00013654 pc2=100029a1 b2=00009945                                                
avail=24483
usb-audio-fix: fb_done=91474
usb-audio-okx: rx_bytes_total=14030556 rx_short_packets=1287
wdt: USB_TIMER max_staldrn c=00005387 s=00000000 z=00002207 bd=0000153728 bp=0000161510 dr=0000156578                                                
e_ms=0 deadline_ms=100 enabled=1
wdt: USB_TASK max_stale_ms=0 deadline_ms=250 enabled=1
wdt: BTSTACK max_stale_ms=0 deadline_mctr s=0000000259 u=0000268075 t=0000012882 e=0000032596 p=0000016298 d=0000001181 c=0000007226 o=0000000000                   
s=1000 enabled=1
wdt: MEDIA max_stale_ms=0 deadline_ms=500 enabled=1
usb-audio: streaming rate=48000Hz ch=2 bits=16 measured=191858 B/s (202236 bytes / 1054ms)
frame 5341: render=249829us blit=20393us total=270272us
usb-pump: packets=74102 log_drops=146231 report_dt_us=1054161
usb-pump-race: pump_ticks_run=255031 sof_isr=255030
usb-sof-2ap: sof_streaming=98410 got=74102 miss_atr pc0=10002981 b0=00015100 pc1=100036f3 b1=00013751 pc2=100029a1 b2=00009945                                                
avail=1327 miss_unavail=22981 hw_unavail=24484
usb-audio-fix: fb_done=92527
usb-pump-logring: backlog_hwm=8192
wdt: USB_TIMERdrn c=00005391 s=00000000 z=00002207 bd=0000154368 bp=0000162166 dr=0000157421                                                
 max_stale_ms=0 deadline_ms=100 enabled=1
wdt: USB_TASK max_stale_ms=0 deadline_ms=250 enabled=1
wdt: BTSTACK max_stale_ms=0 dctr s=0000000260 u=0000269099 t=0000012972 e=0000032980 p=0000016490 d=0000001205 c=0000007292 o=0000000000                   
eadline_ms=1000 enabled=1
wdt: MEDIA max_stale_ms=0 deadline_ms=500 enabled=1
usb-audio: streaming rate=48000Hz ch=2 bits=16 measured=191988 B/s (197628 bytes / 1029ms)
usb-pump: packets=75132 log_drops=147133 report_dt_us=1029414
usb-pump-race: pump_ticks_run=256061 sof_isr=256059
usb-sof-2ap: sof_streaming=99439 got=75131 miss_avail=1327 miss_unavail=22981 hw_unavail=24484
atr pc0=10002981 b0=00015100 pc1=100036f3 b1=00013848 pc2=100029a1 b2=00009945                                                
usb-audio-fix: fb_done=93557
usb-audio-okx: rx_bytes_total=14430612 rx_short_packets=1317
usb-pump-logring: backlog_hwm=8192
drn c=00005395 s=00000000 z=00002207 bd=0000155008 bp=0000162786 dr=0000158300                                                
wdt: USB_TIMER max_stale_ms=0 deadline_ms=100 enabled=1
wdt: USB_TASK max_stale_ms=0 deadline_ms=250 enabled=1
wdt: BTSTACK mactr s=0000000261 u=0000270158 t=0000013065 e=0000033377 p=0000016688 d=0000001231 c=0000007359 o=0000000000                   
x_stale_ms=0 deadline_ms=1000 enabled=1
wdt: MEDIA max_stale_ms=0 deadline_ms=500 enabled=1
usb-audio: streaming rate=48000Hz ch=2 bits=16 measured=191924 B/s (199548 bytes / 1039ms)
usb-pump: packets=76170 log_drops=147973 report_dt_us=1039626
usb-pump-race: pump_ticks_run=257099 sof_isr=257099
usb-sof-2ap: sof_streaming=100479 got=76170 miss_avail=1327 miss_unavail=22982 hw_atr pc0=10002981 b0=00015100 pc1=100036f3 b1=00013945 pc2=100029a1 b2=00009945                                                
unavail=24485
usb-audio-fix: fb_done=94596
usb-audio-okx: rx_bytes_total=14630160 rx_short_packets=1332
wdt: USB_TIMER max_stdrn c=00005399 s=00000000 z=00002207 bd=0000155648 bp=0000163442 dr=0000159143                                                
ale_ms=0 deadline_ms=100 enabled=1
wdt: USB_TASK max_stale_ms=0 deadline_ms=250 enabled=1
wdt: BTSTACK max_stale_ms=0 deadlinectr s=0000000262 u=0000271262 t=0000013163 e=0000033791 p=0000016895 d=0000001254 c=0000007434 o=0000000000                   
_ms=1000 enabled=1
wdt: MEDIA max_stale_ms=0 deadline_ms=500 enabled=1
usb-audio: streaming rate=48000Hz ch=2 bits=16 measured=192121 B/s (203200 bytes / 1057ms)
usb-pump: packets=77228 log_drops=148850 report_dt_us=1057651
usb-pump-race: pump_ticks_run=258157 sof_isr=258156
usb-sof-2ap: sof_streaming=101536 got=77227 miss_avail=1327 miss_unavail=22982 hw_unavail=24485
usb-auatr pc0=10002981 b0=00015100 pc1=100036f3 b1=00014042 pc2=100029a1 b2=00009945                                                
dio-fix: fb_done=95653
usb-audio-okx: rx_bytes_total=14833168 rx_short_packets=1348
usb-pump-logring: backlog_hwm=8192
wdt: Udrn c=00005403 s=00000000 z=00002207 bd=0000156288 bp=0000164093 dr=0000160048                                                
SB_TIMER max_stale_ms=0 deadline_ms=100 enabled=1
wdt: USB_TASK max_stale_ms=0 deadline_ms=250 enabled=1
wdt: BTSTACK max_stalctr s=0000000263 u=0000272307 t=0000013255 e=0000034183 p=0000017091 d=0000001278 c=0000007502 o=0000000000                   
e_ms=0 deadline_ms=1000 enabled=1
wdt: MEDIA max_stale_ms=0 deadline_ms=500 enabled=1
usb-audio: streaming rate=48000Hz ch=2 bits=16 measured=191827 B/s (197824 bytes / 1031ms)
usb-pump: packets=78258 log_drops=149691 report_dt_us=1031249
usb-pump-race: pump_ticks_run=259187 sof_isr=259188
usb-sof-2ap: sof_streaming=102568 got=78258 miss_avail=1327 miss_unavail=22983 hw_unavaiatr pc0=10002981 b0=00015100 pc1=100036f3 b1=00014139 pc2=100029a1 b2=00009945                                                
l=24486
usb-audio-fix: fb_done=96683
usb-audio-okx: rx_bytes_total=15030992 rx_short_packets=1364
wdt: USB_TIMER max_stale_msdrn c=00005407 s=00000000 z=00002207 bd=0000156928 bp=0000164713 dr=0000160927                                                
=0 deadline_ms=100 enabled=1
wdt: USB_TASK max_stale_ms=0 deadline_ms=250 enabled=1
wdt: BTSTACK max_stale_ms=0 deadline_ms=10ctr s=0000000264 u=0000273351 t=0000013347 e=0000034573 p=0000017286 d=0000001300 c=0000007572 o=0000000000                   
00 enabled=1
wdt: MEDIA max_stale_ms=0 deadline_ms=500 enabled=1
usb-audio: streaming rate=48000Hz ch=2 bits=16 measured=192027 B/s (212992 bytes / 1109ms)
usb-pump: packets=79367 log_drops=150570 report_dt_us=1109191
usb-pump-race: pump_ticks_run=260297 sof_isr=260297
usb-sof-2ap: sof_streaming=103677 got=79367 miss_avail=1327 miss_unavail=22983 hw_unavail=24486
usb-audio-fiatr pc0=10002981 b0=00015100 pc1=100036f3 b1=00014236 pc2=100029a1 b2=00009945                                                
x: fb_done=97793
usb-audio-okx: rx_bytes_total=15244176 rx_short_packets=1380
usb-pump-logring: backlog_hwm=8192
wdt: USB_TIMdrn c=00005411 s=00000000 z=00002207 bd=0000157568 bp=0000165369 dr=0000161769                                                
ER max_stale_ms=0 deadline_ms=100 enabled=1
wdt: USB_TASK max_stale_ms=0 deadline_ms=250 enabled=1
wdt: BTSTACK max_stale_ms=0ctr s=0000000265 u=0000274435 t=0000013443 e=0000034980 p=0000017490 d=0000001323 c=0000007645 o=0000000000                   
 deadline_ms=1000 enabled=1
wdt: MEDIA max_stale_ms=0 deadline_ms=500 enabled=1
usb-audio: streaming rate=48000Hz ch=2 bits=16 measured=192171 B/s (210112 bytes / 1093ms)
usb-pump: packets=80461 log_drops=151413 report_dt_us=1093343
usb-pump-race: pump_ticks_run=261390 sof_isr=261390
usb-sof-2ap: sof_streaming=104770 got=80460 miss_avail=1327 miss_unavail=22983 hw_unavail=2448atr pc0=10002981 b0=00015100 pc1=100036f3 b1=00014333 pc2=100029a1 b2=00009945                                                
6
usb-audio-fix: fb_done=98886
usb-audio-okx: rx_bytes_total=15454096 rx_short_packets=1396
wdt: USB_TIMER max_stale_ms=0 deadrn c=00005415 s=00000000 z=00002207 bd=0000158208 bp=0000165989 dr=0000162648                                                
dline_ms=100 enabled=1
wdt: USB_TASK max_stale_ms=0 deadline_ms=250 enabled=1
wdt: BTSTACK max_stale_ms=0 deadline_ms=1000 enactr s=0000000266 u=0000275490 t=0000013536 e=0000035375 p=0000017687 d=0000001346 c=0000007715 o=0000000000                   
bled=1
wdt: MEDIA max_stale_ms=0 deadline_ms=500 enabled=1
usb-audio: streaming rate=48000Hz ch=2 bits=16 measured=191852 B/s (199932 bytes / 1042ms)
usb-pump: packets=81502 log_drops=152292 report_dt_us=1042116
usb-pump-race: pump_ticks_run=262431 sof_isr=262432
usb-sof-2ap: sof_streaming=105812 got=81501 miss_avail=1327 miss_unavail=22984 hw_unavail=24487
usb-audio-fix: fb_atr pc0=10002981 b0=00015100 pc1=100036f3 b1=00014430 pc2=100029a1 b2=00009945                                                
done=99927
usb-audio-okx: rx_bytes_total=15654028 rx_short_packets=1411
usb-pump-logring: backlog_hwm=8192
wdt: USB_TIMER maxdrn c=00005419 s=00000000 z=00002207 bd=0000158848 bp=0000166645 dr=0000163490                                                
_stale_ms=0 deadline_ms=100 enabled=1
wdt: USB_TASK max_stale_ms=0 deadline_ms=250 enabled=1
wdt: BTSTACK max_stale_ms=0 deadlctr s=0000000267 u=0000276556 t=0000013630 e=0000035775 p=0000017887 d=0000001370 c=0000007785 o=0000000000                   
ine_ms=1000 enabled=1
wdt: MEDIA max_stale_ms=0 deadline_ms=500 enabled=1
usb-audio: streaming rate=48000Hz ch=2 bits=16 measured=191911 B/s (218948 bytes / 1140ms)
usb-pump: packets=82642 log_drops=153135 report_dt_us=1140860
usb-pump-race: pump_ticks_run=263571 sof_isr=263573
usb-sof-2ap: sof_streaming=106953 got=82641 miss_avail=1327 miss_unavail=22985 hw_unavail=24488
usbatr pc0=10002981 b0=00015100 pc1=100036f3 b1=00014527 pc2=100036bd b2=00009965                                                
-audio-fix: fb_done=101067
usb-audio-okx: rx_bytes_total=15872976 rx_short_packets=1428
usb-pump-logring: backlog_hwm=8192
wddrn c=00005423 s=00000000 z=00002207 bd=0000159488 bp=0000167265 dr=0000164369                                                
t: USB_TIMER max_stale_ms=0 deadline_ms=100 enabled=1
wdt: USB_TASK max_stale_ms=0 deadline_ms=250 enabled=1
wdt: BTSTACK max_ctr s=0000000268 u=0000277588 t=0000013721 e=0000036162 p=0000018081 d=0000001393 c=0000007853 o=0000000000                   
stale_ms=0 deadline_ms=1000 enabled=1
wdt: MEDIA max_stale_ms=0 deadline_ms=500 enabled=1
usb-audio: streaming rate=48000Hz ch=2 bits=16 measured=191785 B/s (210116 bytes / 1095ms)
usb-pump: packets=83736 log_drops=153978 report_dt_us=1095601
usb-pump-race: pump_ticks_run=264665 sof_isr=264669
usb-sof-2ap: sof_streaming=108049 got=83736 miss_avail=1327 miss_unavail=22986 hw_unatr pc0=10002981 b0=00015100 pc1=100036f3 b1=00014624 pc2=100036bd b2=00010028                                                
avail=24489
usb-audio-fix: fb_done=102162
usb-audio-okx: rx_bytes_total=16083284 rx_short_packets=1445
wdt: USB_TIMER max_stadrn c=00005427 s=00000000 z=00002207 bd=0000160128 bp=0000167921 dr=0000165211                                                
le_ms=0 deadline_ms=100 enabled=1
wdt: USB_TASK max_stale_ms=0 deadline_ms=250 enabled=1
wdt: BTSTACK max_stale_ms=0 deadline_ctr s=0000000269 u=0000278668 t=0000013817 e=0000036567 p=0000018283 d=0000001414 c=0000007928 o=0000000000                   
ms=1000 enabled=1
wdt: MEDIA max_stale_ms=0 deadline_ms=500 enabled=1
usb-audio: streaming rate=48000Hz ch=2 bits=16 measured=192009 B/s (202240 bytes / 1053ms)
usb-pump: packets=84790 log_drops=154857 report_dt_us=1053385
usb-pump-race: pump_ticks_run=265719 sof_isr=265722
usb-sof-2ap: sof_streaming=109102 got=84789 miss_avail=1327 miss_unavail=22986 hw_unavail=24489
usb-audatr pc0=10002981 b0=00015100 pc1=100036f3 b1=00014721 pc2=100036bd b2=00010091                                                
io-fix: fb_done=103215
usb-audio-okx: rx_bytes_total=16285524 rx_short_packets=1461
usb-pump-logring: backlog_hwm=8192
wdt: Udrn c=00005431 s=00000000 z=00002207 bd=0000160768 bp=0000168541 dr=0000166090                                                
SB_TIMER max_stale_ms=0 deadline_ms=100 enabled=1
wdt: USB_TASK max_stale_ms=0 deadline_ms=250 enabled=1
wdt: BTSTACK max_stale_ms=0 deadline_ms=1000 enabled=1
wdt: MEDIA max_stale_ms=0 deadline_ms=500 enabled=1
usb-audio: streaming rate=48000Hz ch=2 bits=16 measured=191701 B/s (199936 bytes / 1042ms)
usb-pump: packets=85831 log_drops=155700 report_dt_us=1042959
usb-pump-racectr s=0000000270 u=0000279821 t=0000013919 e=0000036999 p=0000018499 d=0000001438 c=0000008006 o=0000000000                   
: pump_ticks_run=266760 sof_isr=266765
usb-sof-2ap: sof_streaming=110145 got=85830 miss_avail=1327 miss_unavail=22988 hw_unavail=24491
usb-audio-fix: fb_done=104256
usb-audio-okx: rx_bytes_total=16485460 rx_short_packets=1477
wdt: USB_TIMER max_stale_ms=0 deadline_ms=100 enabled=1
wdt: USB_TASK max_stale_ms=0 deadline_ms=250 enabled=1
wdt: BTSTACK max_stale_ms=0 deadline_ms=1atr pc0=10002981 b0=00015100 pc1=100036f3 b1=00014818 pc2=100036bd b2=00010154                                                
000 enabled=1
wdt: MEDIA max_stale_ms=0 deadline_ms=500 enabled=1
usb-audio: streaming rate=48000Hz ch=2 bits=16 measured=1920drn c=00005436 s=00000000 z=00002207 bd=0000161664 bp=0000169426 dr=0000166703                                                
54 B/s (205696 bytes / 1071ms)
usb-pump: packets=86902 log_drops=156578 report_dt_us=1071021
usb-pump-race: pump_ticks_run=267831 sof_isr=267836
usb-sof-2ap: sof_streaming=111216 got=86901 miss_avail=1327 miss_unavail=22988 hw_unavail=24491
usb-audio-fix: fb_done=105327
usb-audio-okx: rx_bytes_total=16691156 rx_short_packets=1493
usb-pump-logring: backlog_hwm=8192
wdt: USB_Tctr s=0000000271 u=0000281071 t=0000014029 e=0000037467 p=0000018733 d=0000001466 c=0000008088 o=0000000000                   
IMER max_stale_ms=0 deadline_ms=100 enabled=1
wdt: USB_TASK max_stale_ms=0 deadline_ms=250 enabled=1
wdt: BTSTACK max_stale_msatr pc0=10002981 b0=00015100 pc1=100036f3 b1=00014915 pc2=100036bd b2=00010217                                                
=0 deadline_ms=1000 enabled=1
wdt: MEDIA max_stale_ms=0 deadline_ms=500 enabled=1
usb-audio: streaming rate=48000Hz ch=2 bits=drn c=00005440 s=00000000 z=00002207 bd=0000162304 bp=0000170311 dr=0000167316                                                
16 measured=191938 B/s (196476 bytes / 1023ms)
usb-pump: packets=87924 log_drops=157421 report_dt_us=1023538
usb-pump-race: pump_ticks_run=268853 sof_isr=268860
usb-sof-2ap: sof_streaming=112240 got=87924 miss_avail=1327 miss_unavail=22989 hw_unavail=24492
usb-audio-fix: fb_done=106349
usb-audio-okx: rx_bytes_total=16887440 rx_short_packets=1508
wdt: USB_TIMER max_stale_ms=0 ctr s=0000000272 u=0000282123 t=0000014122 e=0000037861 p=0000018930 d=0000001488 c=0000008159 o=0000000000                   
deadline_ms=100 enabled=1
wdt: USB_TASK max_stale_ms=0 deadline_ms=250 enabled=1
wdt: BTSTACK max_stale_ms=0 deadline_ms=1000 atr pc0=10002981 b0=00015100 pc1=100036f3 b1=00015013 pc2=100036bd b2=00010281                                                
enabled=1
wdt: MEDIA max_stale_ms=0 deadline_ms=500 enabled=1
usb-audio: streaming rate=48000Hz ch=2 bits=16 measured=192024 Bdrn c=00005444 s=00000000 z=00002207 bd=0000162944 bp=0000170969 dr=0000168158                                                
/s (203392 bytes / 1059ms)
usb-pump: packets=88983 log_drops=158300 report_dt_us=1059189
usb-pump-race: pump_ticks_run=269913 sof_isr=269919
usb-sof-2ap: sof_streaming=113299 got=88983 miss_avail=1327 miss_unavail=22989 hw_unavail=24492
usb-audio-fix: fb_done=107409
usb-audio-okx: rx_bytes_total=17091024 rx_short_packets=1524
usb-pump-logring: backlog_hwm=8192
wdt: USB_TIMERctr s=0000000273 u=0000283191 t=0000014217 e=0000038262 p=0000019131 d=0000001510 c=0000008232 o=0000000000                   
 max_stale_ms=0 deadline_ms=100 enabled=1
wdt: USB_TASK max_stale_ms=0 deadline_ms=250 enabled=1
wdt: BTSTACK max_stale_ms=0 datr pc0=100036f3 b0=00015111 pc1=10002981 b1=00015100 pc2=100036bd b2=00010345                                                
eadline_ms=1000 enabled=1
wdt: MEDIA max_stale_ms=0 deadline_ms=500 enabled=1
usb-audio: streaming rate=48000Hz ch=2 bits=16 mdrn c=00005448 s=00000000 z=00002207 bd=0000163584 bp=0000171627 dr=0000169001                                                
easured=191739 B/s (211652 bytes / 1103ms)
frame 5401: render=246990us blit=22291us total=269329us
usb-pump: packets=90085 log_drops=159143 report_dt_us=1103925
usb-pump-race: pump_ticks_run=271014 sof_isr=271023
usb-sof-2ap: sof_streaming=114403 got=90085 miss_avail=1327 miss_unavail=22991 hw_unavail=24494
usb-audio-fix: fb_done=108511
usb-pump-logring: backlog_hwm=8192
wdtctr s=0000000274 u=0000284277 t=0000014313 e=0000038669 p=0000019334 d=0000001533 c=0000008305 o=0000000000                   
: USB_TIMER max_stale_ms=0 deadline_ms=100 enabled=1
wdt: USB_TASK max_stale_ms=0 deadline_ms=250 enabled=1
wdt: BTSTACK max_satr pc0=100036f3 b0=00015209 pc1=10002981 b1=00015100 pc2=100036bd b2=00010409                                                
tale_ms=0 deadline_ms=1000 enabled=1
wdt: MEDIA max_stale_ms=0 deadline_ms=500 enabled=1
usb-audio: streaming rate=48000Hz ch=drn c=00005452 s=00000000 z=00002207 bd=0000164224 bp=0000172285 dr=0000169844                                                
2 bits=16 measured=192114 B/s (198780 bytes / 1034ms)
usb-pump: packets=91120 log_drops=160048 report_dt_us=1034636
usb-pump-race: pump_ticks_run=272049 sof_isr=272057
usb-sof-2ap: sof_streaming=115437 got=91119 miss_avail=1327 miss_unavail=22991 hw_unavail=24494
usb-audio-fix: fb_done=109545
usb-audio-okx: rx_bytes_total=17501264 rx_short_packets=1556
wdt: USB_TIMER max_stalctr s=0000000275 u=0000285318 t=0000014405 e=0000039059 p=0000019529 d=0000001555 c=0000008375 o=0000000000                   
e_ms=0 deadline_ms=100 enabled=1
wdt: USB_TASK max_stale_ms=0 deadline_ms=250 enabled=1
wdt: BTSTACK max_stale_ms=0 deadline_matr pc0=100036f3 b0=00015307 pc1=10002981 b1=00015100 pc2=100036bd b2=00010473                                                
s=1000 enabled=1
wdt: MEDIA max_stale_ms=0 deadline_ms=500 enabled=1
usb-audio: streaming rate=48000Hz ch=2 bits=16 measured=1drn c=00005456 s=00000000 z=00002207 bd=0000164864 bp=0000172907 dr=0000170722                                                
91699 B/s (202048 bytes / 1053ms)
usb-pump: packets=92172 log_drops=160927 report_dt_us=1053982
usb-pump-race: pump_ticks_run=273101 sof_isr=273111
usb-sof-2ap: sof_streaming=116491 got=92171 miss_avail=1327 miss_unavail=22993 hw_unavail=24496
usb-audio-fix: fb_done=110597
usb-audio-okx: rx_bytes_total=17703312 rx_short_packets=1572
usb-pump-logring: backlog_hwm=8192
wdt: USctr s=0000000276 u=0000286332 t=0000014494 e=0000039439 p=0000019719 d=0000001579 c=0000008440 o=0000000000                   
B_TIMER max_stale_ms=0 deadline_ms=100 enabled=1
wdt: USB_TASK max_stale_ms=0 deadline_ms=250 enabled=1
wdt: BTSTACK max_staleatr pc0=100036f3 b0=00015405 pc1=10002981 b1=00015100 pc2=100036bd b2=00010537                                                
_ms=0 deadline_ms=1000 enabled=1
wdt: MEDIA max_stale_ms=0 deadline_ms=500 enabled=1
usb-audio: streaming rate=48000Hz ch=2 bidrn c=00005460 s=00000000 z=00002207 bd=0000165504 bp=0000173565 dr=0000171565                                                
ts=16 measured=191915 B/s (208196 bytes / 1084ms)
usb-pump: packets=93256 log_drops=161769 report_dt_us=1084825
usb-pump-race: pump_ticks_run=274185 sof_isr=274196
usb-sof-2ap: sof_streaming=117576 got=93255 miss_avail=1327 miss_unavail=22994 hw_unavail=24497
usb-audio-fix: fb_done=111681
usb-audio-okx: rx_bytes_total=17911508 rx_short_packets=1589
wdt: USB_TIMER max_stale_msctr s=0000000277 u=0000287377 t=0000014586 e=0000039831 p=0000019915 d=0000001602 c=0000008509 o=0000000000                   
=0 deadline_ms=100 enabled=1
wdt: USB_TASK max_stale_ms=0 deadline_ms=250 enabled=1
wdt: BTSTACK max_stale_ms=0 deadline_ms=10atr pc0=100036f3 b0=00015503 pc1=10002981 b1=00015100 pc2=100036bd b2=00010601                                                
00 enabled=1
wdt: MEDIA max_stale_ms=0 deadline_ms=500 enabled=1
usb-audio: streaming rate=48000Hz ch=2 bits=16 measured=19181drn c=00005464 s=00000000 z=00002207 bd=0000166144 bp=0000174182 dr=0000172506                                                
9 B/s (202240 bytes / 1054ms)
usb-pump: packets=94309 log_drops=162648 report_dt_us=1054333
usb-pump-race: pump_ticks_run=275238 sof_isr=275251
usb-sof-2ap: sof_streaming=118631 got=94309 miss_avail=1327 miss_unavail=22995 hw_unavail=24498
usb-audio-fix: fb_done=112734
usb-audio-okx: rx_bytes_total=18113748 rx_short_packets=1605
usb-pump-logring: backlog_hwm=8192
wdt: USB_TIctr s=0000000278 u=0000288394 t=0000014676 e=0000040212 p=0000020106 d=0000001623 c=0000008578 o=0000000000                   
MER max_stale_ms=0 deadline_ms=100 enabled=1
wdt: USB_TASK max_stale_ms=0 deadline_ms=250 enabled=1
wdt: BTSTACK max_stale_ms=0 deadline_ms=1000 enabled=1
wdt: MEDIA max_stale_ms=0 deadline_ms=500 enabled=1
usb-audio: streaming rate=48000Hz ch=2 bits=16 measured=192109 B/s (204924 bytes / 1066ms)
usb-pump: packets=95376 log_drops=163490 report_dt_us=1066700
usb-pump-race: pumatr pc0=100036f3 b0=00015601 pc1=10002981 b1=00015100 pc2=100036bd b2=00010665                                                
p_ticks_run=276305 sof_isr=276317
usb-sof-2ap: sof_streaming=119697 got=95375 miss_avail=1327 miss_unavail=22995 hw_unavail=244drn c=00005469 s=00000000 z=00002207 bd=0000167040 bp=0000174840 dr=0000173349                                                
98
usb-audio-fix: fb_done=113801
usb-audio-okx: rx_bytes_total=18318672 rx_short_packets=1620
wdt: USB_TIMER max_stale_ms=0 deadline_ms=100 enabled=1
wdt: USB_TASK max_stale_ms=0 deadline_ms=250 enabled=1
wdt: BTSTACK max_stale_ms=0 deadline_ms=1000 enabled=1
wdt: MEDIA max_stale_ms=0 deadline_ms=500 enabled=1
usb-audio: streaming rate=48000Hz ch=2 bits=16 measured=191738 B/ctr s=0000000279 u=0000289652 t=0000014787 e=0000040684 p=0000020342 d=0000001651 c=0000008661 o=0000000000                   
s (197824 bytes / 1031ms)
usb-pump: packets=96407 log_drops=164369 report_dt_us=1031854
usb-pump-race: pump_ticks_run=277336 satr pc0=100036f3 b0=00015699 pc1=10002981 b1=00015100 pc2=100036bd b2=00010729                                                
of_isr=277349
usb-sof-2ap: sof_streaming=120729 got=96406 miss_avail=1327 miss_unavail=22996 hw_unavail=24499
usb-audio-fix: fdrn c=00005473 s=00000000 z=00002207 bd=0000167680 bp=0000175727 dr=0000173962                                                
b_done=114832
usb-audio-okx: rx_bytes_total=18516688 rx_short_packets=1636
usb-pump-logring: backlog_hwm=8192
wdt: USB_TIMER max_stale_ms=0 deadline_ms=100 enabled=1
wdt: USB_TASK max_stale_ms=0 deadline_ms=250 enabled=1
wdt: BTSTACK max_stale_ms=0 deadline_ms=1000 enabled=1
wdt: MEDIA max_stale_ms=0 deadline_ms=500 enabled=1
usb-audio: streaming rate=48000Hz ch=2 bits=16 mectr s=0000000280 u=0000290736 t=0000014883 e=0000041090 p=0000020545 d=0000001673 c=0000008735 o=0000000000                   
asured=191968 B/s (207232 bytes / 1079ms)
usb-pump: packets=97485 log_drops=165211 report_dt_us=1079397
usb-pump-race: pump_tiatr pc0=100036f3 b0=00015797 pc1=10002981 b1=00015100 pc2=100036bd b2=00010793                                                
cks_run=278414 sof_isr=278428
usb-sof-2ap: sof_streaming=121808 got=97484 miss_avail=1327 miss_unavail=22997 hw_unavail=24500
drn c=00005477 s=00000000 z=00002207 bd=0000168320 bp=0000176349 dr=0000174841                                                
usb-audio-fix: fb_done=115910
usb-audio-okx: rx_bytes_total=18723728 rx_short_packets=1652
wdt: USB_TIMER max_stale_ms=0 deadline_ms=100 enabled=1
wdt: USB_TASK max_stale_ms=0 deadline_ms=250 enabled=1
wdt: BTSTACK max_stale_ms=0 deadline_ms=1000 enabled=1
wdt: MEDIA max_stale_ms=0 deadline_ms=500 enabled=1
usb-audio: streaming rate=48000Hz ch=2 bits=16 measured=192091 B/s (2ctr s=0000000281 u=0000291815 t=0000014979 e=0000041495 p=0000020747 d=0000001695 c=0000008809 o=0000000000                   
21640 bytes / 1153ms)
usb-pump: packets=98639 log_drops=166090 report_dt_us=1153819
usb-pump-race: pump_ticks_run=279568 sof_iatr pc0=100036f3 b0=00015895 pc1=10002981 b1=00015100 pc2=100036bd b2=00010857                                                
sr=279582
usb-sof-2ap: sof_streaming=122962 got=98638 miss_avail=1327 miss_unavail=22997 hw_unavail=24500
usb-audio-fix: fb_dodrn c=00005481 s=00000000 z=00002207 bd=0000168960 bp=0000177007 dr=0000175683                                                
ne=117064
usb-audio-okx: rx_bytes_total=18945368 rx_short_packets=1670
usb-pump-logring: backlog_hwm=8192
a2dp: codec=LDAC bitrate=990000 fill=1880/4608 ovr_frames=0 und=1458 report_dt_us=1153819
a2dp: enc_max_us=1810 pkt_sent=18499 pkt_fail=0 misaligned=0
a2dp: tick_count=13919 worst_tick_interval_us=13251 enc_frames_total=36999
wdt: USB_TIMER max_stale_ms=0 deadline_ms=100 ctr s=0000000282 u=0000292911 t=0000015076 e=0000041906 p=0000020953 d=0000001719 c=0000008882 o=0000000000                   
enabled=1
wdt: USB_TASK max_stale_ms=0 deadline_ms=250 enabled=1
wdt: BTSTACK max_stale_ms=0 deadline_ms=1000 enabled=1
wdt: atr pc0=100036f3 b0=00015993 pc1=10002981 b1=00015100 pc2=100036bd b2=00010921                                                
MEDIA max_stale_ms=0 deadline_ms=500 enabled=1
usb-audio: streaming rate=48000Hz ch=2 bits=16 measured=191891 B/s (239688 bytesdrn c=00005485 s=00000000 z=00002207 bd=0000169600 bp=0000177629 dr=0000176561                                                
 / 1249ms)
usb-pump: packets=99887 log_drops=166703 report_dt_us=1249067
usb-pump-race: pump_ticks_run=280816 sof_isr=280831
usb-sof-2ap: sof_streaming=124211 got=99886 miss_avail=1327 miss_unavail=22998 hw_unavail=24501
usb-audio-fix: fb_done=118312
usb-audio-okx: rx_bytes_total=19185056 rx_short_packets=1688
usb-pump-logring: backlog_hwm=8192
a2dp: codec=LDAC bitrate=99000ctr s=0000000283 u=0000293933 t=0000015166 e=0000042289 p=0000021144 d=0000001743 c=0000008948 o=0000000000                   
0 fill=1952/4608 ovr_frames=0 und=1458 report_dt_us=1249067
a2dp: enc_max_us=1810 pkt_sent=18733 pkt_fail=0 misaligned=0
a2dp:atr pc0=100036f3 b0=00016091 pc1=10002981 b1=00015100 pc2=100036bd b2=00010985                                                
 tick_count=14029 worst_tick_interval_us=13251 enc_frames_total=37467
wdt: USB_TIMER max_stale_ms=0 deadline_ms=100 enabled=1
drn c=00005489 s=00000000 z=00002207 bd=0000170240 bp=0000178287 dr=0000177403                                                
wdt: USB_TASK max_stale_ms=0 deadline_ms=250 enabled=1
wdt: BTSTACK max_stale_ms=0 deadline_ms=1000 enabled=1
wdt: MEDIA max_stale_ms=0 deadline_ms=500 enabled=1
usb-audio: streaming rate=48000Hz ch=2 bits=16 measured=191637 B/s (201664 bytes / 1052ms)
usb-pump: packets=100937 log_drops=167316 report_dt_us=1052362
usb-pump-race: pump_ticks_run=281866 sof_isr=281884
usb-sof-2actr s=0000000284 u=0000294982 t=0000015259 e=0000042682 p=0000021341 d=0000001764 c=0000009020 o=0000000000                   
p: sof_streaming=125264 got=100937 miss_avail=1327 miss_unavail=23000 hw_unavail=24503
usb-audio-fix: fb_done=119362
usb-audioatr pc0=100036f3 b0=00016189 pc1=10002981 b1=00015100 pc2=100036bd b2=00011049                                                
-okx: rx_bytes_total=19386912 rx_short_packets=1704
usb-pump-logring: backlog_hwm=8192
wdt: USB_TIMER max_stale_ms=0 deadline_drn c=00005493 s=00000000 z=00002207 bd=0000170880 bp=0000178909 dr=0000178281                                                
ms=100 enabled=1
wdt: USB_TASK max_stale_ms=0 deadline_ms=250 enabled=1
wdt: BTSTACK max_stale_ms=0 deadline_ms=1000 enabled=1
wdt: MEDIA max_stale_ms=0 deadline_ms=500 enabled=1
usb-audio: streaming rate=48000Hz ch=2 bits=16 measured=191828 B/s (204928 bytes / 1068ms)
usb-pump: packets=102005 log_drops=168158 report_dt_us=1068385
usb-pump-race: pump_ticks_run=282934 sof_isr=ctr s=0000000285 u=0000296027 t=0000015351 e=0000043073 p=0000021536 d=0000001787 c=0000009089 o=0000000000                   
282952
usb-sof-2ap: sof_streaming=126332 got=102004 miss_avail=1327 miss_unavail=23001 hw_unavail=24504
usb-audio-fix: fb_doneatr pc0=100036f3 b0=00016287 pc1=10002981 b1=00015100 pc2=100036bd b2=00011113                                                
=120430
usb-audio-okx: rx_bytes_total=19591840 rx_short_packets=1720
usb-pump-logring: backlog_hwm=8192
wdt: USB_TIMER max_stdrn c=00005497 s=00000000 z=00002207 bd=0000171520 bp=0000179567 dr=0000179124                                                
ale_ms=0 deadline_ms=100 enabled=1
wdt: USB_TASK max_stale_ms=0 deadline_ms=250 enabled=1
wdt: BTSTACK max_stale_ms=0 deadline_ms=1000 enabled=1
wdt: MEDIA max_stale_ms=0 deadline_ms=500 enabled=1
usb-audio: streaming rate=48000Hz ch=2 bits=16 measured=191930 B/s (206468 bytes / 1075ms)
usb-pump: packets=103079 log_drops=169001 report_dt_us=1075644
usb-pump-race: pump_ticks_rctr s=0000000286 u=0000297074 t=0000015444 e=0000043463 p=0000021731 d=0000001807 c=0000009161 o=0000000000                   
un=284008 sof_isr=284028
usb-sof-2ap: sof_streaming=127408 got=103079 miss_avail=1327 miss_unavail=23002 hw_unavail=24505
usb-atr pc0=100036f3 b0=00016385 pc1=10002981 b1=00015100 pc2=100036bd b2=00011177                                                
audio-fix: fb_done=121505
usb-audio-okx: rx_bytes_total=19798308 rx_short_packets=1737
usb-pump-logring: backlog_hwm=8192
wdtdrn c=00005501 s=00000000 z=00002207 bd=0000172160 bp=0000180189 dr=0000180002                                                
: USB_TIMER max_stale_ms=0 deadline_ms=100 enabled=1
wdt: USB_TASK max_stale_ms=0 deadline_ms=250 enabled=1
wdt: BTSTACK max_stale_ms=0 deadline_ms=1000 enabled=1
wdt: MEDIA max_stale_ms=0 deadline_ms=500 enabled=1
usb-audio: streaming rate=48000Hz ch=2 bits=16 measured=191655 B/s (201468 bytes / 1051ms)
usb-pump: packets=104129 log_drops=169844 report_dt_us=1051305
usb-pump-ctr s=0000000287 u=0000298134 t=0000015537 e=0000043860 p=0000021930 d=0000001832 c=0000009229 o=0000000000                   
race: pump_ticks_run=285058 sof_isr=285079
usb-sof-2ap: sof_streaming=128459 got=104128 miss_avail=1327 miss_unavail=23004 hw_unavail=24507
usb-audio-fix: fb_done=122554
usb-audio-okx: rx_bytes_total=19999776 rx_short_packets=1752
wdt: USB_TIMER max_stale_ms=0 deadline_ms=100 enabled=1
wdt: USB_TASK max_stale_ms=0 deadline_ms=250 enabled=1
wdt: BTSTACK max_stale_ms=0 deadlineatr pc0=100036f3 b0=00016483 pc1=10002981 b1=00015100 pc2=100036bd b2=00011241                                                
_ms=1000 enabled=1
wdt: MEDIA max_stale_ms=0 deadline_ms=500 enabled=1
usb-audio: streaming rate=48000Hz ch=2 bits=16 measureddrn c=00005506 s=00000000 z=00002207 bd=0000173056 bp=0000180847 dr=0000180845                                                
=192087 B/s (194752 bytes / 1013ms)
usb-pump: packets=105142 log_drops=170722 report_dt_us=1013749
usb-pump-race: pump_ticks_run=286072 sof_isr=286093
usb-sof-2ap: sof_streaming=129473 got=105142 miss_avail=1327 miss_unavail=23004 hw_unavail=24507
usb-audio-fix: fb_done=123568
usb-audio-okx: rx_bytes_total=20194528 rx_short_packets=1768
usb-pump-logring: backlog_hwm=8192
fractr s=0000000288 u=0000299398 t=0000015649 e=0000044334 p=0000022167 d=0000001858 c=0000009315 o=0000000000                   
me 5461: render=226467us blit=22450us total=248962us
wdt: USB_TIMER max_stale_ms=0 deadline_ms=100 enabled=1
wdt: USB_TASK maxatr pc0=100036f3 b0=00016581 pc1=10002981 b1=00015100 pc2=100036bd b2=00011305                                                
_stale_ms=0 deadline_ms=250 enabled=1
wdt: BTSTACK max_stale_ms=0 deadline_ms=1000 enabled=1
wdt: MEDIA max_stale_ms=0 deadlindrn c=00005510 s=00000000 z=00002207 bd=0000173696 bp=0000181734 dr=0000181458                                                
e_ms=500 enabled=1
usb-audio: streaming rate=48000Hz ch=2 bits=16 measured=192132 B/s (198780 bytes / 1034ms)
usb-pump: packets=106177 log_drops=171565 report_dt_us=1034570
usb-pump-race: pump_ticks_run=287106 sof_isr=287127
usb-sof-2ap: sof_streaming=130507 got=106176 miss_avail=1327 miss_unavail=23004 hw_unavail=24507
usb-audio-fix: fb_done=124602
wdt: USB_TIMER max_stale_mctr s=0000000289 u=0000300486 t=0000015745 e=0000044742 p=0000022371 d=0000001882 c=0000009387 o=0000000000                   
s=0 deadline_ms=100 enabled=1
wdt: USB_TASK max_stale_ms=0 deadline_ms=250 enabled=1
wdt: BTSTACK max_stale_ms=0 deadline_ms=1atr pc0=100036f3 b0=00016679 pc1=10002981 b1=00015100 pc2=100036bd b2=00011369                                                
000 enabled=1
wdt: MEDIA max_stale_ms=0 deadline_ms=500 enabled=1
usb-audio: streaming rate=48000Hz ch=2 bits=16 measured=1919drn c=00005514 s=00000000 z=00002207 bd=0000174336 bp=0000182392 dr=0000182301                                                
51 B/s (197244 bytes / 1027ms)
usb-pump: packets=107205 log_drops=172506 report_dt_us=1027690
usb-pump-race: pump_ticks_run=288134 sof_isr=288155
usb-sof-2ap: sof_streaming=131535 got=107204 miss_avail=1327 miss_unavail=23004 hw_unavail=24507
usb-audio-fix: fb_done=125630
usb-audio-okx: rx_bytes_total=20590552 rx_short_packets=1798
usb-pump-logring: backlog_hwm=8192
wdt: USBctr s=0000000290 u=0000301540 t=0000015838 e=0000045137 p=0000022568 d=0000001906 c=0000009456 o=0000000000                   
_TIMER max_stale_ms=0 deadline_ms=100 enabled=1
wdt: USB_TASK max_stale_ms=0 deadline_ms=250 enabled=1
wdt: BTSTACK max_stale_atr pc0=100036f3 b0=00016777 pc1=10002981 b1=00015100 pc2=100036bd b2=00011433                                                
ms=0 deadline_ms=1000 enabled=1
wdt: MEDIA max_stale_ms=0 deadline_ms=500 enabled=1
usb-audio: streaming rate=48000Hz ch=2 bitdrn c=00005518 s=00000000 z=00002207 bd=0000174976 bp=0000183014 dr=0000183180                                                
s=16 measured=192057 B/s (241608 bytes / 1257ms)
usb-pump: packets=108463 log_drops=173349 report_dt_us=1258007
usb-pump-race: pump_ticks_run=289392 sof_isr=289413
usb-sof-2ap: sof_streaming=132793 got=108462 miss_avail=1327 miss_unavail=23004 hw_unavail=24507
usb-audio-fix: fb_done=126888
usb-audio-okx: rx_bytes_total=20832160 rx_short_packets=1816
usb-pump-logring: backlog_ctr s=0000000291 u=0000302611 t=0000015933 e=0000045539 p=0000022769 d=0000001928 c=0000009529 o=0000000000                   
hwm=8192
a2dp: codec=LDAC bitrate=990000 fill=1952/4608 ovr_frames=0 und=1458 report_dt_us=1258007
a2dp: enc_max_us=1810 pkt_satr pc0=100036f3 b0=00016875 pc1=10002981 b1=00015100 pc2=100036bd b2=00011497                                                
ent=20342 pkt_fail=0 misaligned=0
a2dp: tick_count=14787 worst_tick_interval_us=13251 enc_frames_total=40684
wdt: USB_TIMER madrn c=00005522 s=00000000 z=00002207 bd=0000175616 bp=0000183667 dr=0000184085                                                
x_stale_ms=0 deadline_ms=100 enabled=1
wdt: USB_TASK max_stale_ms=0 deadline_ms=250 enabled=1
wdt: BTSTACK max_stale_ms=0 deadline_ms=1000 enabled=1
wdt: MEDIA max_stale_ms=0 deadline_ms=500 enabled=1
usb-audio: streaming rate=48000Hz ch=2 bits=16 measured=191925 B/s (207996 bytes / 1083ms)
usb-pump: packets=109545 log_drops=173962 report_dt_us=1083635
usb-pump-race: pump_ticctr s=0000000292 u=0000303633 t=0000016023 e=0000045921 p=0000022960 d=0000001951 c=0000009596 o=0000000000                   
ks_run=290474 sof_isr=290497
usb-sof-2ap: sof_streaming=133877 got=109545 miss_avail=1327 miss_unavail=23005 hw_unavail=24508
atr pc0=100036f3 b0=00016973 pc1=10002981 b1=00015100 pc2=100036bd b2=00011561                                                
usb-audio-fix: fb_done=127970
usb-audio-okx: rx_bytes_total=21039964 rx_short_packets=1831
wdt: USB_TIMER max_stale_ms=0 deadldrn c=00005526 s=00000000 z=00002207 bd=0000176256 bp=0000184289 dr=0000184964                                                
ine_ms=100 enabled=1
wdt: USB_TASK max_stale_ms=0 deadline_ms=250 enabled=1
wdt: BTSTACK max_stale_ms=0 deadline_ms=1000 enabled=1
wdt: MEDIA max_stale_ms=0 deadline_ms=500 enabled=1
usb-audio: streaming rate=48000Hz ch=2 bits=16 measured=192121 B/s (207232 bytes / 1078ms)
usb-pump: packets=110624 log_drops=174841 report_dt_us=1078633
usb-pump-race: pump_ticks_run=291553 sof_ctr s=0000000293 u=0000304634 t=0000016112 e=0000046296 p=0000023148 d=0000001971 c=0000009665 o=0000000000                   
isr=291575
usb-sof-2ap: sof_streaming=134955 got=110623 miss_avail=1327 miss_unavail=23005 hw_unavail=24508
usb-audio-fix: fb_done=129050
usb-audio-okx: rx_bytes_total=21247388 rx_short_packets=1847
usb-pump-logring: backlog_hwm=8192
wdt: USB_TIMER max_stale_ms=0 deadline_ms=100 enabled=1
wdt: USB_TASK max_stale_ms=0 deadline_ms=250 enabled=1
wdt: BTSTACK max_stale_ms=0 deadatr pc0=100036f3 b0=00017071 pc1=10002981 b1=00015100 pc2=100036bd b2=00011625                                                
line_ms=1000 enabled=1
wdt: MEDIA max_stale_ms=0 deadline_ms=500 enabled=1
usb-audio: streaming rate=48000Hz ch=2 bits=16 measdrn c=00005531 s=00000000 z=00002207 bd=0000177152 bp=0000184947 dr=0000185806                                                
ured=191861 B/s (210304 bytes / 1096ms)
usb-pump: packets=111719 log_drops=175683 report_dt_us=1096124
usb-pump-race: pump_ticctr s=0000000294 u=0000305668 t=0000016203 e=0000046684 p=0000023342 d=0000001995 c=0000009732 o=0000000000                   
ks_run=292648 sof_isr=292671
usb-sof-2ap: sof_streaming=136052 got=111719 miss_avail=1327 miss_unavail=23006 hw_unavail=24509
usb-audio-fix: fb_done=130144
usb-audio-okx: rx_bytes_total=21457500 rx_short_packets=1863
wdt: USB_TIMER max_stale_ms=0 deadline_ms=100 enabled=1
wdt: USB_TASK max_stale_ms=0 deadline_ms=250 enabled=1
wdt: BTSTACK max_stale_ms=0 deadline_ms=1000 enablatr pc0=100036f3 b0=00017169 pc1=10002981 b1=00015100 pc2=100036bd b2=00011689                                                
ed=1
wdt: MEDIA max_stale_ms=0 deadline_ms=500 enabled=1
usb-audio: streaming rate=48000Hz ch=2 bits=16 measured=191931 B/s (1drn c=00005535 s=00000000 z=00002207 bd=0000177792 bp=0000185569 dr=0000186684                                                
96288 bytes / 1022ms)
usb-pump: packets=112741 log_drops=176561 report_dt_us=1022701
usb-pump-race: pump_ticks_run=293670 sof_ctr s=0000000295 u=0000306696 t=0000016293 e=0000047069 p=0000023534 d=0000002020 c=0000009797 o=0000000000                   
isr=293694
usb-sof-2ap: sof_streaming=137074 got=112740 miss_avail=1327 miss_unavail=23007 hw_unavail=24510
usb-audio-fix: fb_done=131166
usb-audio-okx: rx_bytes_total=21653788 rx_short_packets=1879
usb-pump-logring: backlog_hwm=8192
wdt: USB_TIMER max_stale_ms=0 deadline_ms=100 enabled=1
wdt: USB_TASK max_stale_ms=0 deadline_ms=250 enabled=1
wdt: BTSTACK max_stale_ms=0 deadatr pc0=100036f3 b0=00017267 pc1=10002981 b1=00015100 pc2=100036bd b2=00011753                                                
line_ms=1000 enabled=1
wdt: MEDIA max_stale_ms=0 deadline_ms=500 enabled=1
usb-audio: streaming rate=48000Hz ch=2 bits=16 measdrn c=00005539 s=00000000 z=00002207 bd=0000178432 bp=0000186227 dr=0000187527                                                
ured=191674 B/s (201088 bytes / 1049ms)
usb-pump: packets=113788 log_drops=177403 report_dt_us=1049113
usb-pump-race: pump_ticctr s=0000000296 u=0000307697 t=0000016381 e=0000047445 p=0000023722 d=0000002044 c=0000009861 o=0000000000                   
ks_run=294717 sof_isr=294743
usb-sof-2ap: sof_streaming=138123 got=113787 miss_avail=1327 miss_unavail=23009 hw_unavail=24512
usb-audio-fix: fb_done=132213
usb-audio-okx: rx_bytes_total=21854876 rx_short_packets=1895
wdt: USB_TIMER max_stale_ms=0 deadline_ms=100 enabled=1
wdt: USB_TASK max_stale_ms=0 deadline_ms=250 enabled=1
wdt: BTSTACK max_stale_ms=0 deadline_ms=1000 enablatr pc0=100036f3 b0=00017365 pc1=10002981 b1=00015100 pc2=100036bd b2=00011817                                                
ed=1
wdt: MEDIA max_stale_ms=0 deadline_ms=500 enabled=1
usb-audio: streaming rate=48000Hz ch=2 bits=16 measured=191811 B/s (2drn c=00005543 s=00000000 z=00002207 bd=0000179072 bp=0000186849 dr=0000188406                                                
00128 bytes / 1043ms)
usb-pump: packets=114831 log_drops=178281 report_dt_us=1044231
usb-pump-race: pump_ticks_run=295760 sof_ctr s=0000000297 u=0000308740 t=0000016473 e=0000047836 p=0000023918 d=0000002068 c=0000009929 o=0000000000                   
isr=295788
usb-sof-2ap: sof_streaming=139168 got=114831 miss_avail=1327 miss_unavail=23010 hw_unavail=24513
usb-audio-fix: fb_done=133256
usb-audio-okx: rx_bytes_total=22055196 rx_short_packets=1911
usb-pump-logring: backlog_hwm=8192
wdt: USB_TIMER max_stale_ms=0 deadline_ms=100 enabled=1
wdt: USB_TASK max_stale_ms=0 deadline_ms=250 enabled=1
wdt: BTSTACK max_stale_ms=0 deadatr pc0=100036f3 b0=00017463 pc1=10002981 b1=00015100 pc2=100036bd b2=00011881                                                
line_ms=1000 enabled=1
wdt: MEDIA max_stale_ms=0 deadline_ms=500 enabled=1
usb-audio: streaming rate=48000Hz ch=2 bits=16 measdrn c=00005547 s=00000000 z=00002207 bd=0000179712 bp=0000187507 dr=0000189249                                                
ured=190540 B/s (199744 bytes / 1048ms)
usb-pump: packets=115871 log_drops=179124 report_dt_us=1047567
usb-pump-race: pump_ticctr s=0000000298 u=0000309771 t=0000016564 e=0000048223 p=0000024111 d=0000002091 c=0000009997 o=0000000000                   
ks_run=296800 sof_isr=296835
usb-sof-2ap: sof_streaming=140215 got=115870 miss_avail=1327 miss_unavail=23018 hw_unavail=24521
usb-audio-fix: fb_done=134296
usb-audio-okx: rx_bytes_total=22254940 rx_short_packets=1927
wdt: USB_TIMER max_stale_ms=0 deadline_ms=100 enabled=1
wdt: USB_TASK max_stale_ms=0 deadline_ms=250 enabled=1
wdt: BTSTACK max_stale_ms=0 deadline_ms=1000 enabled=1
wdt: MEDIA max_stale_ms=0 deadline_ms=500 enabled=1
usb-audio: streaming rate=48000Hz ch=2 bits=16 measured=191946 B/s (2atr pc0=100036f3 b0=00017561 pc1=10002981 b1=00015100 pc2=100036bd b2=00011945                                                
03200 bytes / 1058ms)
usb-pump: packets=116928 log_drops=180002 report_dt_us=1058505
usb-pump-race: pump_ticks_run=297857 sof_drn c=00005552 s=00000000 z=00002207 bd=0000180480 bp=0000188129 dr=0000190128                                                
isr=297894
usb-sof-2ap: sof_streaming=141274 got=116928 miss_avail=1327 miss_unavail=23019 hw_unavail=24522
usb-audio-fix: fb_ctr s=0000000299 u=0000310944 t=0000016668 e=0000048662 p=0000024331 d=0000002114 c=0000010078 o=0000000000                   
done=135353
usb-audio-okx: rx_bytes_total=22457948 rx_short_packets=1943
usb-pump-logring: backlog_hwm=8192
wdt: USB_TIMER max_stale_ms=0 deadline_ms=100 enabled=1
wdt: USB_TASK max_stale_ms=0 deadline_ms=250 enabled=1
wdt: BTSTACK max_stale_ms=0 deadline_ms=1000 enabled=1
wdt: MEDIA max_stale_ms=0 deadline_ms=500 enabled=1
usb-audio: streaming rate=48000Hz ch=2 bits=16 measatr pc0=100036f3 b0=00017659 pc1=10002981 b1=00015100 pc2=100036bd b2=00012009                                                
ured=191840 B/s (242764 bytes / 1265ms)
usb-pump: packets=118193 log_drops=180845 report_dt_us=1265615
usb-pump-race: pump_ticdrn c=00005556 s=00000000 z=00002207 bd=0000181120 bp=0000188878 dr=0000190881                                                
ks_run=299122 sof_isr=299159
usb-sof-2ap: sof_streaming=142539 got=118192 miss_avail=1327 miss_unavail=23020 hw_unavail=24523
ctr s=0000000300 u=0000312023 t=0000016763 e=0000049067 p=0000024533 d=0000002139 c=0000010148 o=0000000000                   
usb-audio-fix: fb_done=136618
usb-audio-okx: rx_bytes_total=22700904 rx_short_packets=1962
usb-pump-logring: backlog_hwm=8192
a2dp: codec=LDAC bitrate=990000 fill=1896/4608 ovr_frames=0 und=1459 report_dt_us=1265615
a2dp: enc_max_us=1810 pkt_sent=22167 pkt_fail=0 misaligned=0
a2dp: tick_count=15649 worst_tick_interval_us=13251 enc_frames_total=44334
wdt: USB_TIMER max_stale_matr pc0=100036f3 b0=00017757 pc1=10002981 b1=00015100 pc2=100036bd b2=00012073                                                
s=0 deadline_ms=100 enabled=1
wdt: USB_TASK max_stale_ms=0 deadline_ms=250 enabled=1
wdt: BTSTACK max_stale_ms=0 deadline_ms=1drn c=00005560 s=00000000 z=00002207 bd=0000181760 bp=0000189536 dr=0000191725                                                
000 enabled=1
wdt: MEDIA max_stale_ms=0 deadline_ms=500 enabled=1
usb-audio: streaming rate=48000Hz ch=2 bits=16 measured=1920ctr s=0000000301 u=0000313130 t=0000016861 e=0000049482 p=0000024741 d=0000002162 c=0000010223 o=0000000000                   
81 B/s (208960 bytes / 1087ms)
usb-pump: packets=119281 log_drops=181458 report_dt_us=1087789
usb-pump-race: pump_ticks_run=300210 sof_isr=300247
usb-sof-2ap: sof_streaming=143627 got=119280 miss_avail=1327 miss_unavail=23020 hw_unavail=24523
usb-audio-fix: fb_done=137706
usb-audio-okx: rx_bytes_total=22909864 rx_short_packets=1978
usb-pump-logring: backlog_hwm=8192
wdt: USBatr pc0=100036f3 b0=00017855 pc1=10002981 b1=00015100 pc2=100036bd b2=00012137                                                
_TIMER max_stale_ms=0 deadline_ms=100 enabled=1
wdt: USB_TASK max_stale_ms=0 deadline_ms=250 enabled=1
wdt: BTSTACK max_stale_drn c=00005564 s=00000000 z=00002207 bd=0000182400 bp=0000190194 dr=0000192569                                                
ms=0 deadline_ms=1000 enabled=1
wdt: MEDIA max_stale_ms=0 deadline_ms=500 enabled=1
usb-audio: streaming rate=48000Hz ch=2 bitctr s=0000000302 u=0000314197 t=0000016955 e=0000049882 p=0000024941 d=0000002186 c=0000010293 o=0000000000                   
s=16 measured=191937 B/s (202240 bytes / 1053ms)
usb-pump: packets=120333 log_drops=182301 report_dt_us=1053588
usb-pump-race: pump_ticks_run=301262 sof_isr=301301
usb-sof-2ap: sof_streaming=144681 got=120333 miss_avail=1327 miss_unavail=23021 hw_unavail=24524
usb-audio-fix: fb_done=138758
usb-audio-okx: rx_bytes_total=23111912 rx_short_packets=1994
wdt: USB_TIMER max_stale_matr pc0=100036f3 b0=00017953 pc1=10002981 b1=00015100 pc2=100036bd b2=00012201                                                
s=0 deadline_ms=100 enabled=1
wdt: USB_TASK max_stale_ms=0 deadline_ms=250 enabled=1
wdt: BTSTACK max_stale_ms=0 deadline_ms=1drn c=00005568 s=00000000 z=00002207 bd=0000183040 bp=0000190816 dr=0000193449                                                
000 enabled=1
wdt: MEDIA max_stale_ms=0 deadline_ms=500 enabled=1
usb-audio: streaming rate=48000Hz ch=2 bits=16 measured=1918ctr s=0000000303 u=0000315273 t=0000017050 e=0000050285 p=0000025142 d=0000002209 c=0000010365 o=0000000000                   
39 B/s (205504 bytes / 1071ms)
frame 5521: render=237394us blit=31992us total=269493us
usb-pump: packets=121403 log_drops=183180 report_dt_us=1071263
usb-pump-race: pump_ticks_run=302333 sof_isr=302372
usb-sof-2ap: sof_streaming=145752 got=121403 miss_avail=1327 miss_unavail=23022 hw_unavail=24525
usb-audio-fix: fb_done=139829
usb-pump-logring: backlog_hwm=8192
wdt: USB_TIMEatr pc0=100036f3 b0=00018051 pc1=10002981 b1=00015100 pc2=100036bd b2=00012265                                                
R max_stale_ms=0 deadline_ms=100 enabled=1
wdt: USB_TASK max_stale_ms=0 deadline_ms=250 enabled=1
wdt: BTSTACK max_stale_ms=0 drn c=00005572 s=00000000 z=00002207 bd=0000183680 bp=0000191474 dr=0000194293                                                
deadline_ms=1000 enabled=1
wdt: MEDIA max_stale_ms=0 deadline_ms=500 enabled=1
usb-audio: streaming rate=48000Hz ch=2 bits=16 ctr s=0000000304 u=0000316343 t=0000017145 e=0000050687 p=0000025343 d=0000002231 c=0000010438 o=0000000000                   
measured=191718 B/s (195904 bytes / 1021ms)
usb-pump: packets=122423 log_drops=184085 report_dt_us=1021791
usb-pump-race: pump_ticks_run=303352 sof_isr=303394
usb-sof-2ap: sof_streaming=146774 got=122423 miss_avail=1327 miss_unavail=23024 hw_unavail=24527
usb-audio-fix: fb_done=140848
usb-audio-okx: rx_bytes_total=23513320 rx_short_packets=2026
wdt: USB_TIMER max_stale_ms=0 datr pc0=100036f3 b0=00018149 pc1=10002981 b1=00015100 pc2=100036bd b2=00012329                                                
eadline_ms=100 enabled=1
wdt: USB_TASK max_stale_ms=0 deadline_ms=250 enabled=1
wdt: BTSTACK max_stale_ms=0 deadline_ms=1000 edrn c=00005576 s=00000000 z=00002207 bd=0000184320 bp=0000192096 dr=0000195173                                                
nabled=1
wdt: MEDIA max_stale_ms=0 deadline_ms=500 enabled=1
usb-audio: streaming rate=48000Hz ch=2 bits=16 measured=191621 B/ctr s=0000000305 u=0000317399 t=0000017238 e=0000051083 p=0000025541 d=0000002255 c=0000010507 o=0000000000                   
s (191868 bytes / 1001ms)
usb-pump: packets=123423 log_drops=184964 report_dt_us=1001386
usb-pump-race: pump_ticks_run=304352 sof_isr=304395
usb-sof-2ap: sof_streaming=147775 got=123422 miss_avail=1327 miss_unavail=23026 hw_unavail=24529
usb-audio-fix: fb_done=141848
usb-audio-okx: rx_bytes_total=23705380 rx_short_packets=2041
usb-pump-logring: backlog_hwm=8192
wdt: USB_TIMEatr pc0=100036f3 b0=00018247 pc1=10002981 b1=00015100 pc2=100036bd b2=00012393                                                
R max_stale_ms=0 deadline_ms=100 enabled=1
wdt: USB_TASK max_stale_ms=0 deadline_ms=250 enabled=1
wdt: BTSTACK max_stale_ms=0 drn c=00005580 s=00000000 z=00002207 bd=0000184960 bp=0000192754 dr=0000196017                                                
deadline_ms=1000 enabled=1
wdt: MEDIA max_stale_ms=0 deadline_ms=500 enabled=1
usb-audio: streaming rate=48000Hz ch=2 bits=16 ctr s=0000000306 u=0000318424 t=0000017328 e=0000051467 p=0000025733 d=0000002279 c=0000010573 o=0000000000                   
measured=192042 B/s (198588 bytes / 1034ms)
usb-pump: packets=124457 log_drops=185806 report_dt_us=1034102
usb-pump-race: pump_ticks_run=305386 sof_isr=305429
usb-sof-2ap: sof_streaming=148809 got=124456 miss_avail=1327 miss_unavail=23026 hw_unavail=24529
usb-audio-fix: fb_done=142882
usb-audio-okx: rx_bytes_total=23903968 rx_short_packets=2056
wdt: USB_TIMER max_stale_ms=0 datr pc0=100036f3 b0=00018345 pc1=10002981 b1=00015100 pc2=100036bd b2=00012457                                                
eadline_ms=100 enabled=1
wdt: USB_TASK max_stale_ms=0 deadline_ms=250 enabled=1
wdt: BTSTACK max_stale_ms=0 deadline_ms=1000 edrn c=00005584 s=00000000 z=00002207 bd=0000185600 bp=0000193407 dr=0000196923                                                
nabled=1
wdt: MEDIA max_stale_ms=0 deadline_ms=500 enabled=1
usb-audio: streaming rate=48000Hz ch=2 bits=16 measured=192073 B/ctr s=0000000307 u=0000319462 t=0000017420 e=0000051856 p=0000025928 d=0000002300 c=0000010644 o=0000000000                   
s (197440 bytes / 1027ms)
usb-pump: packets=125485 log_drops=186684 report_dt_us=1027944
usb-pump-race: pump_ticks_run=306414 sof_isr=306457
usb-sof-2ap: sof_streaming=149837 got=125484 miss_avail=1327 miss_unavail=23026 hw_unavail=24529
usb-audio-fix: fb_done=143910
usb-audio-okx: rx_bytes_total=24101408 rx_short_packets=2072
usb-pump-logring: backlog_hwm=8192
wdt: USB_TIMEatr pc0=100036f3 b0=00018443 pc1=10002981 b1=00015100 pc2=100036bd b2=00012521                                                
R max_stale_ms=0 deadline_ms=100 enabled=1
wdt: USB_TASK max_stale_ms=0 deadline_ms=250 enabled=1
wdt: BTSTACK max_stale_ms=0 drn c=00005588 s=00000000 z=00002207 bd=0000186240 bp=0000194029 dr=0000197802                                                
deadline_ms=1000 enabled=1
wdt: MEDIA max_stale_ms=0 deadline_ms=500 enabled=1
usb-audio: streaming rate=48000Hz ch=2 bits=16 ctr s=0000000308 u=0000320523 t=0000017514 e=0000052254 p=0000026127 d=0000002322 c=0000010716 o=0000000000                   
measured=192204 B/s (192440 bytes / 1001ms)
usb-pump: packets=126486 log_drops=187527 report_dt_us=1001095
usb-pump-race: pump_ticks_run=307415 sof_isr=307458
usb-sof-2ap: sof_streaming=150838 got=126485 miss_avail=1327 miss_unavail=23026 hw_unavail=24529
usb-audio-fix: fb_done=144911
usb-audio-okx: rx_bytes_total=24293656 rx_short_packets=2086
wdt: USB_TIMER max_stale_ms=0 deadline_ms=100 enabled=1
wdt: USB_TASK max_stale_ms=0 deadline_ms=250 enabled=1
wdt: BTSTACK max_stale_ms=0 deadline_ms=1000 enabled=1
wdt: MEDIA max_stale_ms=0 deadline_ms=500 enabled=1
usb-audio: streaming rate=48000Hz ch=2 bits=16 measured=191952 B/atr pc0=100036f3 b0=00018541 pc1=10002981 b1=00015100 pc2=100036bd b2=00012585                                                
s (200124 bytes / 1042ms)
usb-pump: packets=127528 log_drops=188406 report_dt_us=1042578
usb-pump-race: pump_ticks_run=308457 drn c=00005593 s=00000000 z=00002207 bd=0000187136 bp=0000194687 dr=0000198645                                                
sof_isr=308501
usb-sof-2ap: sof_streaming=151881 got=127528 miss_avail=1327 miss_unavail=23026 hw_unavail=24529
usb-audio-fix:ctr s=0000000309 u=0000321592 t=0000017608 e=0000052655 p=0000026327 d=0000002347 c=0000010785 o=0000000000                   
 fb_done=145954
usb-audio-okx: rx_bytes_total=24493972 rx_short_packets=2101
usb-pump-logring: backlog_hwm=8192
wdt: USB_TIMER max_stale_ms=0 deadline_ms=100 enabled=1
wdt: USB_TASK max_stale_ms=0 deadline_ms=250 enabled=1
wdt: BTSTACK max_stale_ms=0 deadline_ms=1000 enabled=1
wdt: MEDIA max_stale_ms=0 deadline_ms=500 enabled=1
usb-audio: streaming rate=48000Hz ch=2 bits=16 atr pc0=100036f3 b0=00018639 pc1=10002981 b1=00015100 pc2=100036bd b2=00012649                                                
measured=192115 B/s (196280 bytes / 1021ms)
usb-pump: packets=128550 log_drops=189249 report_dt_us=1021670
usb-pump-race: pumpdrn c=00005597 s=00000000 z=00002207 bd=0000187776 bp=0000195436 dr=0000199398                                                
_ticks_run=309479 sof_isr=309522
usb-sof-2ap: sof_streaming=152902 got=128549 miss_avail=1327 miss_unavail=23026 hw_unavail=245ctr s=0000000310 u=0000322675 t=0000017704 e=0000053061 p=0000026530 d=0000002369 c=0000010859 o=0000000000                   
29
usb-audio-fix: fb_done=146975
usb-audio-okx: rx_bytes_total=24690060 rx_short_packets=2115
wdt: USB_TIMER max_stale_ms=0 deadline_ms=100 enabled=1
wdt: USB_TASK max_stale_ms=0 deadline_ms=250 enabled=1
wdt: BTSTACK max_stale_ms=0 deadline_ms=1000 enabled=1
wdt: MEDIA max_stale_ms=0 deadline_ms=500 enabled=1
usb-audio: streaming rate=48000Hz ch=2 bits=16 measured=192023 B/atr pc0=100036f3 b0=00018737 pc1=10002981 b1=00015100 pc2=100036bd b2=00012713                                                
s (227008 bytes / 1182ms)
usb-pump: packets=129732 log_drops=190128 report_dt_us=1182199
usb-pump-race: pump_ticks_run=310661 drn c=00005601 s=00000000 z=00002207 bd=0000188416 bp=0000196094 dr=0000200241                                                
sof_isr=310705
usb-sof-2ap: sof_streaming=154085 got=129732 miss_avail=1327 miss_unavail=23026 hw_unavail=24529
usb-audio-fix:ctr s=0000000311 u=0000323769 t=0000017801 e=0000053471 p=0000026735 d=0000002392 c=0000010933 o=0000000000                   
 fb_done=148157
usb-audio-okx: rx_bytes_total=24917068 rx_short_packets=2131
usb-pump-logring: backlog_hwm=8192
a2dp: codec=LDAC bitrate=990000 fill=2124/4608 ovr_frames=0 und=1459 report_dt_us=1182199
wdt: USB_TIMER max_stale_ms=0 deadline_ms=100 enabled=1
wdt: USB_TASK max_stale_ms=0 deadline_ms=250 enabled=1
wdt: BTSTACK max_stale_ms=0 deadline_ms=1000 enabled=1
wdt: MEDIatr pc0=100036f3 b0=00018835 pc1=10002981 b1=00015100 pc2=100036bd b2=00012777                                                
A max_stale_ms=0 deadline_ms=500 enabled=1
usb-audio: streaming rate=48000Hz ch=2 bits=16 measured=192040 B/s (207224 bytes / 1drn c=00005605 s=00000000 z=00002207 bd=0000189056 bp=0000196716 dr=0000201121                                                
079ms)
usb-pump: packets=130811 log_drops=190881 report_dt_us=1079052
usb-pump-race: pump_ticks_run=311740 sof_isr=311784
usbctr s=0000000312 u=0000324833 t=0000017895 e=0000053870 p=0000026935 d=0000002415 c=0000011004 o=0000000000                   
-sof-2ap: sof_streaming=155164 got=130811 miss_avail=1327 miss_unavail=23026 hw_unavail=24529
usb-audio-fix: fb_done=149236
usb-audio-okx: rx_bytes_total=25124292 rx_short_packets=2145
usb-pump-logring: backlog_hwm=8192
wdt: USB_TIMER max_stale_ms=0 deadline_ms=100 enabled=1
wdt: USB_TASK max_stale_ms=0 deadline_ms=250 enabled=1
wdt: BTSTACK max_stale_ms=0 deadline_ms=1000 enatr pc0=100036f3 b0=00018933 pc1=10002981 b1=00015100 pc2=100036bd b2=00012841                                                
abled=1
wdt: MEDIA max_stale_ms=0 deadline_ms=500 enabled=1
usb-audio: streaming rate=48000Hz ch=2 bits=16 measured=192007 B/sdrn c=00005609 s=00000000 z=00002207 bd=0000189696 bp=0000197374 dr=0000201964                                                
 (212600 bytes / 1107ms)
usb-pump: packets=131919 log_drops=191725 report_dt_us=1107367
usb-pump-race: pump_ticks_run=312848 sctr s=0000000313 u=0000325873 t=0000017987 e=0000054260 p=0000027130 d=0000002437 c=0000011074 o=0000000000                   
of_isr=312891
usb-sof-2ap: sof_streaming=156271 got=131918 miss_avail=1327 miss_unavail=23026 hw_unavail=24529
usb-audio-fix: fb_done=150344
usb-audio-okx: rx_bytes_total=25337084 rx_short_packets=2159
usb-pump-logring: backlog_hwm=8192
wdt: USB_TIMER max_stale_ms=0 deadline_ms=100 enabled=1
wdt: USB_TASK max_stale_ms=0 deadline_ms=250 enabled=1
wdt: BTSTACK max_stale_ms=0 datr pc0=100036f3 b0=00019031 pc1=10002981 b1=00015100 pc2=100036bd b2=00012905                                                
eadline_ms=1000 enabled=1
wdt: MEDIA max_stale_ms=0 deadline_ms=500 enabled=1
usb-audio: streaming rate=48000Hz ch=2 bits=16 mdrn c=00005613 s=00000000 z=00002207 bd=0000190336 bp=0000197996 dr=0000202844                                                
easured=192084 B/s (204920 bytes / 1066ms)
usb-pump: packets=132985 log_drops=192569 report_dt_us=1066691
usb-pump-race: pump_ctr s=0000000314 u=0000326944 t=0000018082 e=0000054662 p=0000027331 d=0000002459 c=0000011147 o=0000000000                   
ticks_run=313914 sof_isr=313958
usb-sof-2ap: sof_streaming=157338 got=132985 miss_avail=1327 miss_unavail=23026 hw_unavail=24529
usb-audio-fix: fb_done=151411
usb-audio-okx: rx_bytes_total=25542004 rx_short_packets=2173
wdt: USB_TIMER max_stale_ms=0 deadline_ms=100 enabled=1
wdt: USB_TASK max_stale_ms=0 deadline_ms=250 enabled=1
wdt: BTSTACK max_stale_ms=0 deadline_ms=1000 enatr pc0=100036f3 b0=00019129 pc1=10002981 b1=00015100 pc2=100036bd b2=00012969                                                
abled=1
wdt: MEDIA max_stale_ms=0 deadline_ms=500 enabled=1
usb-audio: streaming rate=48000Hz ch=2 bits=16 measured=192110 B/sdrn c=00005617 s=00000000 z=00002207 bd=0000190976 bp=0000198654 dr=0000203688                                                
 (206644 bytes / 1075ms)
usb-pump: packets=134061 log_drops=193449 report_dt_us=1075660
usb-pump-race: pump_ticks_run=314990 sctr s=0000000315 u=0000328050 t=0000018180 e=0000055077 p=0000027538 d=0000002482 c=0000011222 o=0000000000                   
of_isr=315033
usb-sof-2ap: sof_streaming=158413 got=134060 miss_avail=1327 miss_unavail=23026 hw_unavail=24529
usb-audio-fix: fb_done=152486
usb-audio-okx: rx_bytes_total=25748456 rx_short_packets=2186
usb-pump-logring: backlog_hwm=8192
wdt: USB_TIMER max_stale_ms=0 deadline_ms=100 enabled=1
wdt: USB_TASK max_stale_ms=0 deadline_ms=250 enabled=1
wdt: BTSTACK max_stale_ms=0 datr pc0=100036f3 b0=00019227 pc1=10002981 b1=00015100 pc2=100036bd b2=00013033                                                
eadline_ms=1000 enabled=1
wdt: MEDIA max_stale_ms=0 deadline_ms=500 enabled=1
usb-audio: streaming rate=48000Hz ch=2 bits=16 mdrn c=00005621 s=00000000 z=00002207 bd=0000191616 bp=0000199276 dr=0000204568                                                
easured=191731 B/s (205304 bytes / 1070ms)
usb-pump: packets=135130 log_drops=194293 report_dt_us=1070770
usb-pump-race: pump_ctr s=0000000316 u=0000329139 t=0000018276 e=0000055485 p=0000027742 d=0000002506 c=0000011294 o=0000000000                   
ticks_run=316059 sof_isr=316104
usb-sof-2ap: sof_streaming=159484 got=135129 miss_avail=1327 miss_unavail=23028 hw_unavail=24531
usb-audio-fix: fb_done=153555
usb-audio-okx: rx_bytes_total=25953760 rx_short_packets=2200
wdt: USB_TIMER max_stale_ms=0 deadline_ms=100 enabled=1
wdt: USB_TASK max_stale_ms=0 deadline_ms=250 enabled=1
wdt: BTSTACK max_stale_ms=0 deadline_ms=1000 enatr pc0=100036f3 b0=00019325 pc1=10002981 b1=00015100 pc2=100036bd b2=00013097                                                
abled=1
wdt: MEDIA max_stale_ms=0 deadline_ms=500 enabled=1
usb-audio: streaming rate=48000Hz ch=2 bits=16 measured=192009 B/sdrn c=00005625 s=00000000 z=00002207 bd=0000192256 bp=0000199934 dr=0000205412                                                
 (200892 bytes / 1046ms)
usb-pump: packets=136185 log_drops=195173 report_dt_us=1055452
usb-pump-race: pump_ticks_run=317114 sctr s=0000000317 u=0000330202 t=0000018370 e=0000055884 p=0000027942 d=0000002529 c=0000011365 o=0000000000                   
of_isr=317160
usb-sof-2ap: sof_streaming=160540 got=136185 miss_avail=1327 miss_unavail=23028 hw_unavail=24531
usb-audio-fix: fb_done=154610
usb-audio-okx: rx_bytes_total=26156380 rx_short_packets=2215
usb-pump-logring: backlog_hwm=8192
frame 5581: render=248343us blit=13476us total=261868us
wdt: USB_TIMER max_stale_ms=0 deadline_ms=100 enabled=1
wdt: USB_TASK max_stale_ms=0atr pc0=100036f3 b0=00019423 pc1=10002981 b1=00015100 pc2=100036bd b2=00013161                                                
 deadline_ms=250 enabled=1
wdt: BTSTACK max_stale_ms=0 deadline_ms=1000 enabled=1
wdt: MEDIA max_stale_ms=0 deadline_ms=500 endrn c=00005629 s=00000000 z=00002207 bd=0000192896 bp=0000200556 dr=0000206291                                                
abled=1
usb-audio: streaming rate=48000Hz ch=2 bits=16 measured=192089 B/s (198772 bytes / 1034ms)
usb-pump: packets=137211 loctr s=0000000318 u=0000331259 t=0000018464 e=0000056280 p=0000028140 d=0000002549 c=0000011439 o=0000000000                   
g_drops=196017 report_dt_us=1025614
usb-pump-race: pump_ticks_run=318140 sof_isr=318185
usb-sof-2ap: sof_streaming=161565 got=137210 miss_avail=1327 miss_unavail=23028 hw_unavail=24531
usb-audio-fix: fb_done=155636
usb-pump-logring: backlog_hwm=8192
wdt: USB_TIMER max_stale_ms=0 deadline_ms=100 enabled=1
wdt: USB_TASK max_stale_ms=0 deadline_ms=250 enabled=1
wdt: BTSTACK maxatr pc0=100036f3 b0=00019521 pc1=10002981 b1=00015100 pc2=100036bd b2=00013225                                                
_stale_ms=0 deadline_ms=1000 enabled=1
wdt: MEDIA max_stale_ms=0 deadline_ms=500 enabled=1
usb-audio: streaming rate=48000Hz cdrn c=00005633 s=00000000 z=00002207 bd=0000193536 bp=0000201214 dr=0000207134                                                
h=2 bits=16 measured=191444 B/s (198588 bytes / 1037ms)
usb-pump: packets=138245 log_drops=196923 report_dt_us=1037334
usb-pumctr s=0000000319 u=0000332311 t=0000018557 e=0000056674 p=0000028337 d=0000002571 c=0000011510 o=0000000000                   
p-race: pump_ticks_run=319174 sof_isr=319223
usb-sof-2ap: sof_streaming=162603 got=138245 miss_avail=1327 miss_unavail=23031 hw_unavail=24534
usb-audio-fix: fb_done=156670
usb-audio-okx: rx_bytes_total=26552012 rx_short_packets=2243
wdt: USB_TIMER max_stale_ms=0 deadline_ms=100 enabled=1
wdt: USB_TASK max_stale_ms=0 deadline_ms=250 enabled=1
wdt: BTSTACK max_stale_ms=0 deadliatr pc0=100036f3 b0=00019619 pc1=10002981 b1=00015100 pc2=100036bd b2=00013289                                                
ne_ms=1000 enabled=1
wdt: MEDIA max_stale_ms=0 deadline_ms=500 enabled=1
usb-audio: streaming rate=48000Hz ch=2 bits=16 measurdrn c=00005637 s=00000000 z=00002207 bd=0000194176 bp=0000201836 dr=0000208014                                                
ed=191982 B/s (203780 bytes / 1061ms)
usb-pump: packets=139307 log_drops=197802 report_dt_us=1061550
usb-pump-race: pump_ticksctr s=0000000320 u=0000333337 t=0000018648 e=0000057059 p=0000028529 d=0000002593 c=0000011579 o=0000000000                   
_run=320236 sof_isr=320284
usb-sof-2ap: sof_streaming=163664 got=139306 miss_avail=1327 miss_unavail=23031 hw_unavail=24534
usb-audio-fix: fb_done=157732
usb-audio-okx: rx_bytes_total=26755984 rx_short_packets=2260
usb-pump-logring: backlog_hwm=8192
wdt: USB_TIMER max_stale_ms=0 deadline_ms=100 enabled=1
wdt: USB_TASK max_stale_ms=0 deadline_ms=250 enabled=1
wdt: BTSTACK maxatr pc0=100036f3 b0=00019717 pc1=10002981 b1=00015100 pc2=100036bd b2=00013353                                                
_stale_ms=0 deadline_ms=1000 enabled=1
wdt: MEDIA max_stale_ms=0 deadline_ms=500 enabled=1
usb-audio: streaming rate=48000Hz cdrn c=00005641 s=00000000 z=00002207 bd=0000194816 bp=0000202551 dr=0000208858                                                
h=2 bits=16 measured=192191 B/s (205500 bytes / 1069ms)
usb-pump: packets=140376 log_drops=198645 report_dt_us=1069129
usb-pumctr s=0000000321 u=0000334450 t=0000018747 e=0000057477 p=0000028738 d=0000002616 c=0000011655 o=0000000000                   
p-race: pump_ticks_run=321305 sof_isr=321353
usb-sof-2ap: sof_streaming=164733 got=140375 miss_avail=1327 miss_unavail=23031 hw_unavail=24534
usb-audio-fix: fb_done=158801
usb-audio-okx: rx_bytes_total=26961292 rx_short_packets=2275
usb-pump-logring: backlog_hwm=8192
a2dp: codec=LDAC bitrate=990000 fill=1932/4608 ovr_frames=0 und=1459 report_dt_us=1069129
wdt: USB_TIMER max_satr pc0=100036f3 b0=00019815 pc1=10002981 b1=00015100 pc2=100036bd b2=00013417                                                
tale_ms=0 deadline_ms=100 enabled=1
wdt: USB_TASK max_stale_ms=0 deadline_ms=250 enabled=1
wdt: BTSTACK max_stale_ms=0 deadlindrn c=00005645 s=00000000 z=00002207 bd=0000195456 bp=0000203111 dr=0000209799                                                
e_ms=1000 enabled=1
wdt: MEDIA max_stale_ms=0 deadline_ms=500 enabled=1
usb-audio: streaming rate=48000Hz ch=2 bits=16 measurectr s=0000000322 u=0000335563 t=0000018845 e=0000057894 p=0000028947 d=0000002642 c=0000011727 o=0000000000                   
d=191759 B/s (207620 bytes / 1082ms)
usb-pump: packets=141458 log_drops=199398 report_dt_us=1082838
usb-pump-race: pump_ticks_run=322387 sof_isr=322436
usb-sof-2ap: sof_streaming=165816 got=141457 miss_avail=1327 miss_unavail=23032 hw_unavail=24535
usb-audio-fix: fb_done=159883
usb-audio-okx: rx_bytes_total=27169104 rx_short_packets=2292
usb-pump-logring: backlog_hwm=8192
wdatr pc0=100036f3 b0=00019913 pc1=10002981 b1=00015100 pc2=100036bd b2=00013481                                                
t: USB_TIMER max_stale_ms=0 deadline_ms=100 enabled=1
wdt: USB_TASK max_stale_ms=0 deadline_ms=250 enabled=1
wdt: BTSTACK max_drn c=00005649 s=00000000 z=00002207 bd=0000196096 bp=0000203769 dr=0000210643                                                
stale_ms=0 deadline_ms=1000 enabled=1
wdt: MEDIA max_stale_ms=0 deadline_ms=500 enabled=1
usb-audio: streaming rate=48000Hz chctr s=0000000323 u=0000336662 t=0000018943 e=0000058306 p=0000029153 d=0000002662 c=0000011805 o=0000000000                   
=2 bits=16 measured=192134 B/s (208192 bytes / 1083ms)
usb-pump: packets=142541 log_drops=200241 report_dt_us=1083439
usb-pump-race: pump_ticks_run=323470 sof_isr=323520
usb-sof-2ap: sof_streaming=166900 got=142541 miss_avail=1327 miss_unavail=23032 hw_atr pc0=100036f3 b0=00020011 pc1=10002981 b1=00015100 pc2=100036bd b2=00013545                                                
unavail=24535
usb-audio-fix: fb_done=160966
usb-audio-okx: rx_bytes_total=27377104 rx_short_packets=2308
wdt: USB_TIMER max_sdrn c=00005653 s=00000000 z=00002207 bd=0000196608 bp=0000204391 dr=0000211523                                                
tale_ms=0 deadline_ms=100 enabled=1
wdt: USB_TASK max_stale_ms=0 deadline_ms=250 enabled=1
wdt: BTSTACK max_stale_ms=0 deadlinctr s=0000000324 u=0000337690 t=0000019034 e=0000058691 p=0000029345 d=0000002683 c=0000011875 o=0000000000                   
e_ms=1000 enabled=1
wdt: MEDIA max_stale_ms=0 deadline_ms=500 enabled=1
usb-audio: streaming rate=48000Hz ch=2 bits=16 measured=191794 B/s (206080 bytes / 1074ms)
usb-pump: packets=143615 log_drops=201121 report_dt_us=1074608
usb-pump-race: pump_ticks_run=324544 sof_isr=324594
usb-sof-2ap: sof_streaming=167974 got=143614 miss_avail=1327 miss_unavail=23033 hw_unavail=24536
usbatr pc0=100036f3 b0=00020109 pc1=10002981 b1=00015100 pc2=100036bd b2=00013609                                                
-audio-fix: fb_done=162040
usb-audio-okx: rx_bytes_total=27583376 rx_short_packets=2324
usb-pump-logring: backlog_hwm=8192
wddrn c=00005657 s=00000000 z=00002207 bd=0000197248 bp=0000204920 dr=0000212496                                                
t: USB_TIMER max_stale_ms=0 deadline_ms=100 enabled=1
wdt: USB_TASK max_stale_ms=0 deadline_ms=250 enabled=1
wdt: BTSTACK max_ctr s=0000000325 u=0000338802 t=0000019132 e=0000059108 p=0000029554 d=0000002708 c=0000011948 o=0000000000                   
stale_ms=0 deadline_ms=1000 enabled=1
wdt: MEDIA max_stale_ms=0 deadline_ms=500 enabled=1
usb-audio: streaming rate=48000Hz ch=2 bits=16 measured=192139 B/s (199740 bytes / 1039ms)
usb-pump: packets=144654 log_drops=201964 report_dt_us=1039433
usb-pump-race: pump_ticks_run=325583 sof_isr=325634
usb-sof-2ap: sof_streaming=169014 got=144654 miss_avail=1327 miss_unavail=23033 hw_atr pc0=100036f3 b0=00020207 pc1=10002981 b1=00015100 pc2=100036bd b2=00013673                                                
unavail=24536
usb-audio-fix: fb_done=163079
usb-audio-okx: rx_bytes_total=27782924 rx_short_packets=2339
wdt: USB_TIMER max_sdrn c=00005661 s=00000000 z=00002207 bd=0000197888 bp=0000205542 dr=0000213376                                                
tale_ms=0 deadline_ms=100 enabled=1
wdt: USB_TASK max_stale_ms=0 deadline_ms=250 enabled=1
wdt: BTSTACK max_stale_ms=0 deadlinctr s=0000000326 u=0000339855 t=0000019225 e=0000059503 p=0000029751 d=0000002731 c=0000012018 o=0000000000                   
e_ms=1000 enabled=1
wdt: MEDIA max_stale_ms=0 deadline_ms=500 enabled=1
usb-audio: streaming rate=48000Hz ch=2 bits=16 measured=191986 B/s (205696 bytes / 1071ms)
usb-pump: packets=145726 log_drops=202844 report_dt_us=1071544
usb-pump-race: pump_ticks_run=326655 sof_isr=326705
usb-sof-2ap: sof_streaming=170085 got=145725 miss_avail=1327 miss_unavail=23033 hw_unavail=24536
usbatr pc0=100036f3 b0=00020305 pc1=10002981 b1=00015100 pc2=100036bd b2=00013737                                                
-audio-fix: fb_done=164151
usb-audio-okx: rx_bytes_total=27988812 rx_short_packets=2355
usb-pump-logring: backlog_hwm=8192
wddrn c=00005665 s=00000000 z=00002207 bd=0000198528 bp=0000206200 dr=0000214220                                                
t: USB_TIMER max_stale_ms=0 deadline_ms=100 enabled=1
wdt: USB_TASK max_stale_ms=0 deadline_ms=250 enabled=1
wdt: BTSTACK max_ctr s=0000000327 u=0000341061 t=0000019332 e=0000059955 p=0000029977 d=0000002756 c=0000012100 o=0000000000                   
stale_ms=0 deadline_ms=1000 enabled=1
wdt: MEDIA max_stale_ms=0 deadline_ms=500 enabled=1
usb-audio: streaming rate=48000Hz ch=2 bits=16 measured=191924 B/s (210496 bytes / 1096ms)
usb-pump: packets=146821 log_drops=203688 report_dt_us=1096634
usb-pump-race: pump_ticks_run=327750 sof_isr=327802
usb-sof-2ap: sof_streaming=171182 got=146821 miss_avail=1327 miss_unavail=23034 hw_unavail=24537
usb-audio-fix: fb_done=165247
usb-audio-okx: rx_bytes_total=28199308 rx_short_packets=2371
wdt: USB_TIMER max_stale_ms=0 deadline_ms=100 enabled=1
wdt: USB_TASK max_stale_ms=0 deadline_ms=250 enabled=1
wdt: BTSTACK max_stale_ms=0 deadlinatr pc0=100036f3 b0=00020403 pc1=10002981 b1=00015100 pc2=100036bd b2=00013801                                                
e_ms=1000 enabled=1
wdt: MEDIA max_stale_ms=0 deadline_ms=500 enabled=1
usb-audio: streaming rate=48000Hz ch=2 bits=16 measuredrn c=00005670 s=00000000 z=00002207 bd=0000199424 bp=0000206949 dr=0000214972                                                
d=192098 B/s (208964 bytes / 1087ms)
usb-pump: packets=147909 log_drops=204568 report_dt_us=1087817
usb-pump-race: pump_ticks_ctr s=0000000328 u=0000342282 t=0000019440 e=0000060412 p=0000030206 d=0000002781 c=0000012183 o=0000000000                   
run=328838 sof_isr=328890
usb-sof-2ap: sof_streaming=172270 got=147909 miss_avail=1327 miss_unavail=23034 hw_unavail=24537
usb-audio-fix: fb_done=166334
usb-audio-okx: rx_bytes_total=28408080 rx_short_packets=2388
usb-pump-logring: backlog_hwm=8192
wdt: USB_TIMER max_stale_ms=0 deadline_ms=100 enabled=1
wdt: USB_TASK max_stale_ms=0 deadline_ms=250 enabled=1
wdt: BTSTACK max_atr pc0=100036f3 b0=00020501 pc1=10002981 b1=00015100 pc2=100036bd b2=00013865                                                
stale_ms=0 deadline_ms=1000 enabled=1
wdt: MEDIA max_stale_ms=0 deadline_ms=500 enabled=1
usb-audio: streaming rate=48000Hz chdrn c=00005674 s=00000000 z=00002207 bd=0000200064 bp=0000207836 dr=0000215586                                                
=2 bits=16 measured=191877 B/s (205888 bytes / 1073ms)
usb-pump: packets=148981 log_drops=205412 report_dt_us=1072995
usb-pumpctr s=0000000329 u=0000343377 t=0000019537 e=0000060823 p=0000030411 d=0000002804 c=0000012257 o=0000000000                   
-race: pump_ticks_run=329910 sof_isr=329963
usb-sof-2ap: sof_streaming=173343 got=148981 miss_avail=1327 miss_unavail=23035 hw_unavail=24538
usb-audio-fix: fb_done=167406
usb-audio-okx: rx_bytes_total=28613968 rx_short_packets=2404
wdt: USB_TIMER max_stale_ms=0 deadline_ms=100 enabled=1
wdt: USB_TASK max_stale_ms=0 deadline_ms=250 enabled=1
wdt: BTSTACK max_stale_ms=0 deadlinatr pc0=100036f3 b0=00020599 pc1=10002981 b1=00015100 pc2=100036bd b2=00013929                                                
e_ms=1000 enabled=1
wdt: MEDIA max_stale_ms=0 deadline_ms=500 enabled=1
usb-audio: streaming rate=48000Hz ch=2 bits=16 measuredrn c=00005678 s=00000000 z=00002207 bd=0000200704 bp=0000208494 dr=0000216429                                                
d=191973 B/s (203004 bytes / 1057ms)
usb-pump: packets=150039 log_drops=206291 report_dt_us=1057583
usb-pump-race: pump_ticks_ctr s=0000000330 u=0000344434 t=0000019631 e=0000061219 p=0000030609 d=0000002824 c=0000012331 o=0000000000                   
run=330968 sof_isr=331020
usb-sof-2ap: sof_streaming=174400 got=150038 miss_avail=1327 miss_unavail=23035 hw_unavail=24538
usb-audio-fix: fb_done=168464
usb-audio-okx: rx_bytes_total=28817164 rx_short_packets=2419
usb-pump-logring: backlog_hwm=8192
wdt: USB_TIMER max_stale_ms=0 deadline_ms=100 enabled=1
wdt: USB_TASK max_stale_ms=0 deadline_ms=250 enabled=1
wdt: BTSTACK max_atr pc0=100036f3 b0=00020697 pc1=10002981 b1=00015100 pc2=100036bd b2=00013993                                                
stale_ms=0 deadline_ms=1000 enabled=1
wdt: MEDIA max_stale_ms=0 deadline_ms=500 enabled=1
usb-audio: streaming rate=48000Hz chdrn c=00005682 s=00000000 z=00002207 bd=0000201344 bp=0000209152 dr=0000217272                                                
=2 bits=16 measured=191958 B/s (201856 bytes / 1051ms)
usb-pump: packets=151089 log_drops=207134 report_dt_us=1051437
usb-pumpctr s=0000000331 u=0000345508 t=0000019726 e=0000061622 p=0000030811 d=0000002847 c=0000012403 o=0000000000                   
-race: pump_ticks_run=332018 sof_isr=332072
usb-sof-2ap: sof_streaming=175452 got=151089 miss_avail=1327 miss_unavail=23036 hw_unavail=24539
usb-audio-fix: fb_done=169514
usb-audio-okx: rx_bytes_total=29018828 rx_short_packets=2435
wdt: USB_TIMER max_stale_ms=0 deadline_ms=100 enabled=1
wdt: USB_TASK max_stale_ms=0 deadline_ms=250 enabled=1
wdt: BTSTACK max_stale_ms=0 deadlinatr pc0=100036f3 b0=00020795 pc1=10002981 b1=00015100 pc2=100036bd b2=00014057                                                
e_ms=1000 enabled=1
wdt: MEDIA max_stale_ms=0 deadline_ms=500 enabled=1
usb-audio: streaming rate=48000Hz ch=2 bits=16 measuredrn c=00005686 s=00000000 z=00002207 bd=0000201984 bp=0000209774 dr=0000218152                                                
d=192120 B/s (197248 bytes / 1026ms)
usb-pump: packets=152116 log_drops=208014 report_dt_us=1026690
usb-pump-race: pump_ticks_ctr s=0000000332 u=0000346543 t=0000019818 e=0000062010 p=0000031005 d=0000002867 c=0000012475 o=0000000000                   
run=333045 sof_isr=333098
usb-sof-2ap: sof_streaming=176478 got=152115 miss_avail=1327 miss_unavail=23036 hw_unavail=24539
usb-audio-fix: fb_done=170541
usb-audio-okx: rx_bytes_total=29216076 rx_short_packets=2451
usb-pump-logring: backlog_hwm=8192
frame 5641: render=236727us blit=13475us total=250242us
wdt: USB_TIMER max_stale_ms=0 deadline_ms=100 enabled=1
wdt: USB_TASK maatr pc0=100036f3 b0=00020893 pc1=10002981 b1=00015100 pc2=100036bd b2=00014121                                                
x_stale_ms=0 deadline_ms=250 enabled=1
wdt: BTSTACK max_stale_ms=0 deadline_ms=1000 enabled=1
wdt: MEDIA max_stale_ms=0 deadlidrn c=00005690 s=00000000 z=00002207 bd=0000202624 bp=0000210432 dr=0000218996                                                
ne_ms=500 enabled=1
usb-audio: streaming rate=48000Hz ch=2 bits=16 measured=191936 B/s (213568 bytes / 1112ms)
usb-pump: packectr s=0000000333 u=0000347597 t=0000019911 e=0000062405 p=0000031202 d=0000002890 c=0000012545 o=0000000000                   
ts=153229 log_drops=208858 report_dt_us=1112853
usb-pump-race: pump_ticks_run=334158 sof_isr=334211
usb-sof-2ap: sof_streaming=177591 got=153228 miss_avail=1327 miss_unavail=23036 hw_unavail=24539
usb-audio-fix: fb_done=171654
wdt: USB_TIMER max_stale_ms=0 deadline_ms=100 enabled=1
wdt: USB_TASK max_stale_ms=0 deadline_ms=250 enabled=1
wdt: BTSTACK max_stale_ms=0 deadline_ms=atr pc0=100036f3 b0=00020991 pc1=10002981 b1=00015100 pc2=100036bd b2=00014185                                                
1000 enabled=1
wdt: MEDIA max_stale_ms=0 deadline_ms=500 enabled=1
usb-audio: streaming rate=48000Hz ch=2 bits=16 measured=192drn c=00005694 s=00000000 z=00002207 bd=0000203264 bp=0000211054 dr=0000219876                                                
071 B/s (213760 bytes / 1112ms)
usb-pump: packets=154342 log_drops=209799 report_dt_us=1112882
usb-pump-race: pump_ticks_run=3ctr s=0000000334 u=0000348699 t=0000020009 e=0000062819 p=0000031409 d=0000002912 c=0000012621 o=0000000000                   
35271 sof_isr=335324
usb-sof-2ap: sof_streaming=178704 got=154341 miss_avail=1327 miss_unavail=23036 hw_unavail=24539
usb-audio-fix: fb_done=172767
usb-audio-okx: rx_bytes_total=29643596 rx_short_packets=2483
usb-pump-logring: backlog_hwm=8192
wdt: USB_TIMER max_stale_ms=0 deadline_ms=100 enabled=1
wdt: USB_TASK max_stale_ms=0 deadline_ms=250 enabled=1
wdt: BTSTACK max_staleatr pc0=100036f3 b0=00021089 pc1=10002981 b1=00015100 pc2=100036bd b2=00014249                                                
_ms=0 deadline_ms=1000 enabled=1
wdt: MEDIA max_stale_ms=0 deadline_ms=500 enabled=1
usb-audio: streaming rate=48000Hz ch=2 bidrn c=00005698 s=00000000 z=00002207 bd=0000203904 bp=0000211712 dr=0000220720                                                
ts=16 measured=192052 B/s (211072 bytes / 1099ms)
usb-pump: packets=155441 log_drops=210643 report_dt_us=1099047
usb-pump-racectr s=0000000335 u=0000349795 t=0000020106 e=0000063229 p=0000031614 d=0000002934 c=0000012696 o=0000000000                   
: pump_ticks_run=336370 sof_isr=336423
usb-sof-2ap: sof_streaming=179803 got=155440 miss_avail=1327 miss_unavail=23036 hw_unavail=24539
usb-audio-fix: fb_done=173866
usb-audio-okx: rx_bytes_total=29854668 rx_short_packets=2499
wdt: USB_TIMER max_stale_ms=0 deadline_ms=100 enabled=1
wdt: USB_TASK max_stale_ms=0 deadline_ms=250 enabled=1
wdt: BTSTACK max_stale_ms=0 deadline_ms=atr pc0=100036f3 b0=00021187 pc1=10002981 b1=00015100 pc2=100036bd b2=00014313                                                
1000 enabled=1
wdt: MEDIA max_stale_ms=0 deadline_ms=500 enabled=1
usb-audio: streaming rate=48000Hz ch=2 bits=16 measured=192drn c=00005702 s=00000000 z=00002207 bd=0000204544 bp=0000212391 dr=0000221600                                                
004 B/s (197432 bytes / 1028ms)
usb-pump: packets=156468 log_drops=211523 report_dt_us=1028145
usb-pump-race: pump_ticks_run=3ctr s=0000000336 u=0000350873 t=0000020202 e=0000063633 p=0000031816 d=0000002954 c=0000012772 o=0000000000                   
37397 sof_isr=337451
usb-sof-2ap: sof_streaming=180831 got=156467 miss_avail=1327 miss_unavail=23037 hw_unavail=24540
wdt: USB_TIMER max_stale_ms=0 deadline_ms=100 enabled=1
wdt: USB_TASK max_stale_ms=0 deadline_ms=250 enabled=1
wdt: BTSTACK max_stale_ms=0 deadline_ms=1000 enabled=1
wdt: MEDIA max_stale_ms=0 deadline_ms=500 enabled=1
usb-audio: streaming rate=48000Hz ch=2 bitatr pc0=100036f3 b0=00021285 pc1=10002981 b1=00015100 pc2=100036bd b2=00014377                                                
s=16 measured=191930 B/s (213184 bytes / 1110ms)
usb-pump: packets=157579 log_drops=212496 report_dt_us=1111522
usb-pump-race:drn c=00005706 s=00000000 z=00002207 bd=0000205184 bp=0000212987 dr=0000222506                                                
 pump_ticks_run=338508 sof_isr=338563
usb-sof-2ap: sof_streaming=181943 got=157579 miss_avail=1327 miss_unavail=23037 hw_unavaictr s=0000000337 u=0000351923 t=0000020295 e=0000064026 p=0000032013 d=0000002975 c=0000012844 o=0000000000                   
l=24540
usb-audio-fix: fb_done=176005
usb-audio-okx: rx_bytes_total=30265476 rx_short_packets=2529
wdt: USB_TIMER max_stale_ms=0 deadline_ms=100 enabled=1
wdt: USB_TASK max_stale_ms=0 deadline_ms=250 enabled=1
wdt: BTSTACK max_stale_ms=0 deadline_ms=1000 enabled=1
wdt: MEDIA max_stale_ms=0 deadline_ms=500 enabled=1
usb-audio: streaming rate=48000Hz ch=2 bits=16 measured=1916atr pc0=100036f3 b0=00021383 pc1=10002981 b1=00015100 pc2=100036bd b2=00014441                                                
82 B/s (202048 bytes / 1054ms)
usb-pump: packets=158631 log_drops=213376 report_dt_us=1053405
usb-pump-race: pump_ticks_run=33drn c=00005710 s=00000000 z=00002207 bd=0000205824 bp=0000213609 dr=0000223385                                                
9560 sof_isr=339616
usb-sof-2ap: sof_streaming=182996 got=158630 miss_avail=1327 miss_unavail=23039 hw_unavail=24542
usb-audioctr s=0000000338 u=0000352966 t=0000020387 e=0000064417 p=0000032208 d=0000002998 c=0000012913 o=0000000000                   
-fix: fb_done=177056
usb-audio-okx: rx_bytes_total=30467332 rx_short_packets=2545
usb-pump-logring: backlog_hwm=8192
wdt: USB_TIMER max_stale_ms=0 deadline_ms=100 enabled=1
wdt: USB_TASK max_stale_ms=0 deadline_ms=250 enabled=1
wdt: BTSTACK max_stale_ms=0 deadline_ms=1000 enabled=1
wdt: MEDIA max_stale_ms=0 deadline_ms=500 enabled=1
usb-audio: streaming rate=48000Hz ch=2 bitatr pc0=100036f3 b0=00021481 pc1=10002981 b1=00015100 pc2=100036bd b2=00014505                                                
s=16 measured=192129 B/s (231624 bytes / 1205ms)
usb-pump: packets=159836 log_drops=214220 report_dt_us=1205448
usb-pump-race:drn c=00005714 s=00000000 z=00002207 bd=0000206464 bp=0000214267 dr=0000224229                                                
 pump_ticks_run=340765 sof_isr=340822
usb-sof-2ap: sof_streaming=184202 got=159836 miss_avail=1327 miss_unavail=23039 hw_unavaictr s=0000000339 u=0000354028 t=0000020481 e=0000064815 p=0000032407 d=0000003020 c=0000012985 o=0000000000                   
l=24542
usb-audio-fix: fb_done=178261
usb-audio-okx: rx_bytes_total=30698764 rx_short_packets=2563
usb-pump-logring: backlog_hwm=8192
a2dp: codec=LDAC bitrate=990000 fill=1804/4608 ovr_frames=0 und=1459 report_dt_us=1205448
wdt: USB_TIMER max_stale_ms=0 deadline_ms=100 enabled=1
wdt: USB_TASK max_stale_ms=0 deadline_ms=250 enabled=1
wdt: BTSTACK max_stale_ms=0 deadline_ms=10atr pc0=100036f3 b0=00021579 pc1=10002981 b1=00015100 pc2=100036bd b2=00014569                                                
00 enabled=1
wdt: MEDIA max_stale_ms=0 deadline_ms=500 enabled=1
usb-audio: streaming rate=48000Hz ch=2 bits=16 measured=19175drn c=00005718 s=00000000 z=00002207 bd=0000207104 bp=0000214889 dr=0000225108                                                
8 B/s (233932 bytes / 1219ms)
usb-pump: packets=161054 log_drops=214972 report_dt_us=1219938
usb-pump-race: pump_ticks_run=341ctr s=0000000340 u=0000355103 t=0000020576 e=0000065216 p=0000032608 d=0000003042 c=0000013057 o=0000000000                   
983 sof_isr=342042
usb-sof-2ap: sof_streaming=185422 got=161054 miss_avail=1327 miss_unavail=23041 hw_unavail=24544
usb-audio-fix: fb_done=179479
usb-audio-okx: rx_bytes_total=30932696 rx_short_packets=2582
usb-pump-logring: backlog_hwm=8192
a2dp: codec=LDAC bitrate=990000 fill=1752/4608 ovr_frames=0 und=1459 report_dt_us=1219938
a2dp: enc_max_us=1810 pkt_sent=30206 pkt_fail=atr pc0=100036f3 b0=00021677 pc1=10002981 b1=00015100 pc2=100036bd b2=00014633                                                
0 misaligned=0
a2dp: tick_count=19440 worst_tick_interval_us=13309 enc_frames_total=60412
wdt: USB_TIMER max_stale_ms=0 deadlidrn c=00005722 s=00000000 z=00002207 bd=0000207744 bp=0000215547 dr=0000225951                                                
ne_ms=100 enabled=1
wdt: USB_TASK max_stale_ms=0 deadline_ms=250 enabled=1
wdt: BTSTACK max_stale_ms=0 deadline_ms=1000 enablectr s=0000000341 u=0000356166 t=0000020670 e=0000065615 p=0000032807 d=0000003065 c=0000013128 o=0000000000                   
d=1
wdt: MEDIA max_stale_ms=0 deadline_ms=500 enabled=1
usb-audio: streaming rate=48000Hz ch=2 bits=16 measured=191857 B/s (210304 bytes / 1096ms)
usb-pump: packets=162149 log_drops=215586 report_dt_us=1096145
usb-pump-race: pump_ticks_run=343078 sof_isr=343138
usb-sof-2ap: sof_streaming=186518 got=162149 miss_avail=1327 miss_unavail=23042 hw_unavail=24545
usb-audio-fix: fb_datr pc0=100036f3 b0=00021775 pc1=10002981 b1=00015100 pc2=100036bd b2=00014697                                                
one=180574
usb-audio-okx: rx_bytes_total=31143000 rx_short_packets=2598
usb-pump-logring: backlog_hwm=8192
wdt: USB_TIMER maxdrn c=00005726 s=00000000 z=00002207 bd=0000208384 bp=0000216169 dr=0000226830                                                
_stale_ms=0 deadline_ms=100 enabled=1
wdt: USB_TASK max_stale_ms=0 deadline_ms=250 enabled=1
wdt: BTSTACK max_stale_ms=0 deadlctr s=0000000342 u=0000357243 t=0000020765 e=0000066018 p=0000033009 d=0000003088 c=0000013200 o=0000000000                   
ine_ms=1000 enabled=1
wdt: MEDIA max_stale_ms=0 deadline_ms=500 enabled=1
usb-audio: streaming rate=48000Hz ch=2 bits=16 measured=192092 B/s (201088 bytes / 1046ms)
usb-pump: packets=163196 log_drops=216429 report_dt_us=1046815
usb-pump-race: pump_ticks_run=344125 sof_isr=344185
usb-sof-2ap: sof_streaming=187565 got=163196 miss_avail=1327 miss_unavail=23042 hw_unavail=24545
uatr pc0=100036f3 b0=00021873 pc1=10002981 b1=00015100 pc2=100036bd b2=00014761                                                
sb-audio-fix: fb_done=181621
usb-audio-okx: rx_bytes_total=31344088 rx_short_packets=2614
usb-pump-logring: backlog_hwm=8192
drn c=00005730 s=00000000 z=00002207 bd=0000209024 bp=0000216827 dr=0000227673                                                
wdt: USB_TIMER max_stale_ms=0 deadline_ms=100 enabled=1
wdt: USB_TASK max_stale_ms=0 deadline_ms=250 enabled=1
wdt: BTSTACK mactr s=0000000343 u=0000358294 t=0000020858 e=0000066412 p=0000033206 d=0000003110 c=0000013271 o=0000000000                   
x_stale_ms=0 deadline_ms=1000 enabled=1
wdt: MEDIA max_stale_ms=0 deadline_ms=500 enabled=1
usb-audio: streaming rate=48000Hz ch=2 bits=16 measured=191991 B/s (208192 bytes / 1084ms)
usb-pump: packets=164280 log_drops=217272 report_dt_us=1084384
usb-pump-race: pump_ticks_run=345210 sof_isr=345269
usb-sof-2ap: sof_streaming=188649 got=164280 miss_avail=1327 miss_unavail=23042 hatr pc0=100036f3 b0=00021971 pc1=10002981 b1=00015100 pc2=100036bd b2=00014825                                                
w_unavail=24545
usb-audio-fix: fb_done=182706
usb-audio-okx: rx_bytes_total=31552472 rx_short_packets=2630
wdt: USB_TIMER maxdrn c=00005734 s=00000000 z=00002207 bd=0000209664 bp=0000217449 dr=0000228553                                                
_stale_ms=0 deadline_ms=100 enabled=1
wdt: USB_TASK max_stale_ms=0 deadline_ms=250 enabled=1
wdt: BTSTACK max_stale_ms=0 deadlctr s=0000000344 u=0000359351 t=0000020951 e=0000066808 p=0000033404 d=0000003134 c=0000013340 o=0000000000                   
ine_ms=1000 enabled=1
wdt: MEDIA max_stale_ms=0 deadline_ms=500 enabled=1
usb-audio: streaming rate=48000Hz ch=2 bits=16 measured=192081 B/s (198780 bytes / 1034ms)
usb-pump: packets=165315 log_drops=218152 report_dt_us=1034865
usb-pump-race: pump_ticks_run=346244 sof_isr=346304
usb-sof-2ap: sof_streaming=189684 got=165315 miss_avail=1327 miss_unavail=23042 hw_unavail=24545
uatr pc0=100036f3 b0=00022069 pc1=10002981 b1=00015100 pc2=100036bd b2=00014889                                                
sb-audio-fix: fb_done=183740
usb-audio-okx: rx_bytes_total=31751060 rx_short_packets=2645
usb-pump-logring: backlog_hwm=8192
drn c=00005738 s=00000000 z=00002207 bd=0000210304 bp=0000218107 dr=0000229397                                                
wdt: USB_TIMER max_stale_ms=0 deadline_ms=100 enabled=1
wdt: USB_TASK max_stale_ms=0 deadline_ms=250 enabled=1
wdt: BTSTACK max_stale_ms=0 deadline_ms=1000 enabled=1
wdt: MEDIA max_stale_ms=0 deadline_ms=500 enabled=1
usb-audio: streaming rate=48000Hz ch=2 bits=16 measured=192099 B/s (202428 bytes / 1053ms)
usb-pump: packets=166369 log_drops=218996 report_dt_us=1053781
usb-puctr s=0000000345 u=0000360585 t=0000021060 e=0000067270 p=0000033635 d=0000003160 c=0000013423 o=0000000000                   
mp-race: pump_ticks_run=347298 sof_isr=347358
usb-sof-2ap: sof_streaming=190738 got=166369 miss_avail=1327 miss_unavail=23042 hw_unavail=24545
usb-audio-fix: fb_done=184794
usb-audio-okx: rx_bytes_total=31953488 rx_short_packets=2660
wdt: USB_TIMER max_stale_ms=0 deadline_ms=100 enabled=1
wdt: USB_TASK max_stale_ms=0 deadline_ms=250 enabled=1
wdt: BTSTACK max_stale_ms=0 deadlatr pc0=100036f3 b0=00022167 pc1=10002981 b1=00015100 pc2=100036bd b2=00014953                                                
ine_ms=1000 enabled=1
wdt: MEDIA max_stale_ms=0 deadline_ms=500 enabled=1
usb-audio: streaming rate=48000Hz ch=2 bits=16 measudrn c=00005743 s=00000000 z=00002207 bd=0000211200 bp=0000218994 dr=0000230011                                                
red=192043 B/s (209724 bytes / 1092ms)
usb-pump: packets=167461 log_drops=219876 report_dt_us=1092054
usb-pump-race: pump_tickctr s=0000000346 u=0000361681 t=0000021157 e=0000067681 p=0000033840 d=0000003183 c=0000013497 o=0000000000                   
s_run=348390 sof_isr=348450
usb-sof-2ap: sof_streaming=191830 got=167461 miss_avail=1327 miss_unavail=23042 hw_unavail=24545
usb-audio-fix: fb_done=185886
usb-audio-okx: rx_bytes_total=32163212 rx_short_packets=2675
usb-pump-logring: backlog_hwm=8192
wdt: USB_TIMER max_stale_ms=0 deadline_ms=100 enabled=1
wdt: USB_TASK max_stale_ms=0 deadline_ms=250 enabled=1
wdt: BTSTACK maatr pc0=100036f3 b0=00022265 pc1=10002981 b1=00015100 pc2=100036bd b2=00015017                                                
x_stale_ms=0 deadline_ms=1000 enabled=1
wdt: MEDIA max_stale_ms=0 deadline_ms=500 enabled=1
usb-audio: streaming rate=48000Hz drn c=00005747 s=00000000 z=00002207 bd=0000211840 bp=0000219616 dr=0000230891                                                
ch=2 bits=16 measured=191871 B/s (212220 bytes / 1106ms)
usb-pump: packets=168566 log_drops=220720 report_dt_us=1106075
usb-puctr s=0000000347 u=0000362730 t=0000021249 e=0000068074 p=0000034037 d=0000003208 c=0000013564 o=0000000000                   
mp-race: pump_ticks_run=349495 sof_isr=349556
usb-sof-2ap: sof_streaming=192936 got=168566 miss_avail=1327 miss_unavail=23043 hw_unavail=24546
usb-audio-fix: fb_done=186991
usb-audio-okx: rx_bytes_total=32375432 rx_short_packets=2690
frame 5701: render=257292us blit=21040us total=278384us
wdt: USB_TIMER max_stale_ms=0 deadline_ms=100 enabled=1
wdt: USB_TASK max_stale_ms=0 deaatr pc0=100036f3 b0=00022363 pc1=10002981 b1=00015100 pc2=100036bd b2=00015081                                                
dline_ms=250 enabled=1
wdt: BTSTACK max_stale_ms=0 deadline_ms=1000 enabled=1
wdt: MEDIA max_stale_ms=0 deadline_ms=500 enabledrn c=00005751 s=00000000 z=00002207 bd=0000212480 bp=0000220274 dr=0000231735                                                
d=1
usb-audio: streaming rate=48000Hz ch=2 bits=16 measured=191401 B/s (206464 bytes / 1078ms)
usb-pump: packets=169641 log_drctr s=0000000348 u=0000363802 t=0000021344 e=0000068476 p=0000034238 d=0000003230 c=0000013637 o=0000000000                   
ops=221600 report_dt_us=1078682
usb-pump-race: pump_ticks_run=350570 sof_isr=350634
usb-sof-2ap: sof_streaming=194014 got=169640 miss_avail=1327 miss_unavail=23047 hw_unavail=24550
usb-audio-fix: fb_done=188066
usb-pump-logring: backlog_hwm=8192
wdt: atr pc0=100036f3 b0=00022461 pc1=100036bd b1=00015145 pc2=10002981 b2=00015100                                                
USB_TIMER max_stale_ms=0 deadline_ms=100 enabled=1
wdt: USB_TASK max_stale_ms=0 deadline_ms=250 enabled=1
wdt: BTSTACK max_stadrn c=00005755 s=00000000 z=00002207 bd=0000212992 bp=0000220896 dr=0000232614                                                
le_ms=0 deadline_ms=1000 enabled=1
wdt: MEDIA max_stale_ms=0 deadline_ms=500 enabled=1
usb-audio: streaming rate=48000Hz ch=2 ctr s=0000000349 u=0000364889 t=0000021440 e=0000068884 p=0000034442 d=0000003254 c=0000013709 o=0000000000                   
bits=16 measured=191591 B/s (201088 bytes / 1049ms)
usb-pump: packets=170689 log_drops=222506 report_dt_us=1049682
usb-pump-race: pump_ticks_run=351618 sof_isr=351684
usb-sof-2ap: sof_streaming=195064 got=170688 miss_avail=1327 miss_unavail=23049 hw_unavail=24552
usb-audio-fix: fb_done=189114
usb-audio-okx: rx_bytes_total=32783176 rx_short_packets=2722
wdt: USB_TIMER max_stalatr pc0=100036f3 b0=00022559 pc1=100036bd b1=00015209 pc2=10002981 b2=00015100                                                
e_ms=0 deadline_ms=100 enabled=1
wdt: USB_TASK max_stale_ms=0 deadline_ms=250 enabled=1
wdt: BTSTACK max_stale_ms=0 deadline_mdrn c=00005759 s=00000000 z=00002207 bd=0000213632 bp=0000221425 dr=0000233587                                                
s=1000 enabled=1
wdt: MEDIA max_stale_ms=0 deadline_ms=500 enabled=1
usb-audio: streaming rate=48000Hz ch=2 bits=16 measured=1ctr s=0000000350 u=0000365974 t=0000021536 e=0000069291 p=0000034645 d=0000003277 c=0000013782 o=0000000000                   
92062 B/s (200320 bytes / 1042ms)
usb-pump: packets=171731 log_drops=223385 report_dt_us=1042873
usb-pump-race: pump_ticks_run=352661 sof_isr=352727
usb-sof-2ap: sof_streaming=196107 got=171731 miss_avail=1327 miss_unavail=23049 hw_unavail=24552
usb-audio-fix: fb_done=190157
usb-audio-okx: rx_bytes_total=32983496 rx_short_packets=2738
usb-pump-logring: backlog_hwm=8192
wdt: atr pc0=100036f3 b0=00022657 pc1=100036bd b1=00015273 pc2=10002981 b2=00015100                                                
USB_TIMER max_stale_ms=0 deadline_ms=100 enabled=1
wdt: USB_TASK max_stale_ms=0 deadline_ms=250 enabled=1
wdt: BTSTACK max_stadrn c=00005763 s=00000000 z=00002207 bd=0000214272 bp=0000222078 dr=0000234493                                                
le_ms=0 deadline_ms=1000 enabled=1
wdt: MEDIA max_stale_ms=0 deadline_ms=500 enabled=1
usb-audio: streaming rate=48000Hz ch=2 ctr s=0000000351 u=0000367020 t=0000021628 e=0000069683 p=0000034841 d=0000003301 c=0000013850 o=0000000000                   
bits=16 measured=192140 B/s (203968 bytes / 1061ms)
usb-pump: packets=172793 log_drops=224229 report_dt_us=1061558
usb-pump-race: pump_ticks_run=353722 sof_isr=353789
usb-sof-2ap: sof_streaming=197169 got=172793 miss_avail=1327 miss_unavail=23049 hw_unavail=24552
usb-audio-fix: fb_done=191218
usb-audio-okx: rx_bytes_total=33187272 rx_short_packets=2754
wdt: USB_TIMER max_stalatr pc0=100036f3 b0=00022755 pc1=100036bd b1=00015337 pc2=10002981 b2=00015100                                                
e_ms=0 deadline_ms=100 enabled=1
wdt: USB_TASK max_stale_ms=0 deadline_ms=250 enabled=1
wdt: BTSTACK max_stale_ms=0 deadline_mdrn c=00005767 s=00000000 z=00002207 bd=0000214912 bp=0000222700 dr=0000235373                                                
s=1000 enabled=1
wdt: MEDIA max_stale_ms=0 deadline_ms=500 enabled=1
usb-audio: streaming rate=48000Hz ch=2 bits=16 measured=1ctr s=0000000352 u=0000368129 t=0000021726 e=0000070099 p=0000035049 d=0000003325 c=0000013924 o=0000000000                   
90649 B/s (204928 bytes / 1074ms)
usb-pump: packets=173860 log_drops=225108 report_dt_us=1074894
usb-pump-race: pump_ticks_run=354789 sof_isr=354863
usb-sof-2ap: sof_streaming=198244 got=173860 miss_avail=1327 miss_unavail=23057 hw_unavail=24560
usb-audio-fix: fb_done=192286
usb-audio-okx: rx_bytes_total=33392392 rx_short_packets=2770
usb-pump-logring: backlog_hwm=8192
wdt: atr pc0=100036f3 b0=00022853 pc1=100036bd b1=00015401 pc2=10002981 b2=00015100                                                
USB_TIMER max_stale_ms=0 deadline_ms=100 enabled=1
wdt: USB_TASK max_stale_ms=0 deadline_ms=250 enabled=1
wdt: BTSTACK max_stadrn c=00005771 s=00000000 z=00002207 bd=0000215552 bp=0000223358 dr=0000236217                                                
le_ms=0 deadline_ms=1000 enabled=1
wdt: MEDIA max_stale_ms=0 deadline_ms=500 enabled=1
usb-audio: streaming rate=48000Hz ch=2 ctr s=0000000353 u=0000369215 t=0000021822 e=0000070506 p=0000035253 d=0000003348 c=0000013997 o=0000000000                   
bits=16 measured=191752 B/s (203968 bytes / 1063ms)
usb-pump: packets=174923 log_drops=225951 report_dt_us=1063840
usb-pump-race: pump_ticks_run=355852 sof_isr=355927
usb-sof-2ap: sof_streaming=199307 got=174922 miss_avail=1327 miss_unavail=23058 hw_unavail=24561
usb-audio-fix: fb_done=193348
usb-audio-okx: rx_bytes_total=33596360 rx_short_packets=2786
wdt: USB_TIMER max_stalatr pc0=100036f3 b0=00022951 pc1=100036bd b1=00015465 pc2=10002981 b2=00015100                                                
e_ms=0 deadline_ms=100 enabled=1
wdt: USB_TASK max_stale_ms=0 deadline_ms=250 enabled=1
wdt: BTSTACK max_stale_ms=0 deadline_mdrn c=00005775 s=00000000 z=00002207 bd=0000216192 bp=0000223980 dr=0000237097                                                
s=1000 enabled=1
wdt: MEDIA max_stale_ms=0 deadline_ms=500 enabled=1
usb-audio: streaming rate=48000Hz ch=2 bits=16 measured=1ctr s=0000000354 u=0000370246 t=0000021913 e=0000070893 p=0000035446 d=0000003371 c=0000014065 o=0000000000                   
91915 B/s (206656 bytes / 1076ms)
usb-pump: packets=175998 log_drops=226830 report_dt_us=1076666
usb-pump-race: pump_ticks_run=356927 sof_isr=357004
usb-sof-2ap: sof_streaming=200384 got=175998 miss_avail=1327 miss_unavail=23059 hw_unavail=24562
usb-audio-fix: fb_done=194424
usb-audio-okx: rx_bytes_total=33803016 rx_short_packets=2802
usb-pump-logring: backlog_hwm=8192
wdt: atr pc0=100036f3 b0=00023049 pc1=100036bd b1=00015529 pc2=10002981 b2=00015100                                                
USB_TIMER max_stale_ms=0 deadline_ms=100 enabled=1
wdt: USB_TASK max_stale_ms=0 deadline_ms=250 enabled=1
wdt: BTSTACK max_stadrn c=00005779 s=00000000 z=00002207 bd=0000216832 bp=0000224638 dr=0000237941                                                
le_ms=0 deadline_ms=1000 enabled=1
wdt: MEDIA max_stale_ms=0 deadline_ms=500 enabled=1
usb-audio: streaming rate=48000Hz ch=2 ctr s=0000000355 u=0000371315 t=0000022008 e=0000071294 p=0000035647 d=0000003393 c=0000014138 o=0000000000                   
bits=16 measured=191840 B/s (201664 bytes / 1051ms)
usb-pump: packets=177049 log_drops=227673 report_dt_us=1051330
usb-pump-race: pump_ticks_run=357978 sof_isr=358055
usb-sof-2ap: sof_streaming=201435 got=177048 miss_avail=1327 miss_unavail=23060 hw_unavail=24563
usb-audio-fix: fb_done=195474
usb-audio-okx: rx_bytes_total=34004680 rx_short_packets=2818
wdt: USB_TIMER max_stale_ms=0 deadline_ms=100 enabled=1
wdt: USB_TASK max_stale_ms=0 deadline_ms=250 enabled=1
wdt: BTSTACK max_stale_ms=0 deadline_ms=1000 enabled=1
wdt: MEDIA max_stale_ms=0 deadline_ms=500 enabled=1
usb-audio: streaming rate=48000Hz ch=2 bits=16 measured=1atr pc0=100036f3 b0=00023147 pc1=100036bd b1=00015593 pc2=10002981 b2=00015100                                                
91901 B/s (202816 bytes / 1056ms)
usb-pump: packets=178105 log_drops=228553 report_dt_us=1056872
usb-pump-race: pump_ticks_rundrn c=00005784 s=00000000 z=00002207 bd=0000217728 bp=0000225260 dr=0000238820                                                
=359034 sof_isr=359112
usb-sof-2ap: sof_streaming=202492 got=178104 miss_avail=1327 miss_unavail=23061 hw_unavail=24564
usb-auctr s=0000000356 u=0000372497 t=0000022113 e=0000071737 p=0000035868 d=0000003416 c=0000014220 o=0000000000                   
dio-fix: fb_done=196530
usb-audio-okx: rx_bytes_total=34207496 rx_short_packets=2834
usb-pump-logring: backlog_hwm=8192
wdt: USB_TIMER max_stale_ms=0 deadline_ms=100 enabled=1
wdt: USB_TASK max_stale_ms=0 deadline_ms=250 enabled=1
wdt: BTSTACK max_stale_ms=0 deadline_ms=1000 enabled=1
wdt: MEDIA max_stale_ms=0 deadline_ms=500 enabled=1
usb-audio: streaming rate=48000Hz ch=2 atr pc0=100036f3 b0=00023245 pc1=100036bd b1=00015657 pc2=10002981 b2=00015100                                                
bits=16 measured=191785 B/s (236620 bytes / 1233ms)
usb-pump: packets=179336 log_drops=229397 report_dt_us=1233663
usb-pump-radrn c=00005788 s=00000000 z=00002207 bd=0000218368 bp=0000226147 dr=0000239434                                                
ce: pump_ticks_run=360265 sof_isr=360346
usb-sof-2ap: sof_streaming=203726 got=179336 miss_avail=1327 miss_unavail=23063 hw_unactr s=0000000357 u=0000373525 t=0000022204 e=0000072121 p=0000036060 d=0000003436 c=0000014291 o=0000000000                   
vail=24566
usb-audio-fix: fb_done=197761
usb-audio-okx: rx_bytes_total=34443924 rx_short_packets=2853
usb-pump-logring: backlog_hwm=8192
a2dp: codec=LDAC bitrate=990000 fill=1684/4608 ovr_frames=0 und=1460 report_dt_us=1233663
a2dp: enc_max_us=1810 pkt_sent=33635 pkt_fail=0 misaligned=0
a2dp: tick_count=21060 worst_tick_interval_us=13557 enc_frames_total=67270
wdt: USB_TIMERatr pc0=100036f3 b0=00023343 pc1=100036bd b1=00015721 pc2=10002981 b2=00015100                                                
 max_stale_ms=0 deadline_ms=100 enabled=1
wdt: USB_TASK max_stale_ms=0 deadline_ms=250 enabled=1
wdt: BTSTACK max_stale_ms=0 ddrn c=00005792 s=00000000 z=00002207 bd=0000219008 bp=0000226805 dr=0000240278                                                
eadline_ms=1000 enabled=1
wdt: MEDIA max_stale_ms=0 deadline_ms=500 enabled=1
usb-audio: streaming rate=48000Hz ch=2 bits=16 mctr s=0000000358 u=0000374591 t=0000022299 e=0000072520 p=0000036260 d=0000003455 c=0000014367 o=0000000000                   
easured=192001 B/s (210500 bytes / 1096ms)
usb-pump: packets=180433 log_drops=230011 report_dt_us=1096429
usb-pump-race: pump_ticks_run=361362 sof_isr=361442
usb-sof-2ap: sof_streaming=204822 got=180432 miss_avail=1327 miss_unavail=23063 hw_unavail=24566
usb-audio-fix: fb_done=198858
usb-audio-okx: rx_bytes_total=34654616 rx_short_packets=2870
wdt: USB_TIMER max_stale_ms=0 deatr pc0=100036f3 b0=00023441 pc1=100036bd b1=00015785 pc2=10002981 b2=00015100                                                
adline_ms=100 enabled=1
wdt: USB_TASK max_stale_ms=0 deadline_ms=250 enabled=1
wdt: BTSTACK max_stale_ms=0 deadline_ms=1000 endrn c=00005796 s=00000000 z=00002207 bd=0000219648 bp=0000227427 dr=0000241157                                                
abled=1
wdt: MEDIA max_stale_ms=0 deadline_ms=500 enabled=1
usb-audio: streaming rate=48000Hz ch=2 bits=16 measured=191932 B/sctr s=0000000359 u=0000375659 t=0000022394 e=0000072921 p=0000036460 d=0000003476 c=0000014441 o=0000000000                   
 (201276 bytes / 1048ms)
usb-pump: packets=181480 log_drops=230891 report_dt_us=1048593
usb-pump-race: pump_ticks_run=362409 sof_isr=362491
usb-sof-2ap: sof_streaming=205871 got=181480 miss_avail=1327 miss_unavail=23064 hw_unavail=24567
usb-audio-fix: fb_done=199905
usb-audio-okx: rx_bytes_total=34855700 rx_short_packets=2885
usb-pump-logring: backlog_hwm=8192
wdt: USB_TIMERatr pc0=100036f3 b0=00023539 pc1=100036bd b1=00015849 pc2=10002981 b2=00015100                                                
 max_stale_ms=0 deadline_ms=100 enabled=1
wdt: USB_TASK max_stale_ms=0 deadline_ms=250 enabled=1
wdt: BTSTACK max_stale_ms=0 ddrn c=00005800 s=00000000 z=00002207 bd=0000220288 bp=0000228085 dr=0000242000                                                
eadline_ms=1000 enabled=1
wdt: MEDIA max_stale_ms=0 deadline_ms=500 enabled=1
usb-audio: streaming rate=48000Hz ch=2 bits=16 mctr s=0000000360 u=0000376660 t=0000022483 e=0000073297 p=0000036648 d=0000003496 c=0000014510 o=0000000000                   
easured=192086 B/s (205888 bytes / 1071ms)
usb-pump: packets=182552 log_drops=231735 report_dt_us=1071847
usb-pump-race: pump_ticks_run=363481 sof_isr=363563
usb-sof-2ap: sof_streaming=206943 got=182552 miss_avail=1327 miss_unavail=23064 hw_unavail=24567
usb-audio-fix: fb_done=200977
usb-audio-okx: rx_bytes_total=35061588 rx_short_packets=2901
wdt: USB_TIMER max_stale_ms=0 deadline_ms=100 enabled=1
wdt: USB_TASK max_stale_ms=0 deadline_ms=250 enabled=1
wdt: BTSTACK max_stale_ms=0 deadline_ms=1000 enabled=1
wdt: MEDIA max_stale_ms=0 deadline_ms=500 enabled=1
usb-audio: streaming rate=48000Hz ch=2 bits=16 measured=191979 B/satr pc0=100036f3 b0=00023637 pc1=100036bd b1=00015913 pc2=10002981 b2=00015100                                                
 (208768 bytes / 1087ms)
usb-pump: packets=183640 log_drops=232614 report_dt_us=1087569
usb-pump-race: pump_ticks_run=364569 sdrn c=00005805 s=00000000 z=00002207 bd=0000221184 bp=0000228707 dr=0000242879                                                
of_isr=364650
usb-sof-2ap: sof_streaming=208030 got=183639 miss_avail=1327 miss_unavail=23064 hw_unavail=24567
wdt: USB_TIMER ctr s=0000000361 u=0000377726 t=0000022577 e=0000073696 p=0000036848 d=0000003519 c=0000014581 o=0000000000                   
max_stale_ms=0 deadline_ms=100 enabled=1
wdt: USB_TASK max_stale_ms=0 deadline_ms=250 enabled=1
wdt: BTSTACK max_stale_ms=0 deadline_ms=1000 enabled=1
wdt: MEDIA max_stale_ms=0 deadline_ms=500 enabled=1
usb-audio: streaming rate=48000Hz ch=2 bits=16 measured=192112 B/s (208384 bytes / 1084ms)
frame 5761: render=226840us blit=20908us total=247798us
usb-pump: packets=184724 logatr pc0=100036f3 b0=00023735 pc1=100036bd b1=00015977 pc2=10002981 b2=00015100                                                
_drops=233587 report_dt_us=1084639
usb-pump-race: pump_ticks_run=365653 sof_isr=365735
usb-sof-2ap: sof_streaming=209115 got=1drn c=00005809 s=00000000 z=00002207 bd=0000221824 bp=0000229456 dr=0000243632                                                
84724 miss_avail=1327 miss_unavail=23064 hw_unavail=24567
usb-audio-fix: fb_done=203149
usb-pump-logring: backlog_hwm=8192
wdctr s=0000000362 u=0000378794 t=0000022671 e=0000074096 p=0000037048 d=0000003543 c=0000014651 o=0000000000                   
t: USB_TIMER max_stale_ms=0 deadline_ms=100 enabled=1
wdt: USB_TASK max_stale_ms=0 deadline_ms=250 enabled=1
wdt: BTSTACK max_stale_ms=0 deadline_ms=1000 enabled=1
wdt: MEDIA max_stale_ms=0 deadline_ms=500 enabled=1
usb-audio: streaming rate=48000Hz ch=2 bits=16 measured=192083 B/s (198972 bytes / 1035ms)
usb-pump: packets=185760 log_drops=234493 report_dt_us=1035802
usb-pumpatr pc0=100036f3 b0=00023833 pc1=100036bd b1=00016041 pc2=10002981 b2=00015100                                                
-race: pump_ticks_run=366689 sof_isr=366771
usb-sof-2ap: sof_streaming=210151 got=185760 miss_avail=1327 miss_unavail=23064 hw_drn c=00005813 s=00000000 z=00002207 bd=0000222464 bp=0000230114 dr=0000244476                                                
unavail=24567
usb-audio-fix: fb_done=204185
usb-audio-okx: rx_bytes_total=35677712 rx_short_packets=2948
wdt: USB_TIMER max_sctr s=0000000363 u=0000379879 t=0000022767 e=0000074503 p=0000037251 d=0000003566 c=0000014724 o=0000000000                   
tale_ms=0 deadline_ms=100 enabled=1
wdt: USB_TASK max_stale_ms=0 deadline_ms=250 enabled=1
wdt: BTSTACK max_stale_ms=0 deadline_ms=1000 enabled=1
wdt: MEDIA max_stale_ms=0 deadline_ms=500 enabled=1
usb-audio: streaming rate=48000Hz ch=2 bits=16 measured=192114 B/s (215100 bytes / 1119ms)
usb-pump: packets=186880 log_drops=235373 report_dt_us=1119634
usb-pump-race: pump_ticks_atr pc0=100036f3 b0=00023931 pc1=100036bd b1=00016105 pc2=10002981 b2=00015100                                                
run=367809 sof_isr=367890
usb-sof-2ap: sof_streaming=211270 got=186879 miss_avail=1327 miss_unavail=23064 hw_unavail=24567
usbdrn c=00005817 s=00000000 z=00002207 bd=0000223104 bp=0000230772 dr=0000245320                                                
-audio-fix: fb_done=205305
usb-audio-okx: rx_bytes_total=35892812 rx_short_packets=2963
usb-pump-logring: backlog_hwm=8192
wdctr s=0000000364 u=0000380965 t=0000022863 e=0000074910 p=0000037455 d=0000003589 c=0000014797 o=0000000000                   
t: USB_TIMER max_stale_ms=0 deadline_ms=100 enabled=1
wdt: USB_TASK max_stale_ms=0 deadline_ms=250 enabled=1
wdt: BTSTACK max_stale_ms=0 deadline_ms=1000 enabled=1
wdt: MEDIA max_stale_ms=0 deadline_ms=500 enabled=1
usb-audio: streaming rate=48000Hz ch=2 bits=16 measured=191857 B/s (208192 bytes / 1085ms)
usb-pump: packets=187964 log_drops=236217 report_dt_us=1085128
usb-pumpatr pc0=100036f3 b0=00024029 pc1=100036bd b1=00016169 pc2=10002981 b2=00015100                                                
-race: pump_ticks_run=368893 sof_isr=368975
usb-sof-2ap: sof_streaming=212356 got=187964 miss_avail=1327 miss_unavail=23065 hw_drn c=00005821 s=00000000 z=00002207 bd=0000223744 bp=0000231451 dr=0000246199                                                
unavail=24568
usb-audio-fix: fb_done=206389
usb-audio-okx: rx_bytes_total=36101004 rx_short_packets=2979
wdt: USB_TIMER max_sctr s=0000000365 u=0000382020 t=0000022956 e=0000075305 p=0000037652 d=0000003612 c=0000014867 o=0000000000                   
tale_ms=0 deadline_ms=100 enabled=1
wdt: USB_TASK max_stale_ms=0 deadline_ms=250 enabled=1
wdt: BTSTACK max_stale_ms=0 deadline_ms=1000 enabled=1
wdt: MEDIA max_stale_ms=0 deadline_ms=500 enabled=1
usb-audio: streaming rate=48000Hz ch=2 bits=16 measured=191824 B/s (197820 bytes / 1031ms)
usb-pump: packets=188994 log_drops=237097 report_dt_us=1031283
usb-pump-race: pump_ticks_atr pc0=100036f3 b0=00024127 pc1=100036bd b1=00016233 pc2=10002981 b2=00015100                                                
run=369923 sof_isr=370007
usb-sof-2ap: sof_streaming=213387 got=188994 miss_avail=1327 miss_unavail=23066 hw_unavail=24569
usbdrn c=00005825 s=00000000 z=00002207 bd=0000224384 bp=0000232047 dr=0000247105                                                
-audio-fix: fb_done=207419
usb-audio-okx: rx_bytes_total=36298824 rx_short_packets=2994
usb-pump-logring: backlog_hwm=8192
wdctr s=0000000366 u=0000383037 t=0000023046 e=0000075687 p=0000037843 d=0000003634 c=0000014935 o=0000000000                   
t: USB_TIMER max_stale_ms=0 deadline_ms=100 enabled=1
wdt: USB_TASK max_stale_ms=0 deadline_ms=250 enabled=1
wdt: BTSTACK max_stale_ms=0 deadline_ms=1000 enabled=1
wdt: MEDIA max_stale_ms=0 deadline_ms=500 enabled=1
usb-audio: streaming rate=48000Hz ch=2 bits=16 measured=191807 B/s (205120 bytes / 1069ms)
usb-pump: packets=190063 log_drops=237941 report_dt_us=1069499
usb-pumpatr pc0=100036f3 b0=00024225 pc1=100036bd b1=00016297 pc2=10002981 b2=00015100                                                
-race: pump_ticks_run=370992 sof_isr=371076
usb-sof-2ap: sof_streaming=214456 got=190062 miss_avail=1327 miss_unavail=23067 hw_drn c=00005829 s=00000000 z=00002207 bd=0000225024 bp=0000232669 dr=0000247984                                                
unavail=24570
usb-audio-fix: fb_done=208488
usb-audio-okx: rx_bytes_total=36504136 rx_short_packets=3010
wdt: USB_TIMER max_sctr s=0000000367 u=0000384060 t=0000023136 e=0000076070 p=0000038035 d=0000003657 c=0000015002 o=0000000000                   
tale_ms=0 deadline_ms=100 enabled=1
wdt: USB_TASK max_stale_ms=0 deadline_ms=250 enabled=1
wdt: BTSTACK max_stale_ms=0 deadline_ms=1000 enabled=1
wdt: MEDIA max_stale_ms=0 deadline_ms=500 enabled=1
usb-audio: streaming rate=48000Hz ch=2 bits=16 measured=192023 B/s (224904 bytes / 1171ms)
usb-pump: packets=191233 log_drops=238820 report_dt_us=1171127
usb-pump-race: pump_ticks_atr pc0=100036f3 b0=00024323 pc1=100036bd b1=00016361 pc2=10002981 b2=00015100                                                
run=372172 sof_isr=372258
usb-sof-2ap: sof_streaming=215638 got=191243 miss_avail=1327 miss_unavail=23068 hw_unavail=24571
usbdrn c=00005833 s=00000000 z=00002207 bd=0000225664 bp=0000233327 dr=0000248827                                                
-audio-fix: fb_done=209668
usb-audio-okx: rx_bytes_total=36730768 rx_short_packets=3028
usb-pump-logring: backlog_hwm=8192
a2ctr s=0000000368 u=0000385113 t=0000023229 e=0000076465 p=0000038232 d=0000003680 c=0000015072 o=0000000000                   
dp: codec=LDAC bitrate=990000 fill=1424/4608 ovr_frames=0 und=1460 report_dt_us=1171127
a2dp: enc_max_us=1810 pkt_sent=35868 pkt_fail=0 misaligned=0
a2dp: tick_count=22113 worst_tick_interval_us=13557 enc_frames_total=71737
wdt: USB_TIMER max_stale_ms=0 deadline_ms=100 enabled=1
wdt: USB_TASK max_stale_ms=0 deadline_ms=250 enabled=1
wdt: BTSTACK max_stale_ms=0 deadline_ms=1000atr pc0=100036f3 b0=00024421 pc1=100036bd b1=00016425 pc2=10002981 b2=00015100                                                
 enabled=1
wdt: MEDIA max_stale_ms=0 deadline_ms=500 enabled=1
usb-audio: streaming rate=48000Hz ch=2 bits=16 measured=191621 drn c=00005837 s=00000000 z=00002207 bd=0000226304 bp=0000233949 dr=0000249707                                                
B/s (198976 bytes / 1038ms)
usb-pump: packets=192269 log_drops=239434 report_dt_us=1038395
usb-pump-race: pump_ticks_run=37319ctr s=0000000369 u=0000386146 t=0000023320 e=0000076853 p=0000038426 d=0000003704 c=0000015139 o=0000000000                   
8 sof_isr=373286
usb-sof-2ap: sof_streaming=216666 got=192269 miss_avail=1327 miss_unavail=23070 hw_unavail=24573
usb-audio-fix: fb_done=210694
usb-audio-okx: rx_bytes_total=36927824 rx_short_packets=3044
usb-pump-logring: backlog_hwm=8192
wdt: USB_TIMER max_stale_ms=0 deadline_ms=100 enabled=1
wdt: USB_TASK max_stale_ms=0 deadline_ms=250 enabled=1
wdt: BTSTACK max_stale_ms=atr pc0=100036f3 b0=00024519 pc1=100036bd b1=00016489 pc2=10002981 b2=00015100                                                
0 deadline_ms=1000 enabled=1
wdt: MEDIA max_stale_ms=0 deadline_ms=500 enabled=1
usb-audio: streaming rate=48000Hz ch=2 bits=1drn c=00005841 s=00000000 z=00002207 bd=0000226944 bp=0000234607 dr=0000250550                                                
6 measured=191716 B/s (204160 bytes / 1064ms)
usb-pump: packets=193332 log_drops=240278 report_dt_us=1064914
usb-pump-race: puctr s=0000000370 u=0000387167 t=0000023410 e=0000077235 p=0000038617 d=0000003726 c=0000015207 o=0000000000                   
mp_ticks_run=374261 sof_isr=374351
usb-sof-2ap: sof_streaming=217731 got=193332 miss_avail=1327 miss_unavail=23072 hw_unavail=24575
usb-audio-fix: fb_done=211757
usb-audio-okx: rx_bytes_total=37131984 rx_short_packets=3060
wdt: USB_TIMER max_stale_ms=0 deadline_ms=100 enabled=1
wdt: USB_TASK max_stale_ms=0 deadline_ms=250 enabled=1
wdt: BTSTACK max_stale_ms=0 deadline_ms=1000atr pc0=100036f3 b0=00024617 pc1=100036bd b1=00016553 pc2=10002981 b2=00015100                                                
 enabled=1
wdt: MEDIA max_stale_ms=0 deadline_ms=500 enabled=1
usb-audio: streaming rate=48000Hz ch=2 bits=16 measured=192032 drn c=00005845 s=00000000 z=00002207 bd=0000227584 bp=0000235229 dr=0000251429                                                
B/s (205312 bytes / 1069ms)
usb-pump: packets=194401 log_drops=241157 report_dt_us=1069155
usb-pump-race: pump_ticks_run=37533ctr s=0000000371 u=0000388252 t=0000023506 e=0000077642 p=0000038821 d=0000003749 c=0000015280 o=0000000000                   
0 sof_isr=375420
usb-sof-2ap: sof_streaming=218800 got=194401 miss_avail=1327 miss_unavail=23072 hw_unavail=24575
usb-audio-fix: fb_done=212826
usb-audio-okx: rx_bytes_total=37337296 rx_short_packets=3076
usb-pump-logring: backlog_hwm=8192
wdt: USB_TIMER max_stale_ms=0 deadline_ms=100 enabled=1
wdt: USB_TASK max_stale_ms=0 deadline_ms=250 enabled=1
wdt: BTSTACK max_stale_ms=atr pc0=100036f3 b0=00024715 pc1=100036bd b1=00016617 pc2=10002981 b2=00015100                                                
0 deadline_ms=1000 enabled=1
wdt: MEDIA max_stale_ms=0 deadline_ms=500 enabled=1
usb-audio: streaming rate=48000Hz ch=2 bits=1drn c=00005849 s=00000000 z=00002207 bd=0000228224 bp=0000235887 dr=0000252273                                                
6 measured=192145 B/s (192444 bytes / 1001ms)
usb-pump: packets=195403 log_drops=242000 report_dt_us=1001535
usb-pump-race: puctr s=0000000372 u=0000389345 t=0000023603 e=0000078052 p=0000039026 d=0000003771 c=0000015355 o=0000000000                   
mp_ticks_run=376332 sof_isr=376421
usb-sof-2ap: sof_streaming=219801 got=195402 miss_avail=1327 miss_unavail=23072 hw_unavail=24575
usb-audio-fix: fb_done=213828
usb-audio-okx: rx_bytes_total=37529740 rx_short_packets=3091
wdt: USB_TIMER max_stale_ms=0 deadline_ms=100 enabled=1
wdt: USB_TASK max_stale_ms=0 deadline_ms=250 enabled=1
wdt: BTSTACK max_stale_ms=0 deadline_ms=1000atr pc0=100036f3 b0=00024813 pc1=100036bd b1=00016681 pc2=10003713 b2=00015102                                                
 enabled=1
wdt: MEDIA max_stale_ms=0 deadline_ms=500 enabled=1
usb-audio: streaming rate=48000Hz ch=2 bits=16 measured=191560 drn c=00005853 s=00000000 z=00002207 bd=0000228864 bp=0000236509 dr=0000253152                                                
B/s (204160 bytes / 1065ms)
usb-pump: packets=196467 log_drops=242879 report_dt_us=1065890
usb-pump-race: pump_ticks_run=37739ctr s=0000000373 u=0000390417 t=0000023698 e=0000078454 p=0000039227 d=0000003794 c=0000015427 o=0000000000                   
6 sof_isr=377487
usb-sof-2ap: sof_streaming=220867 got=196466 miss_avail=1327 miss_unavail=23074 hw_unavail=24577
usb-audio-fix: fb_done=214892
usb-audio-okx: rx_bytes_total=37734092 rx_short_packets=3107
usb-pump-logring: backlog_hwm=8192
a2dp: codecatr pc0=100036f3 b0=00024911 pc1=100036bd b1=00016745 pc2=10003713 b2=00015164                                                
=LDAC bitrate=990000 fill=1740/4608 ovr_frames=0 und=1460 report_dt_us=1065890
wdt: USB_TIMER max_stale_ms=0 deadline_ms=100 endrn c=00005857 s=00000000 z=00002207 bd=0000229376 bp=0000237167 dr=0000253996                                                
abled=1
wdt: USB_TASK max_stale_ms=0 deadline_ms=250 enabled=1
wdt: BTSTACK max_stale_ms=0 deadline_ms=1000 enabled=1
wdt: MEctr s=0000000374 u=0000391492 t=0000023793 e=0000078857 p=0000039428 d=0000003817 c=0000015499 o=0000000000                   
DIA max_stale_ms=0 deadline_ms=500 enabled=1
usb-audio: streaming rate=48000Hz ch=2 bits=16 measured=192123 B/s (205120 bytes / 1067ms)
usb-pump: packets=197534 log_drops=243632 report_dt_us=1067538
usb-pump-race: pump_ticks_run=378463 sof_isr=378555
usb-sof-2ap: sof_streaming=221935 got=197534 miss_avail=1327 miss_unavail=23074 hw_unavail=24577
usb-audio-fix: fb_done=215959
atr pc0=100036f3 b0=00025009 pc1=100036bd b1=00016809 pc2=10003713 b2=00015164                                                
usb-audio-okx: rx_bytes_total=37939020 rx_short_packets=3123
usb-pump-logring: backlog_hwm=8192
wdt: USB_TIMER max_stale_ms=0 drn c=00005861 s=00000000 z=00002207 bd=0000230016 bp=0000237696 dr=0000254969                                                
deadline_ms=100 enabled=1
wdt: USB_TASK max_stale_ms=0 deadline_ms=250 enabled=1
wdt: BTSTACK max_stale_ms=0 deadline_ms=1000 ctr s=0000000375 u=0000392501 t=0000023882 e=0000079235 p=0000039617 d=0000003839 c=0000015566 o=0000000000                   
enabled=1
wdt: MEDIA max_stale_ms=0 deadline_ms=500 enabled=1
usb-audio: streaming rate=48000Hz ch=2 bits=16 measured=191837 B/s (208196 bytes / 1085ms)
usb-pump: packets=198619 log_drops=244476 report_dt_us=1085372
usb-pump-race: pump_ticks_run=379548 sof_isr=379640
usb-sof-2ap: sof_streaming=223020 got=198618 miss_avail=1327 miss_unavail=23075 hw_unavail=24578
usb-audio-fixatr pc0=100036f3 b0=00025107 pc1=100036bd b1=00016873 pc2=10003713 b2=00015226                                                
: fb_done=217044
usb-audio-okx: rx_bytes_total=38147408 rx_short_packets=3140
usb-pump-logring: backlog_hwm=8192
wdt: USB_TIMdrn c=00005865 s=00000000 z=00002207 bd=0000230656 bp=0000238318 dr=0000255849                                                
ER max_stale_ms=0 deadline_ms=100 enabled=1
wdt: USB_TASK max_stale_ms=0 deadline_ms=250 enabled=1
wdt: BTSTACK max_stale_ms=0ctr s=0000000376 u=0000393598 t=0000023979 e=0000079647 p=0000039823 d=0000003863 c=0000015639 o=0000000000                   
 deadline_ms=1000 enabled=1
wdt: MEDIA max_stale_ms=0 deadline_ms=500 enabled=1
usb-audio: streaming rate=48000Hz ch=2 bits=16 measured=192116 B/s (208576 bytes / 1085ms)
usb-pump: packets=199704 log_drops=245320 report_dt_us=1085570
usb-pump-race: pump_ticks_run=380633 sof_isr=380726
usb-sof-2ap: sof_streaming=224106 got=199704 miss_avail=1327 miss_unavail=23075 hw_unavail=24atr pc0=100036f3 b0=00025205 pc1=100036bd b1=00016937 pc2=10003713 b2=00015288                                                
578
usb-audio-fix: fb_done=218129
usb-audio-okx: rx_bytes_total=38355792 rx_short_packets=3156
frame 5821: render=229264us bldrn c=00005869 s=00000000 z=00002207 bd=0000231296 bp=0000238976 dr=0000256693                                                
it=21784us total=251091us
wdt: USB_TIMER max_stale_ms=0 deadline_ms=100 enabled=1
wdt: USB_TASK max_stale_ms=0 deadline_ms=250ctr s=0000000377 u=0000394691 t=0000024076 e=0000080056 p=0000040028 d=0000003884 c=0000015715 o=0000000000                   
 enabled=1
wdt: BTSTACK max_stale_ms=0 deadline_ms=1000 enabled=1
wdt: MEDIA max_stale_ms=0 deadline_ms=500 enabled=1
usb-audio: streaming rate=48000Hz ch=2 bits=16 measured=191745 B/s (200320 bytes / 1044ms)
usb-pump: packets=200747 log_drops=246199 report_dt_us=1044713
usb-pump-race: pump_ticks_run=381676 sof_isr=381771
usb-sof-2ap: sof_streaming=225151 got=200747 miss_avaiatr pc0=100036f3 b0=00025303 pc1=100036bd b1=00017001 pc2=10003713 b2=00015350                                                
l=1327 miss_unavail=23077 hw_unavail=24580
usb-audio-fix: fb_done=219172
usb-pump-logring: backlog_hwm=8192
wdt: USB_TIMER madrn c=00005873 s=00000000 z=00002207 bd=0000231936 bp=0000239598 dr=0000257572                                                
x_stale_ms=0 deadline_ms=100 enabled=1
wdt: USB_TASK max_stale_ms=0 deadline_ms=250 enabled=1
wdt: BTSTACK max_stale_ms=0 deadctr s=0000000378 u=0000395702 t=0000024165 e=0000080435 p=0000040217 d=0000003908 c=0000015780 o=0000000000                   
line_ms=1000 enabled=1
wdt: MEDIA max_stale_ms=0 deadline_ms=500 enabled=1
usb-audio: streaming rate=48000Hz ch=2 bits=16 measured=191735 B/s (197052 bytes / 1027ms)
usb-pump: packets=201774 log_drops=247105 report_dt_us=1027859
usb-pump-race: pump_ticks_run=382703 sof_isr=382798
usb-sof-2ap: sof_streaming=226178 got=201773 miss_avail=1327 miss_unavail=23078 hw_unavail=24581
usb-audio-fix: fb_done=220199
usb-audio-okx: rx_bytes_total=38753356 rx_short_packets=3187
wdt: USB_TIMER max_stale_ms=0 deadline_ms=100 enabled=1
wdt: USB_TASK max_stale_ms=0 deadline_ms=250 enabled=1
wdt: BTSTACK max_stale_ms=0 deadline_ms=1000 enablatr pc0=100036f3 b0=00025499 pc1=100036bd b1=00017129 pc2=10003713 b2=00015474                                                
ed=1
wdt: MEDIA max_stale_ms=0 deadline_ms=500 enabled=1
usb-audio: streaming rate=48000Hz ch=2 bits=16 measured=192139 B/s (1drn c=00005878 s=00000000 z=00002207 bd=0000232832 bp=0000241019 dr=0000258931                                                
96476 bytes / 1022ms)
usb-pump: packets=202796 log_drops=247984 report_dt_us=1022449
usb-pump-race: pump_ticks_run=383725 sof_ctr s=0000000379 u=0000396727 t=0000024256 e=0000080819 p=0000040409 d=0000003930 c=0000015848 o=0000000000                   
isr=383821
usb-sof-2ap: sof_streaming=227201 got=202796 miss_avail=1327 miss_unavail=23078 hw_unavail=24581
usb-audio-fix: fb_done=221221
usb-audio-okx: rx_bytes_total=38949640 rx_short_packets=3202
usb-pump-logring: backlog_hwm=8192
wdt: USB_TIMER max_stale_ms=0 deadline_ms=100 enabled=1
wdt: USB_TASK max_stale_ms=0 deadline_ms=250 enabled=1
wdt: BTSTACK max_stale_ms=0 deadatr pc0=100036f3 b0=00025597 pc1=100036bd b1=00017193 pc2=10003713 b2=00015536                                                
line_ms=1000 enabled=1
wdt: MEDIA max_stale_ms=0 deadline_ms=500 enabled=1
usb-audio: streaming rate=48000Hz ch=2 bits=16 measdrn c=00005882 s=00000000 z=00002207 bd=0000233472 bp=0000241625 dr=0000259884                                                
ured=192019 B/s (202240 bytes / 1053ms)
usb-pump: packets=203849 log_drops=248827 report_dt_us=1053218
usb-pump-race: pump_ticctr s=0000000380 u=0000397798 t=0000024351 e=0000081221 p=0000040610 d=0000003952 c=0000015921 o=0000000000                   
ks_run=384779 sof_isr=384874
usb-sof-2ap: sof_streaming=228254 got=203849 miss_avail=1327 miss_unavail=23078 hw_unavail=24581
usb-audio-fix: fb_done=222275
usb-audio-okx: rx_bytes_total=39152072 rx_short_packets=3218
wdt: USB_TIMER max_stale_ms=0 deadline_ms=100 enabled=1
wdt: USB_TASK max_stale_ms=0 deadline_ms=250 enabled=1
wdt: BTSTACK max_stale_ms=0 deadline_ms=1000 enablatr pc0=100036f3 b0=00025695 pc1=100036bd b1=00017257 pc2=10003713 b2=00015598                                                
ed=1
wdt: MEDIA max_stale_ms=0 deadline_ms=500 enabled=1
usb-audio: streaming rate=48000Hz ch=2 bits=16 measured=191834 B/s (1drn c=00005886 s=00000000 z=00002207 bd=0000234112 bp=0000242289 dr=0000260722                                                
98204 bytes / 1033ms)
usb-pump: packets=204882 log_drops=249707 report_dt_us=1033339
usb-pump-race: pump_ticks_run=385811 sof_ctr s=0000000381 u=0000398846 t=0000024444 e=0000081614 p=0000040807 d=0000003973 c=0000015993 o=0000000000                   
isr=385907
usb-sof-2ap: sof_streaming=229287 got=204881 miss_avail=1327 miss_unavail=23079 hw_unavail=24582
usb-audio-fix: fb_done=223307
usb-audio-okx: rx_bytes_total=39350276 rx_short_packets=3233
usb-pump-logring: backlog_hwm=8192
wdt: USB_TIMER max_stale_ms=0 deadline_ms=100 enabled=1
wdt: USB_TASK max_stale_ms=0 deadline_ms=250 enabled=1
wdt: BTSTACK max_stale_ms=0 deadatr pc0=100036f3 b0=00025793 pc1=100036bd b1=00017321 pc2=10003713 b2=00015660                                                
line_ms=1000 enabled=1
wdt: MEDIA max_stale_ms=0 deadline_ms=500 enabled=1
usb-audio: streaming rate=48000Hz ch=2 bits=16 measdrn c=00005890 s=00000000 z=00002207 bd=0000234752 bp=0000242929 dr=0000261583                                                
ured=191950 B/s (195904 bytes / 1020ms)
usb-pump: packets=205901 log_drops=250550 report_dt_us=1020473
usb-pump-race: pump_ticctr s=0000000382 u=0000399920 t=0000024539 e=0000082016 p=0000041008 d=0000003995 c=0000016066 o=0000000000                   
ks_run=386830 sof_isr=386928
usb-sof-2ap: sof_streaming=230308 got=205901 miss_avail=1327 miss_unavail=23080 hw_unavail=24583
usb-audio-fix: fb_done=224326
usb-audio-okx: rx_bytes_total=39545988 rx_short_packets=3249
wdt: USB_TIMER max_stale_ms=0 deadline_ms=100 enabled=1
wdt: USB_TASK max_stale_ms=0 deadline_ms=250 enabled=1
wdt: BTSTACK max_stale_ms=0 deadline_ms=1000 enablatr pc0=100036f3 b0=00025891 pc1=100036bd b1=00017385 pc2=10003713 b2=00015722                                                
ed=1
wdt: MEDIA max_stale_ms=0 deadline_ms=500 enabled=1
usb-audio: streaming rate=48000Hz ch=2 bits=16 measured=192018 B/s (2drn c=00005894 s=00000000 z=00002207 bd=0000235392 bp=0000243569 dr=0000262444                                                
08384 bytes / 1085ms)
usb-pump: packets=206987 log_drops=251429 report_dt_us=1085214
usb-pump-race: pump_ticks_run=387916 sof_ctr s=0000000383 u=0000400954 t=0000024631 e=0000082402 p=0000041201 d=0000004015 c=0000016137 o=0000000000                   
isr=388013
usb-sof-2ap: sof_streaming=231393 got=206986 miss_avail=1327 miss_unavail=23080 hw_unavail=24583
usb-audio-fix: fb_done=225412
usb-audio-okx: rx_bytes_total=39754564 rx_short_packets=3265
usb-pump-logring: backlog_hwm=8192
wdt: USB_TIMER max_stale_ms=0 deadline_ms=100 enabled=1
wdt: USB_TASK max_stale_ms=0 deadline_ms=250 enabled=1
wdt: BTSTACK max_stale_ms=0 deadatr pc0=100036f3 b0=00025989 pc1=100036bd b1=00017449 pc2=10003713 b2=00015784                                                
line_ms=1000 enabled=1
wdt: MEDIA max_stale_ms=0 deadline_ms=500 enabled=1
usb-audio: streaming rate=48000Hz ch=2 bits=16 measdrn c=00005898 s=00000000 z=00002207 bd=0000236032 bp=0000244209 dr=0000263305                                                
ured=192035 B/s (209920 bytes / 1093ms)
usb-pump: packets=208080 log_drops=252273 report_dt_us=1093263
usb-pump-race: pump_ticctr s=0000000384 u=0000401973 t=0000024721 e=0000082784 p=0000041392 d=0000004037 c=0000016205 o=0000000000                   
ks_run=389009 sof_isr=389106
usb-sof-2ap: sof_streaming=232486 got=208079 miss_avail=1327 miss_unavail=23080 hw_unavail=24583
usb-audio-fix: fb_done=226505
usb-audio-okx: rx_bytes_total=39964484 rx_short_packets=3281
wdt: USB_TIMER max_stale_ms=0 deadline_ms=100 enabled=1
wdt: USB_TASK max_stale_ms=0 deadline_ms=250 enabled=1
wdt: BTSTACK max_stale_ms=0 deadline_ms=1000 enabled=1
wdt: MEDIA max_stale_ms=0 deadline_ms=500 enabled=1
usb-audio: streaming rate=48000Hz ch=2 bits=16 measured=192063 B/s (205888 bytes / 1071ms)
usb-pump: packets=209152 log_drops=253152 report_dt_us=1071971
usb-pump-race: pump_ticks_run=390081 sof_atr pc0=100036f3 b0=00026087 pc1=100036bd b1=00017513 pc2=10003713 b2=00015846                                                
isr=390178
usb-sof-2ap: sof_streaming=233558 got=209151 miss_avail=1327 miss_unavail=23080 hw_unavail=24583
usb-audio-fix: fb_drn c=00005903 s=00000000 z=00002207 bd=0000236928 bp=0000245085 dr=0000263930                                                
done=227577
usb-audio-okx: rx_bytes_total=40170372 rx_short_packets=3297
usb-pump-logring: backlog_hwm=8192
wdt: USB_TIMER mactr s=0000000385 u=0000403112 t=0000024822 e=0000083211 p=0000041605 d=0000004060 c=0000016283 o=0000000000                   
x_stale_ms=0 deadline_ms=100 enabled=1
wdt: USB_TASK max_stale_ms=0 deadline_ms=250 enabled=1
wdt: BTSTACK max_stale_ms=0 deadline_ms=1000 enabled=1
wdt: MEDIA max_stale_ms=0 deadline_ms=500 enabled=1
usb-audio: streaming rate=48000Hz ch=2 bits=16 measured=192070 B/s (206460 bytes / 1074ms)
usb-pump: packets=210227 log_drops=253996 report_dt_us=1074931
usb-pump-race: pump_ticatr pc0=100036f3 b0=00026185 pc1=100036bd b1=00017577 pc2=10003713 b2=00015908                                                
ks_run=391156 sof_isr=391253
usb-sof-2ap: sof_streaming=234633 got=210226 miss_avail=1327 miss_unavail=23080 hw_unavail=24583
drn c=00005907 s=00000000 z=00002207 bd=0000237568 bp=0000245725 dr=0000264792                                                
wdt: USB_TIMER max_stale_ms=0 deadline_ms=100 enabled=1
wdt: USB_TASK max_stale_ms=0 deadline_ms=250 enabled=1
wdt: BTSTACK mactr s=0000000386 u=0000404145 t=0000024913 e=0000083598 p=0000041799 d=0000004084 c=0000016350 o=0000000000                   
x_stale_ms=0 deadline_ms=1000 enabled=1
wdt: MEDIA max_stale_ms=0 deadline_ms=500 enabled=1
usb-audio: streaming rate=48000Hz ch=2 bits=16 measured=192000 B/s (193784 bytes / 1009ms)
usb-pump: packets=211235 log_drops=254969 report_dt_us=1009145
usb-pump-race: pump_ticks_run=392164 sof_isr=392262
usb-sof-2ap: sof_streaming=235642 got=211234 miss_avail=1327 miss_unavail=23081 hw_unavail=24584
usb-audio-fix: fb_done=229660
usb-audio-okx: rx_bytes_total=40570424 rx_short_packets=3326
wdt: USB_TIMER max_stale_ms=0 deadline_ms=100 enabled=1
wdt: USB_TASK max_stale_ms=0 deadline_ms=250 enabled=1
wdt: BTSTACK max_stale_ms=0 deadlatr pc0=100036f3 b0=00026283 pc1=100036bd b1=00017641 pc2=10003713 b2=00015970                                                
ine_ms=1000 enabled=1
wdt: MEDIA max_stale_ms=0 deadline_ms=500 enabled=1
usb-audio: streaming rate=48000Hz ch=2 bits=16 measudrn c=00005912 s=00000000 z=00002207 bd=0000238464 bp=0000246643 dr=0000265375                                                
red=191874 B/s (210496 bytes / 1097ms)
usb-pump: packets=212331 log_drops=255849 report_dt_us=1097037
usb-pump-race: pump_tickctr s=0000000387 u=0000405390 t=0000025023 e=0000084064 p=0000042032 d=0000004110 c=0000016434 o=0000000000                   
s_run=393260 sof_isr=393359
usb-sof-2ap: sof_streaming=236739 got=212330 miss_avail=1327 miss_unavail=23082 hw_unavail=24585
usb-audio-fix: fb_done=230756
usb-audio-okx: rx_bytes_total=40780920 rx_short_packets=3342
usb-pump-logring: backlog_hwm=8192
wdt: USB_TIMER max_stale_ms=0 deadline_ms=100 enabled=1
wdt: USB_TASK max_stale_ms=0 deadline_ms=250 enabled=1
wdt: BTSTACK maatr pc0=100036f3 b0=00026381 pc1=100036bd b1=00017705 pc2=10003713 b2=00016032                                                
x_stale_ms=0 deadline_ms=1000 enabled=1
wdt: MEDIA max_stale_ms=0 deadline_ms=500 enabled=1
usb-audio: streaming rate=48000Hz drn c=00005916 s=00000000 z=00002207 bd=0000239104 bp=0000247283 dr=0000266237                                                
ch=2 bits=16 measured=191788 B/s (209348 bytes / 1091ms)
usb-pump: packets=213421 log_drops=256693 report_dt_us=1091576
usb-puctr s=0000000388 u=0000406501 t=0000025122 e=0000084480 p=0000042240 d=0000004130 c=0000016513 o=0000000000                   
mp-race: pump_ticks_run=394350 sof_isr=394451
usb-sof-2ap: sof_streaming=237831 got=213421 miss_avail=1327 miss_unavail=23083 hw_unavail=24586
usb-audio-fix: fb_done=231847
usb-audio-okx: rx_bytes_total=40990460 rx_short_packets=3359
wdt: USB_TIMER max_stale_ms=0 deadline_ms=100 enabled=1
wdt: USB_TASK max_stale_ms=0 deadline_ms=250 enabled=1
wdt: BTSTACK max_stale_ms=0 deadlctr s=0000000389 u=0000407493 t=0000025209 e=0000084851 p=0000042425 d=0000004153 c=0000016577 o=0000000000                   
ine_ms=1000 enabled=1
wdt: MEDIA max_stale_ms=0 deadline_ms=500 enabled=1
usb-audio: streaming rate=48000Hz ch=2 bits=16 measuatr pc0=100036f3 b0=00026479 pc1=100036bd b1=00017769 pc2=10003713 b2=00016094                                                
red=191794 B/s (194172 bytes / 1012ms)
usb-pump: packets=214432 log_drops=257572 report_dt_us=1012371
usb-pump-race: pump_tickdrn c=00005921 s=00000000 z=00002207 bd=0000239872 bp=0000247923 dr=0000267098                                                
s_run=395361 sof_isr=395463
usb-sof-2ap: sof_streaming=238843 got=214431 miss_avail=1327 miss_unavail=23085 hw_unavail=24588
usb-audio-fix: fb_done=232857
usb-audio-okx: rx_bytes_total=41184440 rx_short_packets=3374
usb-pump-logring: backlog_hwm=8192
usb-audio: streaming rate=48000Hz ch=2 bits=16 measured=191944 B/s (196668 bytes / 1024ms)
usb-pump: packets=215456 log_drops=2ctr s=0000000390 u=0000408534 t=0000025301 e=0000085241 p=0000042620 d=0000004175 c=0000016647 o=0000000000                   
58415 report_dt_us=1024616
usb-pump-race: pump_ticks_run=396385 sof_isr=396488
usb-sof-2ap: sof_streaming=239868 got=215456 miatr pc0=100036f3 b0=00026577 pc1=100036bd b1=00017833 pc2=10003713 b2=00016156                                                
ss_avail=1327 miss_unavail=23085 hw_unavail=24588
usb-audio-fix: fb_done=233882
usb-audio-okx: rx_bytes_total=41381300 rx_shordrn c=00005925 s=00000000 z=00002207 bd=0000240512 bp=0000248545 dr=0000267977                                                
t_packets=3389
usb-pump-logring: backlog_hwm=8192
a2dp: codec=LDAC bitrate=990000 fill=1972/4608 ovr_frames=0 und=1460 report_dt_us=1024616
a2dp: enc_max_us=1810 pkt_sent=40409 pkt_fail=0 misaligned=0
a2dp: tick_count=24256 worst_tick_interval_us=14467 enc_frames_total=80819
a2dp: stop_credit=15848 stop_queue_full=5 stop_ring_empty=1460 stop_dwell=3930 fill_short_read=0
wdt: ctr s=0000000391 u=0000409632 t=0000025399 e=0000085653 p=0000042826 d=0000004195 c=0000016725 o=0000000000                   
USB_TIMER max_stale_ms=0 deadline_ms=100 enabled=1
wdt: USB_TASK max_stale_ms=0 deadline_ms=250 enabled=1
frame 5881: render=2atr pc0=100036f3 b0=00026675 pc1=100036bd b1=00017897 pc2=10003713 b2=00016218                                                
29608us blit=20904us total=250564us
usb-audio: streaming rate=48000Hz ch=2 bits=16 measured=191933 B/s (203776 bytes / 1061ms)drn c=00005929 s=00000000 z=00002207 bd=0000241152 bp=0000249203 dr=0000268821                                                

usb-pump: packets=216517 log_drops=259040 report_dt_us=1061745
usb-pump-race: pump_ticks_run=397446 sof_isr=397550
usb-sof-2ap: sof_streaming=240930 got=216517 miss_avail=1327 miss_unavail=23086 hw_unavail=24589
usb-audio-fix: fb_done=234942
usb-audio-okx: rx_bytes_total=41584884 rx_short_packets=3405
usb-pump-logring: backlog_hwm=8192
wdt: USB_TIMER max_stale_ms=0 deadline_ctr s=0000000392 u=0000410697 t=0000025493 e=0000086052 p=0000043026 d=0000004218 c=0000016796 o=0000000000                   
ms=100 enabled=1
wdt: USB_TASK max_stale_ms=0 deadline_ms=250 enabled=1
wdt: MEDIA max_stale_ms=0 deadline_ms=500 enabled=1
uatr pc0=100036f3 b0=00026773 pc1=100036bd b1=00017961 pc2=10003713 b2=00016280                                                
sb-audio: streaming rate=48000Hz ch=2 bits=16 measured=192059 B/s (201280 bytes / 1048ms)
usb-pump: packets=217565 log_drops=25drn c=00005933 s=00000000 z=00002207 bd=0000241792 bp=0000249825 dr=0000269701                                                
9940 report_dt_us=1048011
usb-pump-race: pump_ticks_run=398494 sof_isr=398598
usb-sof-2ap: sof_streaming=241978 got=217565 miss_avail=1327 miss_unavail=23086 hw_unavail=24589
usb-audio-fix: fb_done=235990
usb-audio-okx: rx_bytes_total=41786164 rx_short_packets=3421
usb-pump-logring: backlog_hwm=8192
a2dp: enc_max_us=1810 pkt_sent=40805 pkt_fail=0 misaligned=0
wdt: USB_TIMER ctr s=0000000393 u=0000411809 t=0000025591 e=0000086468 p=0000043234 d=0000004242 c=0000016870 o=0000000000                   
max_stale_ms=0 deadline_ms=100 enabled=1
wdt: USB_TASK max_stale_ms=0 deadline_ms=250 enabled=1
usb-audio: streaming rate=4800atr pc0=100036f3 b0=00026871 pc1=100036bd b1=00018025 pc2=10003713 b2=00016342                                                
0Hz ch=2 bits=16 measured=191820 B/s (207616 bytes / 1082ms)
usb-pump: packets=218646 log_drops=260831 report_dt_us=1082322
usdrn c=00005937 s=00000000 z=00002207 bd=0000242432 bp=0000250483 dr=0000270544                                                
b-pump-race: pump_ticks_run=399576 sof_isr=399681
usb-sof-2ap: sof_streaming=243061 got=218647 miss_avail=1327 miss_unavail=23087 hw_unavail=24590
usb-audio-fix: fb_done=237072
usb-audio-okx: rx_bytes_total=41993972 rx_short_packets=3437
usb-pump-logring: backlog_hwm=8192
a2dp: codec=LDAC bitrate=990000 fill=1972/4608 ovr_frames=0 und=1460 report_dt_us=1082322
wdt: USB_TIMER ctr s=0000000394 u=0000412893 t=0000025687 e=0000086875 p=0000043437 d=0000004265 c=0000016943 o=0000000000                   
max_stale_ms=0 deadline_ms=100 enabled=1
wdt: USB_TASK max_stale_ms=0 deadline_ms=250 enabled=1
usb-audio: streaming rate=4800atr pc0=100036f3 b0=00026969 pc1=100036bd b1=00018089 pc2=10003713 b2=00016404                                                
0Hz ch=2 bits=16 measured=190827 B/s (195712 bytes / 1025ms)
usb-pump: packets=219665 log_drops=261692 report_dt_us=1025605
usdrn c=00005941 s=00000000 z=00002207 bd=0000243072 bp=0000251162 dr=0000271424                                                
b-pump-race: pump_ticks_run=400594 sof_isr=400706
usb-sof-2ap: sof_streaming=244086 got=219665 miss_avail=1327 miss_unavail=23094 hw_unavail=24597
usb-audio-fix: fb_done=238090
usb-audio-okx: rx_bytes_total=42189492 rx_short_packets=3453
usb-pump-logring: backlog_hwm=8192
a2dp: codec=LDAC bitrate=990000 fill=1716/4608 ovr_frames=0 und=1461 report_dt_us=1025605
wdt: USB_TIMER ctr s=0000000395 u=0000413933 t=0000025779 e=0000087265 p=0000043632 d=0000004287 c=0000017013 o=0000000000                   
max_stale_ms=0 deadline_ms=100 enabled=1
wdt: USB_TASK max_stale_ms=0 deadline_ms=250 enabled=1
usb-audio: streaming rate=4800atr pc0=100036f3 b0=00027067 pc1=100036bd b1=00018153 pc2=10003713 b2=00016404                                                
0Hz ch=2 bits=16 measured=191988 B/s (197436 bytes / 1028ms)
usb-pump: packets=220693 log_drops=262553 report_dt_us=1028369
usdrn c=00005945 s=00000000 z=00002207 bd=0000243712 bp=0000251758 dr=0000272329                                                
b-pump-race: pump_ticks_run=401623 sof_isr=401734
usb-sof-2ap: sof_streaming=245114 got=220693 miss_avail=1327 miss_unavail=23094 hw_unavail=24597
usb-audio-fix: fb_done=239119
usb-audio-okx: rx_bytes_total=42387120 rx_short_packets=3468
usb-pump-logring: backlog_hwm=8192
a2dp: codec=LDAC bitrate=990000 fill=1712/4608 ovr_frames=0 und=1461 report_dt_us=1028369
wdt: USB_TIMER ctr s=0000000396 u=0000415008 t=0000025874 e=0000087667 p=0000043833 d=0000004310 c=0000017085 o=0000000000                   
max_stale_ms=0 deadline_ms=100 enabled=1
wdt: USB_TASK max_stale_ms=0 deadline_ms=250 enabled=1
usb-audio: streaming rate=4800atr pc0=100036f3 b0=00027165 pc1=100036bd b1=00018217 pc2=10003713 b2=00016466                                                
0Hz ch=2 bits=16 measured=191879 B/s (216644 bytes / 1129ms)
usb-pump: packets=221822 log_drops=263414 report_dt_us=1129186
usdrn c=00005949 s=00000000 z=00002207 bd=0000244352 bp=0000252416 dr=0000273173                                                
b-pump-race: pump_ticks_run=402751 sof_isr=402863
usb-sof-2ap: sof_streaming=246243 got=221821 miss_avail=1327 miss_unavail=23095 hw_unavail=24598
usb-audio-fix: fb_done=240247
usb-audio-okx: rx_bytes_total=42603764 rx_short_packets=3485
usb-pump-logring: backlog_hwm=8192
a2dp: codec=LDAC bitrate=990000 fill=1780/4608 ovr_frames=0 und=1461 report_dt_us=1129186
a2dp: enc_max_uctr s=0000000397 u=0000416042 t=0000025965 e=0000088055 p=0000044027 d=0000004335 c=0000017151 o=0000000000                   
s=1810 pkt_sent=41603 pkt_fail=0 misaligned=0
a2dp: tick_count=24821 worst_tick_interval_us=14467 enc_frames_total=83207
a2dp:atr pc0=100036f3 b0=00027263 pc1=100036bd b1=00018281 pc2=10003713 b2=00016528                                                
 stop_credit=16282 stop_queue_full=5 stop_ring_empty=1461 stop_dwell=4060 fill_short_read=0
wdt: USB_TIMER max_stale_ms=0 deadldrn c=00005953 s=00000000 z=00002207 bd=0000244992 bp=0000253038 dr=0000274052                                                
ine_ms=100 enabled=1
wdt: USB_TASK max_stale_ms=0 deadline_ms=250 enabled=1
usb-audio: streaming rate=48000Hz ch=2 bits=16 measured=192083 B/s (200320 bytes / 1042ms)
usb-pump: packets=222864 log_drops=264039 report_dt_us=1042754
usb-pump-race: pump_ticks_run=403793 sof_isr=403906
usb-sof-2ap: sof_streaming=247286 got=222864 miss_avail=1327 miss_unavail=23095 hw_unavail=24598ctr s=0000000398 u=0000417116 t=0000026060 e=0000088457 p=0000044228 d=0000004357 c=0000017224 o=0000000000                   

usb-audio-fix: fb_done=241290
usb-audio-okx: rx_bytes_total=42804084 rx_short_packets=3501
usb-pump-logring: backlog_hwm=8192atr pc0=100036f3 b0=00027361 pc1=100036bd b1=00018345 pc2=10003713 b2=00016590                                                

a2dp: codec=LDAC bitrate=990000 fill=1908/4608 ovr_frames=0 und=1461 report_dt_us=1042754
wdt: USB_TIMER max_stale_ms=0 deadldrn c=00005957 s=00000000 z=00002207 bd=0000245632 bp=0000253696 dr=0000274895                                                
ine_ms=100 enabled=1
wdt: USB_TASK max_stale_ms=0 deadline_ms=250 enabled=1
usb-audio: streaming rate=48000Hz ch=2 bits=16 measured=191559 B/s (238540 bytes / 1245ms)
usb-pump: packets=224107 log_drops=264901 report_dt_us=1245365
usb-pump-race: pump_ticks_run=405036 sof_isr=405151
usb-sof-2ap: sof_streaming=248531 got=224106 miss_avail=1327 miss_unavail=23098 hw_unavail=24601ctr s=0000000399 u=0000418170 t=0000026153 e=0000088852 p=0000044426 d=0000004380 c=0000017294 o=0000000000                   

usb-audio-fix: fb_done=242532
usb-audio-okx: rx_bytes_total=43042624 rx_short_packets=3520
usb-pump-logring: backlog_hwm=8192atr pc0=100036f3 b0=00027459 pc1=100036bd b1=00018409 pc2=10003713 b2=00016652                                                

a2dp: codec=LDAC bitrate=990000 fill=1856/4608 ovr_frames=0 und=1461 report_dt_us=1245365
a2dp: enc_max_us=1810 pkt_sent=4203drn c=00005961 s=00000000 z=00002207 bd=0000246272 bp=0000254318 dr=0000275774                                                
2 pkt_fail=0 misaligned=0
a2dp: tick_count=25023 worst_tick_interval_us=14467 enc_frames_total=84064
a2dp: frames_per_packet=1 credit_clamped_samples=2782237 credit_clamp_events=8322 flush_frames=0 resync_drops=0 fill_ema=1723 fill_min=968
wdt: USB_TIMER max_stale_ms=0 deadline_ms=100 enabled=1
wdt: USB_TASK max_stale_ms=0 deadline_ms=250 enabled=1
usb-audio: streaming rate=48ctr s=0000000400 u=0000419197 t=0000026244 e=0000089237 p=0000044618 d=0000004401 c=0000017364 o=0000000000                   
000Hz ch=2 bits=16 measured=191554 B/s (210884 bytes / 1100ms)
usb-pump: packets=225205 log_drops=265484 report_dt_us=1100900
atr pc0=100036f3 b0=00027557 pc1=100036bd b1=00018473 pc2=10003713 b2=00016714                                                
usb-pump-race: pump_ticks_run=406134 sof_isr=406252
usb-sof-2ap: sof_streaming=249632 got=225204 miss_avail=1327 miss_unavail=2drn c=00005965 s=00000000 z=00002207 bd=0000246912 bp=0000254976 dr=0000276618                                                
3101 hw_unavail=24604
usb-audio-fix: fb_done=243630
usb-audio-okx: rx_bytes_total=43253508 rx_short_packets=3537
usb-pump-logring: backlog_hwm=8192
a2dp: codec=LDAC bitrate=990000 fill=1796/4608 ovr_frames=0 und=1461 report_dt_us=1100900
wdt: USB_TIMER max_stale_ms=0 deadline_ms=100 enabled=1
wdt: USB_TASK max_stale_ms=0 deadline_ms=250 enabled=1
usb-audio: streaming rate=48ctr s=0000000401 u=0000420260 t=0000026338 e=0000089636 p=0000044818 d=0000004424 c=0000017435 o=0000000000                   
000Hz ch=2 bits=16 measured=191531 B/s (191868 bytes / 1001ms)
usb-pump: packets=226203 log_drops=266346 report_dt_us=1001632
atr pc0=100036f3 b0=00027655 pc1=100036bd b1=00018537 pc2=10003713 b2=00016776                                                
usb-pump-race: pump_ticks_run=407132 sof_isr=407254
usb-sof-2ap: sof_streaming=250634 got=226203 miss_avail=1327 miss_unavail=2drn c=00005969 s=00000000 z=00002207 bd=0000247552 bp=0000255598 dr=0000277498                                                
3104 hw_unavail=24607
usb-audio-fix: fb_done=244628
usb-audio-okx: rx_bytes_total=43445184 rx_short_packets=3552
usb-pump-logring: backlog_hwm=8192
a2dp: codec=LDAC bitrate=990000 fill=1664/4608 ovr_frames=0 und=1461 report_dt_us=1001632
wdt: USB_TIMER max_stale_ms=0 deadline_ms=100 enabled=1
wdt: USB_TASK max_stale_ms=0 deadline_ms=250 enabled=1
wdt: BTSTACK max_stale_ms=0 ctr s=0000000402 u=0000421314 t=0000026431 e=0000090031 p=0000045015 d=0000004447 c=0000017505 o=0000000000                   
deadline_ms=1000 enabled=1
wdt: MEDIA max_stale_ms=0 deadline_ms=500 enabled=1
usb-audio: streaming rate=48000Hz ch=2 bits=16 atr pc0=100036f3 b0=00027753 pc1=100036bd b1=00018601 pc2=10003713 b2=00016838                                                
measured=192028 B/s (199936 bytes / 1041ms)
usb-pump: packets=227245 log_drops=267098 report_dt_us=1041326
usb-pump-race: pumpdrn c=00005973 s=00000000 z=00002207 bd=0000248192 bp=0000256256 dr=0000278342                                                
_ticks_run=408174 sof_isr=408295
usb-sof-2ap: sof_streaming=251675 got=227244 miss_avail=1327 miss_unavail=23104 hw_unavail=24607
usb-audio-fix: fb_done=245670
usb-audio-okx: rx_bytes_total=43645312 rx_short_packets=3568
wdt: USB_TIMER max_stale_ms=0 deadline_ms=100 enabled=1
wdt: USB_TASK max_stale_ms=0 deadline_ms=250 enabled=1
wdt: BTSTACK max_stale_ms=0 deadline_ms=1000 ectr s=0000000403 u=0000422367 t=0000026524 e=0000090426 p=0000045213 d=0000004470 c=0000017575 o=0000000000                   
nabled=1
wdt: MEDIA max_stale_ms=0 deadline_ms=500 enabled=1
usb-audio: streaming rate=48000Hz ch=2 bits=16 measured=192092 B/atr pc0=100036f3 b0=00027851 pc1=100036bd b1=00018665 pc2=10003713 b2=00016900                                                
s (210880 bytes / 1097ms)
usb-pump: packets=228342 log_drops=267977 report_dt_us=1097679
usb-pump-race: pump_ticks_run=409271 drn c=00005977 s=00000000 z=00002207 bd=0000248832 bp=0000256878 dr=0000279222                                                
sof_isr=409393
usb-sof-2ap: sof_streaming=252773 got=228342 miss_avail=1327 miss_unavail=23104 hw_unavail=24607
usb-audio-fix: fb_done=246767
usb-audio-okx: rx_bytes_total=43856000 rx_short_packets=3584
usb-pump-logring: backlog_hwm=8192
wdt: USB_TIMER max_stale_ms=0 deadline_ms=100 enabled=1
wdt: USB_TASK max_stale_ms=0 deadline_ms=250 enabled=1
wdt: BTSTACK max_stale_ms=0 ctr s=0000000404 u=0000423425 t=0000026617 e=0000090823 p=0000045411 d=0000004495 c=0000017643 o=0000000000                   
deadline_ms=1000 enabled=1
wdt: MEDIA max_stale_ms=0 deadline_ms=500 enabled=1
usb-audio: streaming rate=48000Hz ch=2 bits=16 atr pc0=100036f3 b0=00027949 pc1=100036bd b1=00018729 pc2=10003713 b2=00016962                                                
measured=191662 B/s (204160 bytes / 1065ms)
usb-pump: packets=229406 log_drops=268821 report_dt_us=1065332
usb-pump-race: pumpdrn c=00005981 s=00000000 z=00002207 bd=0000249472 bp=0000257536 dr=0000280066                                                
_ticks_run=410335 sof_isr=410458
usb-sof-2ap: sof_streaming=253838 got=229405 miss_avail=1327 miss_unavail=23106 hw_unavail=24609
usb-audio-fix: fb_done=247831
usb-audio-okx: rx_bytes_total=44060352 rx_short_packets=3600
wdt: USB_TIMER max_stale_ms=0 deadline_ms=100 enabled=1
wdt: USB_TASK max_stale_ms=0 deadline_ms=250 enabled=1
wdt: BTSTACK max_stale_ms=0 deadline_ms=1000 ectr s=0000000405 u=0000424428 t=0000026706 e=0000091196 p=0000045598 d=0000004513 c=0000017714 o=0000000000                   
nabled=1
wdt: MEDIA max_stale_ms=0 deadline_ms=500 enabled=1
usb-audio: streaming rate=48000Hz ch=2 bits=16 measured=191903 B/s (213188 bytes / 1110ms)
usb-pump: packets=230515 log_drops=269701 report_dt_us=1110786
usb-pump-race: pump_ticks_run=411444 sof_isr=411569
usb-sof-2ap: sof_streaming=254950 got=230516 miss_avail=1327 miss_unavail=23107 hw_unavail=24610
usb-audio-fix:atr pc0=100036f3 b0=00028047 pc1=100036bd b1=00018793 pc2=10003713 b2=00017024                                                
 fb_done=248941
usb-audio-okx: rx_bytes_total=44273540 rx_short_packets=3617
usb-pump-logring: backlog_hwm=8192
wdt: USB_TIMEdrn c=00005986 s=00000000 z=00002207 bd=0000250368 bp=0000258158 dr=0000280945                                                
R max_stale_ms=0 deadline_ms=100 enabled=1
wdt: USB_TASK max_stale_ms=0 deadline_ms=250 enabled=1
wdt: BTSTACK max_stale_ms=0 deadline_ms=1000 enabled=1
wdt: MEDIA max_stale_ms=0 deadline_ms=500 enabled=1
usb-audio: streaming rate=48000Hz ch=2 bits=16 measured=191840 B/s (208192 bytes / 1085ms)
usb-pump: packets=231600 log_drops=270544 report_dt_us=1085369
usb-pump-race: pumpctr s=0000000406 u=0000425656 t=0000026815 e=0000091655 p=0000045827 d=0000004539 c=0000017796 o=0000000000                   
_ticks_run=412529 sof_isr=412654
usb-sof-2ap: sof_streaming=256034 got=231599 miss_avail=1327 miss_unavail=23108 hw_unavail=246atr pc0=100036f3 b0=00028145 pc1=100036bd b1=00018857 pc2=10003713 b2=00017086                                                
11
usb-audio-fix: fb_done=250025
usb-audio-okx: rx_bytes_total=44481732 rx_short_packets=3633
frame 5941: render=217918us blidrn c=00005990 s=00000000 z=00002207 bd=0000251008 bp=0000259045 dr=0000281559                                                
t=20783us total=238787us
wdt: USB_TIMER max_stale_ms=0 deadline_ms=100 enabled=1
wdt: USB_TASK max_stale_ms=0 deadline_ms=250 enabled=1
wdt: BTSTACK max_stale_ms=0 deadline_ms=1000 enabled=1
wdt: MEDIA max_stale_ms=0 deadline_ms=500 enabled=1
usb-audio: streaming rate=48000Hz ch=2 bits=16 measured=191696 B/s (199360 bytes / 1039ms)
usb-pump: packets=232638 log_drops=271424 rectr s=0000000407 u=0000426746 t=0000026911 e=0000092063 p=0000046031 d=0000004563 c=0000017868 o=0000000000                   
port_dt_us=1039966
usb-pump-race: pump_ticks_run=413567 sof_isr=413694
usb-sof-2ap: sof_streaming=257074 got=232637 miss_availatr pc0=100036f3 b0=00028243 pc1=100036bd b1=00018921 pc2=10003713 b2=00017148                                                
=1327 miss_unavail=23110 hw_unavail=24613
usb-audio-fix: fb_done=251063
usb-pump-logring: backlog_hwm=8192
wdt: USB_TIMER maxdrn c=00005994 s=00000000 z=00002207 bd=0000251648 bp=0000259703 dr=0000282402                                                
_stale_ms=0 deadline_ms=100 enabled=1
wdt: USB_TASK max_stale_ms=0 deadline_ms=250 enabled=1
wdt: BTSTACK max_stale_ms=0 deadline_ms=1000 enabled=1
wdt: MEDIA max_stale_ms=0 deadline_ms=500 enabled=1
usb-audio: streaming rate=48000Hz ch=2 bits=16 measured=192054 B/s (206464 bytes / 1075ms)
usb-pump: packets=233713 log_drops=272329 report_dt_us=1075012
usb-pump-race: pump_tickctr s=0000000408 u=0000427798 t=0000027004 e=0000092455 p=0000046227 d=0000004585 c=0000017938 o=0000000000                   
s_run=414642 sof_isr=414769
usb-sof-2ap: sof_streaming=258149 got=233712 miss_avail=1327 miss_unavail=23110 hw_unavail=24613
uatr pc0=100036f3 b0=00028341 pc1=100036bd b1=00018985 pc2=10003713 b2=00017210                                                
sb-audio-fix: fb_done=252138
usb-audio-okx: rx_bytes_total=44887556 rx_short_packets=3665
usb-pump-logring: backlog_hwm=8192
drn c=00005998 s=00000000 z=00002207 bd=0000252288 bp=0000260325 dr=0000283281                                                
wdt: USB_TIMER max_stale_ms=0 deadline_ms=100 enabled=1
wdt: USB_TASK max_stale_ms=0 deadline_ms=250 enabled=1
wdt: BTSTACK max_stale_ms=0 deadline_ms=1000 enabled=1
wdt: MEDIA max_stale_ms=0 deadline_ms=500 enabled=1
usb-audio: streaming rate=48000Hz ch=2 bits=16 measured=191963 B/s (198400 bytes / 1033ms)
usb-pump: packets=234745 log_drops=273173 report_dt_us=1033436
usb-puctr s=0000000409 u=0000428817 t=0000027094 e=0000092837 p=0000046418 d=0000004607 c=0000018006 o=0000000000                   
mp-race: pump_ticks_run=415674 sof_isr=415803
usb-sof-2ap: sof_streaming=259183 got=234745 miss_avail=1327 miss_unavail=23111 hatr pc0=100036f3 b0=00028439 pc1=100036bd b1=00019049 pc2=10003713 b2=00017210                                                
w_unavail=24614
usb-audio-fix: fb_done=253170
usb-audio-okx: rx_bytes_total=45085764 rx_short_packets=3681
wdt: USB_TIMER maxdrn c=00006002 s=00000000 z=00002207 bd=0000252928 bp=0000260978 dr=0000284186                                                
_stale_ms=0 deadline_ms=100 enabled=1
wdt: USB_TASK max_stale_ms=0 deadline_ms=250 enabled=1
wdt: BTSTACK max_stale_ms=0 deadline_ms=1000 enabled=1
wdt: MEDIA max_stale_ms=0 deadline_ms=500 enabled=1
usb-audio: streaming rate=48000Hz ch=2 bits=16 measured=191730 B/s (205888 bytes / 1073ms)
usb-pump: packets=235817 log_drops=274052 report_dt_us=1073823
usb-pump-race: pump_tickctr s=0000000410 u=0000429888 t=0000027189 e=0000093239 p=0000046619 d=0000004629 c=0000018079 o=0000000000                   
s_run=416746 sof_isr=416877
usb-sof-2ap: sof_streaming=260257 got=235817 miss_avail=1327 miss_unavail=23113 hw_unavail=24616
uatr pc0=100036f3 b0=00028537 pc1=100036bd b1=00019113 pc2=10003713 b2=00017272                                                
sb-audio-fix: fb_done=254242
usb-audio-okx: rx_bytes_total=45291652 rx_short_packets=3697
usb-pump-logring: backlog_hwm=8192
drn c=00006006 s=00000000 z=00002207 bd=0000253568 bp=0000261600 dr=0000285066                                                
wdt: USB_TIMER max_stale_ms=0 deadline_ms=100 enabled=1
wdt: USB_TASK max_stale_ms=0 deadline_ms=250 enabled=1
wdt: BTSTACK max_stale_ms=0 deadline_ms=1000 enabled=1
wdt: MEDIA max_stale_ms=0 deadline_ms=500 enabled=1
usb-audio: streaming rate=48000Hz ctr s=0000000411 u=0000430961 t=0000027284 e=0000093641 p=0000046820 d=0000004651 c=0000018152 o=0000000000                   
ch=2 bits=16 measured=191876 B/s (202240 bytes / 1054ms)
usb-pump: packets=236870 log_drops=274895 report_dt_us=1054034
usb-puatr pc0=100036f3 b0=00028635 pc1=100036bd b1=00019177 pc2=10003713 b2=00017272                                                
mp-race: pump_ticks_run=417799 sof_isr=417931
usb-sof-2ap: sof_streaming=261311 got=236870 miss_avail=1327 miss_unavail=23114 hdrn c=00006010 s=00000000 z=00002207 bd=0000254080 bp=0000262129 dr=0000286039                                                
w_unavail=24617
usb-audio-fix: fb_done=255295
usb-audio-okx: rx_bytes_total=45493892 rx_short_packets=3713
wdt: USB_TIMER max_stale_ms=0 deadline_ms=100 enabled=1
wdt: USB_TASK max_stale_ms=0 deadline_ms=250 enabled=1
wdt: BTSTACK max_stale_ms=0 deadline_ms=1000 enabled=1
wdt: MEDIA max_stale_ms=0 deadline_ms=500 enabled=1
usb-audio: streaming rate=48000Hz ch=2 bits=16 measuctr s=0000000412 u=0000432013 t=0000027377 e=0000094035 p=0000047017 d=0000004673 c=0000018223 o=0000000000                   
red=192055 B/s (197244 bytes / 1027ms)
usb-pump: packets=237897 log_drops=275774 report_dt_us=1026996
usb-pump-race: pump_tickatr pc0=100036f3 b0=00028733 pc1=100036bd b1=00019241 pc2=10003713 b2=00017334                                                
s_run=418826 sof_isr=418958
usb-sof-2ap: sof_streaming=262338 got=237897 miss_avail=1327 miss_unavail=23114 hw_unavail=24617
udrn c=00006014 s=00000000 z=00002207 bd=0000254720 bp=0000262751 dr=0000286918                                                
sb-audio-fix: fb_done=256322
usb-audio-okx: rx_bytes_total=45691136 rx_short_packets=3728
usb-pump-logring: backlog_hwm=8192
wdt: USB_TIMER max_stale_ms=0 deadline_ms=100 enabled=1
wdt: USB_TASK max_stale_ms=0 deadline_ms=250 enabled=1
wdt: BTSTACK max_stale_ms=0 deadline_ms=1000 enabled=1
wdt: MEDIA max_stale_ms=0 deadline_ms=500 enabled=1
usb-audio: streaming rate=48000Hz ctr s=0000000413 u=0000433061 t=0000027470 e=0000094428 p=0000047214 d=0000004694 c=0000018295 o=0000000000                   
ch=2 bits=16 measured=191978 B/s (204160 bytes / 1063ms)
usb-pump: packets=238961 log_drops=276618 report_dt_us=1063581
usb-pump-race: pump_ticks_run=419890 sof_isr=420021
usb-sof-2ap: sof_streaming=263401 got=238960 miss_avail=1327 miss_unavail=23114 hw_unavail=24617
usb-audio-fix: fb_done=257386
usb-audio-okx: rx_bytes_total=45895488 rx_short_packets=3744
wdt: USB_TIMER maxatr pc0=100036f3 b0=00028831 pc1=100036bd b1=00019305 pc2=10003713 b2=00017396                                                
_stale_ms=0 deadline_ms=100 enabled=1
wdt: USB_TASK max_stale_ms=0 deadline_ms=250 enabled=1
wdt: BTSTACK max_stale_ms=0 deadldrn c=00006019 s=00000000 z=00002207 bd=0000255616 bp=0000263409 dr=0000287762                                                
ine_ms=1000 enabled=1
wdt: MEDIA max_stale_ms=0 deadline_ms=500 enabled=1
usb-audio: streaming rate=48000Hz ch=2 bits=16 measured=192078 B/s (202428 bytes / 1053ms)
usb-pump: packets=240014 log_drops=277498 report_dt_us=1053740
usb-pump-race: pump_ticks_run=420943 sof_isr=421075
usb-sof-2ap: sof_streaming=264455 got=240014 miss_avail=1327 miss_unavail=23114 hw_unavail=24617
uctr s=0000000414 u=0000434307 t=0000027580 e=0000094895 p=0000047447 d=0000004722 c=0000018377 o=0000000000                   
sb-audio-fix: fb_done=258440
usb-audio-okx: rx_bytes_total=46097916 rx_short_packets=3759
usb-pump-logring: backlog_hwm=8192
atr pc0=100036f3 b0=00028929 pc1=100036bd b1=00019369 pc2=10003713 b2=00017458                                                
wdt: USB_TIMER max_stale_ms=0 deadline_ms=100 enabled=1
wdt: USB_TASK max_stale_ms=0 deadline_ms=250 enabled=1
wdt: BTSTACK madrn c=00006023 s=00000000 z=00002207 bd=0000256256 bp=0000264296 dr=0000288376                                                
x_stale_ms=0 deadline_ms=1000 enabled=1
wdt: MEDIA max_stale_ms=0 deadline_ms=500 enabled=1
usb-audio: streaming rate=48000Hz ch=2 bits=16 measured=192033 B/s (202236 bytes / 1053ms)
usb-pump: packets=241068 log_drops=278342 report_dt_us=1053270
usb-pump-race: pump_ticks_run=421997 sof_isr=422128
usb-sof-2ap: sof_streaming=265508 got=241067 miss_avail=1327 miss_unavail=23114 hctr s=0000000415 u=0000435342 t=0000027672 e=0000095283 p=0000047641 d=0000004744 c=0000018447 o=0000000000                   
w_unavail=24617
usb-audio-fix: fb_done=259493
usb-audio-okx: rx_bytes_total=46300152 rx_short_packets=3774
wdt: USB_TIMER maxatr pc0=100036f3 b0=00029027 pc1=100036bd b1=00019433 pc2=10003713 b2=00017520                                                
_stale_ms=0 deadline_ms=100 enabled=1
wdt: USB_TASK max_stale_ms=0 deadline_ms=250 enabled=1
wdt: BTSTACK max_stale_ms=0 deadldrn c=00006027 s=00000000 z=00002207 bd=0000256896 bp=0000264954 dr=0000289220                                                
ine_ms=1000 enabled=1
wdt: MEDIA max_stale_ms=0 deadline_ms=500 enabled=1
usb-audio: streaming rate=48000Hz ch=2 bits=16 measured=192075 B/s (203196 bytes / 1057ms)
usb-pump: packets=242125 log_drops=279222 report_dt_us=1057759
usb-pump-race: pump_ticks_run=423054 sof_isr=423186
usb-sof-2ap: sof_streaming=266566 got=242125 miss_avail=1327 miss_unavail=23114 hw_unavail=24617
uctr s=0000000416 u=0000436430 t=0000027769 e=0000095691 p=0000047845 d=0000004764 c=0000018524 o=0000000000                   
sb-audio-fix: fb_done=260551
usb-audio-okx: rx_bytes_total=46503348 rx_short_packets=3789
usb-pump-logring: backlog_hwm=8192
atr pc0=100036f3 b0=00029125 pc1=100036bd b1=00019497 pc2=10003713 b2=00017582                                                
wdt: USB_TIMER max_stale_ms=0 deadline_ms=100 enabled=1
wdt: USB_TASK max_stale_ms=0 deadline_ms=250 enabled=1
wdt: BTSTACK madrn c=00006031 s=00000000 z=00002207 bd=0000257536 bp=0000265576 dr=0000290100                                                
x_stale_ms=0 deadline_ms=1000 enabled=1
wdt: MEDIA max_stale_ms=0 deadline_ms=500 enabled=1
usb-audio: streaming rate=48000Hz ch=2 bits=16 measured=190288 B/s (190712 bytes / 1002ms)
usb-pump: packets=243119 log_drops=280066 report_dt_us=1003024
usb-pump-race: pump_ticks_run=424049 sof_isr=424189
usb-sof-2ap: sof_streaming=267569 got=243119 miss_avail=1327 miss_unavail=23123 hctr s=0000000417 u=0000437491 t=0000027863 e=0000096089 p=0000048044 d=0000004787 c=0000018595 o=0000000000                   
w_unavail=24626
usb-audio-fix: fb_done=261545
usb-audio-okx: rx_bytes_total=46694252 rx_short_packets=3803
wdt: USB_TIMER maxatr pc0=100036f3 b0=00029223 pc1=100036bd b1=00019561 pc2=10003713 b2=00017644                                                
_stale_ms=0 deadline_ms=100 enabled=1
wdt: USB_TASK max_stale_ms=0 deadline_ms=250 enabled=1
wdt: BTSTACK max_stale_ms=0 deadldrn c=00006035 s=00000000 z=00002207 bd=0000258176 bp=0000266234 dr=0000290944                                                
ine_ms=1000 enabled=1
wdt: MEDIA max_stale_ms=0 deadline_ms=500 enabled=1
usb-audio: streaming rate=48000Hz ch=2 bits=16 measured=191245 B/s (235084 bytes / 1229ms)
usb-pump: packets=244342 log_drops=280945 report_dt_us=1228424
usb-pump-race: pump_ticks_run=425271 sof_isr=425417
usb-sof-2ap: sof_streaming=268798 got=244342 miss_avail=1327 miss_unavail=23129 hw_unavail=24632
usb-audio-fix: fb_done=262767
usb-audio-okx: rx_bytes_total=46928952 rx_short_packets=3822
usb-pump-logring: backlog_hwm=8192
a2dp: codec=LDAC bitrate=990000 fill=1592/4608 ovr_frames=0 und=1462 report_dt_us=1228424
a2dp: enc_max_us=1810 pkt_sent=45827 ctr s=0000000418 u=0000438619 t=0000027963 e=0000096512 p=0000048256 d=0000004816 c=0000018661 o=0000000000                   
pkt_fail=0 misaligned=0
a2dp: tick_count=26815 worst_tick_interval_us=14467 enc_frames_total=91655
wdt: USB_TIMER max_stale_msatr pc0=100036f3 b0=00029321 pc1=100036bd b1=00019625 pc2=10003713 b2=00017706                                                
=0 deadline_ms=100 enabled=1
wdt: USB_TASK max_stale_ms=0 deadline_ms=250 enabled=1
wdt: BTSTACK max_stale_ms=0 deadline_ms=10drn c=00006040 s=00000000 z=00002207 bd=0000259072 bp=0000267121 dr=0000291559                                                
00 enabled=1
wdt: MEDIA max_stale_ms=0 deadline_ms=500 enabled=1
usb-audio: streaming rate=48000Hz ch=2 bits=16 measured=191613 B/s (208768 bytes / 1089ms)
usb-pump: packets=245429 log_drops=281559 report_dt_us=1089550
usb-pump-race: pump_ticks_run=426358 sof_isr=426507
usb-sof-2ap: sof_streaming=269887 got=245429 miss_avail=1327 miss_unavail=23131 hw_unavail=24634
usb-audio-ctr s=0000000419 u=0000439739 t=0000028062 e=0000096932 p=0000048466 d=0000004840 c=0000018736 o=0000000000                   
fix: fb_done=263855
usb-audio-okx: rx_bytes_total=47137912 rx_short_packets=3838
usb-pump-logring: backlog_hwm=8192
wdt: USB_atr pc0=100036f3 b0=00029419 pc1=100036bd b1=00019689 pc2=10003713 b2=00017768                                                
TIMER max_stale_ms=0 deadline_ms=100 enabled=1
wdt: USB_TASK max_stale_ms=0 deadline_ms=250 enabled=1
wdt: BTSTACK max_stale_mdrn c=00006044 s=00000000 z=00002207 bd=0000259712 bp=0000267743 dr=0000292440                                                
s=0 deadline_ms=1000 enabled=1
wdt: MEDIA max_stale_ms=0 deadline_ms=500 enabled=1
usb-audio: streaming rate=48000Hz ch=2 bits=16 measured=190760 B/s (200704 bytes / 1052ms)
usb-pump: packets=246475 log_drops=282402 report_dt_us=1052255
usb-pump-race: pump_ticks_run=427404 sof_isr=427559
usb-sof-2ap: sof_streaming=270939 got=246474 miss_avail=1327 miss_unavail=23138 hw_unavailctr s=0000000420 u=0000440814 t=0000028157 e=0000097335 p=0000048667 d=0000004863 c=0000018808 o=0000000000                   
=24641
usb-audio-fix: fb_done=264900
usb-audio-okx: rx_bytes_total=47338616 rx_short_packets=3854
wdt: USB_TIMER max_stale_msatr pc0=100036f3 b0=00029517 pc1=100036bd b1=00019753 pc2=10003713 b2=00017830                                                
=0 deadline_ms=100 enabled=1
wdt: USB_TASK max_stale_ms=0 deadline_ms=250 enabled=1
wdt: BTSTACK max_stale_ms=0 deadline_ms=10drn c=00006048 s=00000000 z=00002207 bd=0000260352 bp=0000268401 dr=0000293285                                                
00 enabled=1
wdt: MEDIA max_stale_ms=0 deadline_ms=500 enabled=1
usb-audio: streaming rate=48000Hz ch=2 bits=16 measured=192093 B/s (195712 bytes / 1018ms)
frame 6001: render=240435us blit=20743us total=261222us
usb-pump: packets=247493 log_drops=283281 report_dt_us=1018775
usb-pump-race: pump_ticks_run=428422 sof_isr=428578
usb-sof-2ap: sof_streaming=271958 got=247493 miss_actr s=0000000421 u=0000441915 t=0000028255 e=0000097748 p=0000048874 d=0000004884 c=0000018885 o=0000000000                   
vail=1327 miss_unavail=23138 hw_unavail=24641
usb-audio-fix: fb_done=265919
usb-pump-logring: backlog_hwm=8192
wdt: USB_TIMERatr pc0=100036f3 b0=00029615 pc1=100036bd b1=00019817 pc2=10003713 b2=00017892                                                
 max_stale_ms=0 deadline_ms=100 enabled=1
wdt: USB_TASK max_stale_ms=0 deadline_ms=250 enabled=1
wdt: BTSTACK max_stale_ms=0 ddrn c=00006052 s=00000000 z=00002207 bd=0000260992 bp=0000269023 dr=0000294166                                                
eadline_ms=1000 enabled=1
wdt: MEDIA max_stale_ms=0 deadline_ms=500 enabled=1
usb-audio: streaming rate=48000Hz ch=2 bits=16 measured=192150 B/s (205888 bytes / 1071ms)
usb-pump: packets=248565 log_drops=284186 report_dt_us=1071407
usb-pump-race: pump_ticks_run=429494 sof_isr=429649
usb-sof-2ap: sof_streaming=273030 got=248565 miss_avail=1327 miss_unavail=23138 hw_unavail=2464ctr s=0000000422 u=0000442964 t=0000028348 e=0000098141 p=0000049070 d=0000004907 c=0000018955 o=0000000000                   
1
usb-audio-fix: fb_done=266990
usb-audio-okx: rx_bytes_total=47740024 rx_short_packets=3886
wdt: USB_TIMER max_stale_ms=0 deatr pc0=100036f3 b0=00029713 pc1=100036bd b1=00019881 pc2=10003713 b2=00017954                                                
adline_ms=100 enabled=1
wdt: USB_TASK max_stale_ms=0 deadline_ms=250 enabled=1
wdt: BTSTACK max_stale_ms=0 deadline_ms=1000 endrn c=00006056 s=00000000 z=00002207 bd=0000261632 bp=0000269681 dr=0000295011                                                
abled=1
wdt: MEDIA max_stale_ms=0 deadline_ms=500 enabled=1
usb-audio: streaming rate=48000Hz ch=2 bits=16 measured=191875 B/s (205888 bytes / 1073ms)
usb-pump: packets=249637 log_drops=285066 report_dt_us=1073043
usb-pump-race: pump_ticks_run=430566 sof_isr=430723
usb-sof-2ap: sof_streaming=274103 got=249637 miss_avail=1327 miss_unavail=23139 hw_unavail=24642
wdt: USB_TIMER ctr s=0000000423 u=0000444037 t=0000028443 e=0000098543 p=0000049271 d=0000004929 c=0000019028 o=0000000000                   
max_stale_ms=0 deadline_ms=100 enabled=1
wdt: USB_TASK max_stale_ms=0 deadline_ms=250 enabled=1
wdt: BTSTACK max_stale_ms=0 deatr pc0=100036f3 b0=00029811 pc1=100036bd b1=00019945 pc2=10003713 b2=00018016                                                
adline_ms=1000 enabled=1
wdt: MEDIA max_stale_ms=0 deadline_ms=500 enabled=1
usb-audio: streaming rate=48000Hz ch=2 bits=16 medrn c=00006060 s=00000000 z=00002207 bd=0000262272 bp=0000270303 dr=0000295892                                                
asured=191572 B/s (201472 bytes / 1051ms)
usb-pump: packets=250687 log_drops=286039 report_dt_us=1051796
usb-pump-race: pump_ticks_run=431616 sof_isr=431774
usb-sof-2ap: sof_streaming=275154 got=250686 miss_avail=1327 miss_unavail=23141 hw_unavail=24644
usb-audio-fix: fb_done=269112
usb-audio-okx: rx_bytes_total=48147576 rx_short_packets=3918
wdt: USB_TIMER max_stale_ms=0 deactr s=0000000424 u=0000445173 t=0000028544 e=0000098969 p=0000049484 d=0000004951 c=0000019107 o=0000000000                   
dline_ms=100 enabled=1
wdt: USB_TASK max_stale_ms=0 deadline_ms=250 enabled=1
wdt: BTSTACK max_stale_ms=0 deadline_ms=1000 enaatr pc0=100036f3 b0=00029909 pc1=100036bd b1=00020009 pc2=10003713 b2=00018016                                                
bled=1
wdt: MEDIA max_stale_ms=0 deadline_ms=500 enabled=1
usb-audio: streaming rate=48000Hz ch=2 bits=16 measured=192089 B/s drn c=00006064 s=00000000 z=00002207 bd=0000262912 bp=0000270956 dr=0000296798                                                
(201280 bytes / 1047ms)
usb-pump: packets=251734 log_drops=286918 report_dt_us=1047724
usb-pump-race: pump_ticks_run=432663 sof_isr=432822
usb-sof-2ap: sof_streaming=276202 got=251734 miss_avail=1327 miss_unavail=23141 hw_unavail=24644
usb-audio-fix: fb_done=270160
usb-audio-okx: rx_bytes_total=48348856 rx_short_packets=3934
usb-pump-logring: backlog_hwm=8192
wdt: USB_TIMER ctr s=0000000425 u=0000446254 t=0000028640 e=0000099374 p=0000049687 d=0000004972 c=0000019182 o=0000000000                   
max_stale_ms=0 deadline_ms=100 enabled=1
wdt: USB_TASK max_stale_ms=0 deadline_ms=250 enabled=1
wdt: BTSTACK max_stale_ms=0 deatr pc0=100036f3 b0=00030007 pc1=100036bd b1=00020073 pc2=10003713 b2=00018078                                                
adline_ms=1000 enabled=1
wdt: MEDIA max_stale_ms=0 deadline_ms=500 enabled=1
usb-audio: streaming rate=48000Hz ch=2 bits=16 medrn c=00006068 s=00000000 z=00002207 bd=0000263552 bp=0000271614 dr=0000297643                                                
asured=192024 B/s (239304 bytes / 1246ms)
usb-pump: packets=252981 log_drops=287762 report_dt_us=1246339
usb-pump-race: pump_ticks_run=433910 sof_isr=434068
usb-sof-2ap: sof_streaming=277448 got=252980 miss_avail=1327 miss_unavail=23141 hw_unavail=24644
usb-audio-fix: fb_done=271406
usb-audio-okx: rx_bytes_total=48588160 rx_short_packets=3952
usb-pump-logring: backlog_hwm=819ctr s=0000000426 u=0000447298 t=0000028732 e=0000099765 p=0000049882 d=0000004995 c=0000019251 o=0000000000                   
2
a2dp: codec=LDAC bitrate=990000 fill=1920/4608 ovr_frames=0 und=1463 report_dt_us=1246339
a2dp: enc_max_us=1810 pkt_sent=474atr pc0=100036f3 b0=00030105 pc1=100036bd b1=00020137 pc2=10003713 b2=00018140                                                
47 pkt_fail=0 misaligned=0
a2dp: tick_count=27580 worst_tick_interval_us=14467 enc_frames_total=94895
wdt: USB_TIMER max_staledrn c=00006072 s=00000000 z=00002207 bd=0000264192 bp=0000272236 dr=0000298523                                                
_ms=0 deadline_ms=100 enabled=1
wdt: USB_TASK max_stale_ms=0 deadline_ms=250 enabled=1
wdt: BTSTACK max_stale_ms=0 deadline_ms=1000 enabled=1
wdt: MEDIA max_stale_ms=0 deadline_ms=500 enabled=1
usb-audio: streaming rate=48000Hz ch=2 bits=16 measured=191887 B/s (196668 bytes / 1024ms)
usb-pump: packets=254014 log_drops=288376 report_dt_us=1034596
usb-pump-race: pump_ticks_run=ctr s=0000000427 u=0000448326 t=0000028823 e=0000100150 p=0000050075 d=0000005016 c=0000019321 o=0000000000                   
434943 sof_isr=435103
usb-sof-2ap: sof_streaming=278483 got=254014 miss_avail=1327 miss_unavail=23142 hw_unavail=24645
usb-audatr pc0=100036f3 b0=00030203 pc1=100036bd b1=00020201 pc2=10003713 b2=00018202                                                
io-fix: fb_done=272439
usb-audio-okx: rx_bytes_total=48786748 rx_short_packets=3967
usb-pump-logring: backlog_hwm=8192
wdt: Udrn c=00006076 s=00000000 z=00002207 bd=0000264832 bp=0000272894 dr=0000299368                                                
SB_TIMER max_stale_ms=0 deadline_ms=100 enabled=1
wdt: USB_TASK max_stale_ms=0 deadline_ms=250 enabled=1
wdt: BTSTACK max_stale_ms=0 deadline_ms=1000 enabled=1
wdt: MEDIA max_stale_ms=0 deadline_ms=500 enabled=1
usb-audio: streaming rate=48000Hz ch=2 bits=16 measured=191951 B/s (210692 bytes / 1097ms)
usb-pump: packets=255101 log_drops=289220 report_dt_us=1087818
usb-pump-racctr s=0000000428 u=0000449374 t=0000028915 e=0000100543 p=0000050271 d=0000005041 c=0000019388 o=0000000000                   
e: pump_ticks_run=436030 sof_isr=436191
usb-sof-2ap: sof_streaming=279571 got=255101 miss_avail=1327 miss_unavail=23143 hw_unavatr pc0=100036f3 b0=00030301 pc1=100036bd b1=00020265 pc2=10003713 b2=00018264                                                
ail=24646
usb-audio-fix: fb_done=273526
usb-audio-okx: rx_bytes_total=48995328 rx_short_packets=3984
wdt: USB_TIMER max_staledrn c=00006080 s=00000000 z=00002207 bd=0000265472 bp=0000273516 dr=0000300250                                                
_ms=0 deadline_ms=100 enabled=1
wdt: USB_TASK max_stale_ms=0 deadline_ms=250 enabled=1
wdt: BTSTACK max_stale_ms=0 deadline_ms=1000 enabled=1
wdt: MEDIA max_stale_ms=0 deadline_ms=500 enabled=1
usb-audio: streaming rate=48000Hz ch=2 bits=16 measured=192013 B/s (203772 bytes / 1061ms)
usb-pump: packets=256162 log_drops=290100 report_dt_us=1061248
usb-pump-race: pump_ticks_run=ctr s=0000000429 u=0000450427 t=0000029008 e=0000100938 p=0000050469 d=0000005065 c=0000019457 o=0000000000                   
437091 sof_isr=437252
usb-sof-2ap: sof_streaming=280632 got=256162 miss_avail=1327 miss_unavail=23143 hw_unavail=24646
usb-audatr pc0=100036f3 b0=00030399 pc1=100036bd b1=00020329 pc2=10003713 b2=00018326                                                
io-fix: fb_done=274588
usb-audio-okx: rx_bytes_total=49199292 rx_short_packets=3999
usb-pump-logring: backlog_hwm=8192
wdt: Udrn c=00006084 s=00000000 z=00002207 bd=0000266112 bp=0000274174 dr=0000301096                                                
SB_TIMER max_stale_ms=0 deadline_ms=100 enabled=1
wdt: USB_TASK max_stale_ms=0 deadline_ms=250 enabled=1
wdt: BTSTACK max_stale_ms=0 deadline_ms=1000 enabled=1
wdt: MEDIA max_stale_ms=0 deadline_ms=500 enabled=1
usb-audio: streaming rate=48000Hz ch=2 bits=16 measured=191862 B/s (214528 bytes / 1118ms)
usb-pump: packets=257280 log_drops=290944 report_dt_us=1118236
usb-pump-racctr s=0000000430 u=0000451493 t=0000029103 e=0000101338 p=0000050669 d=0000005085 c=0000019532 o=0000000000                   
e: pump_ticks_run=438209 sof_isr=438370
usb-sof-2ap: sof_streaming=281750 got=257279 miss_avail=1327 miss_unavail=23144 hw_unavatr pc0=100036f3 b0=00030497 pc1=100036bd b1=00020393 pc2=10003713 b2=00018388                                                
ail=24647
usb-audio-fix: fb_done=275705
usb-audio-okx: rx_bytes_total=49413820 rx_short_packets=4015
usb-pump-logring: backlodrn c=00006088 s=00000000 z=00002207 bd=0000266752 bp=0000274796 dr=0000301978                                                
g_hwm=8192
a2dp: codec=LDAC bitrate=990000 fill=1724/4608 ovr_frames=0 und=1463 report_dt_us=1118236
a2dp: enc_max_us=1810 pkt_sent=48256 pkt_fail=0 misaligned=0
a2dp: tick_count=27963 worst_tick_interval_us=14467 enc_frames_total=96512
wdt: USB_TIMER max_stale_ms=0 deadline_ms=100 enabled=1
wdt: USB_TASK max_stale_ms=0 deadline_ms=250 enabled=1
wdt: BTSTACK max_stale_ms=0 dectr s=0000000431 u=0000452585 t=0000029200 e=0000101747 p=0000050873 d=0000005106 c=0000019608 o=0000000000                   
adline_ms=1000 enabled=1
wdt: MEDIA max_stale_ms=0 deadline_ms=500 enabled=1
usb-audio: streaming rate=48000Hz ch=2 bits=16 meatr pc0=100036f3 b0=00030595 pc1=100036bd b1=00020457 pc2=10003713 b2=00018450                                                
asured=192053 B/s (215108 bytes / 1120ms)
usb-pump: packets=258400 log_drops=291559 report_dt_us=1120070
usb-pump-race: pump_tdrn c=00006092 s=00000000 z=00002207 bd=0000267392 bp=0000275454 dr=0000302824                                                
icks_run=439329 sof_isr=439490
usb-sof-2ap: sof_streaming=282870 got=258399 miss_avail=1327 miss_unavail=23144 hw_unavail=24647
usb-audio-fix: fb_done=276825
usb-audio-okx: rx_bytes_total=49628928 rx_short_packets=4032
wdt: USB_TIMER max_stale_ms=0 deadline_ms=100 enabled=1
wdt: USB_TASK max_stale_ms=0 deadline_ms=250 enabled=1
wdt: BTSTACK max_stale_ms=0 deadline_ms=1000 enactr s=0000000432 u=0000453648 t=0000029294 e=0000102146 p=0000051073 d=0000005130 c=0000019678 o=0000000000                   
bled=1
wdt: MEDIA max_stale_ms=0 deadline_ms=500 enabled=1
usb-audio: streaming rate=48000Hz ch=2 bits=16 measured=192066 B/s atr pc0=100036f3 b0=00030693 pc1=100036bd b1=00020521 pc2=10003713 b2=00018512                                                
(208384 bytes / 1084ms)
usb-pump: packets=259485 log_drops=292440 report_dt_us=1084961
usb-pump-race: pump_ticks_run=440414 sodrn c=00006096 s=00000000 z=00002207 bd=0000268032 bp=0000276076 dr=0000303706                                                
f_isr=440575
usb-sof-2ap: sof_streaming=283955 got=259484 miss_avail=1327 miss_unavail=23144 hw_unavail=24647
usb-audio-fix: fb_done=277910
usb-audio-okx: rx_bytes_total=49837312 rx_short_packets=4048
usb-pump-logring: backlog_hwm=8192
wdt: USB_TIMER max_stale_ms=0 deadline_ms=100 enabled=1
wdt: USB_TASK max_stale_ms=0 deadline_ms=250 enabled=1
wdt: BTSTACK max_stale_ms=0 dectr s=0000000433 u=0000454678 t=0000029385 e=0000102532 p=0000051266 d=0000005152 c=0000019747 o=0000000000                   
adline_ms=1000 enabled=1
wdt: MEDIA max_stale_ms=0 deadline_ms=500 enabled=1
usb-audio: streaming rate=48000Hz ch=2 bits=16 measured=192068 B/s (209536 bytes / 1090ms)
usb-pump: packets=260575 log_drops=293285 report_dt_us=1090813
usb-pump-race: pump_ticks_run=441505 sof_isr=441666
usb-sof-2ap: sof_streaming=285046 got=260575 miss_avail=1327 miss_unavail=23144 hw_unavail=24647atr pc0=100036f3 b0=00030791 pc1=100036bd b1=00020585 pc2=10003713 b2=00018574                                                

usb-audio-fix: fb_done=279001
usb-audio-okx: rx_bytes_total=50046848 rx_short_packets=4064
wdt: USB_TIMER max_stale_ms=0 deadrn c=00006101 s=00000000 z=00002207 bd=0000268928 bp=0000276734 dr=0000304551                                                
dline_ms=100 enabled=1
wdt: USB_TASK max_stale_ms=0 deadline_ms=250 enabled=1
wdt: BTSTACK max_stale_ms=0 deadline_ms=1000 enabled=1
wdt: MEDIA max_stale_ms=0 deadline_ms=500 enabled=1
usb-audio: streaming rate=48000Hz ch=2 bits=16 measured=192155 B/s (203580 bytes / 1059ms)
usb-pump: packets=261635 log_drops=294166 report_dt_us=1059456
usb-pump-race: pump_ticks_run=442564 soctr s=0000000434 u=0000455916 t=0000029495 e=0000102993 p=0000051496 d=0000005177 c=0000019831 o=0000000000                   
f_isr=442726
usb-sof-2ap: sof_streaming=286106 got=261635 miss_avail=1327 miss_unavail=23144 hw_unavail=24647
usb-audio-fix: fatr pc0=100036f3 b0=00030889 pc1=100036bd b1=00020649 pc2=10003713 b2=00018636                                                
b_done=280060
usb-audio-okx: rx_bytes_total=50250236 rx_short_packets=4079
usb-pump-logring: backlog_hwm=8192
wdt: USB_TIMER drn c=00006105 s=00000000 z=00002207 bd=0000269568 bp=0000277622 dr=0000305166                                                
max_stale_ms=0 deadline_ms=100 enabled=1
wdt: USB_TASK max_stale_ms=0 deadline_ms=250 enabled=1
wdt: BTSTACK max_stale_ms=0 deadline_ms=1000 enabled=1
wdt: MEDIA max_stale_ms=0 deadline_ms=500 enabled=1
usb-audio: streaming rate=48000Hz ch=2 bits=16 measured=191667 B/s (205500 bytes / 1072ms)
usb-pump: packets=262705 log_drops=295011 report_dt_us=1072173
usb-pump-race: pump_tctr s=0000000435 u=0000457011 t=0000029592 e=0000103404 p=0000051702 d=0000005200 c=0000019905 o=0000000000                   
icks_run=443634 sof_isr=443798
usb-sof-2ap: sof_streaming=287178 got=262705 miss_avail=1327 miss_unavail=23146 hw_unavail=24649atr pc0=100036f3 b0=00030987 pc1=100036bd b1=00020713 pc2=10003713 b2=00018698                                                

usb-audio-fix: fb_done=281130
usb-audio-okx: rx_bytes_total=50455736 rx_short_packets=4094
wdt: USB_TIMER max_stale_ms=0 deadrn c=00006109 s=00000000 z=00002207 bd=0000270208 bp=0000278244 dr=0000306048                                                
dline_ms=100 enabled=1
wdt: USB_TASK max_stale_ms=0 deadline_ms=250 enabled=1
wdt: BTSTACK max_stale_ms=0 deadline_ms=1000 enabled=1
wdt: MEDIA max_stale_ms=0 deadline_ms=500 enabled=1
frame 6061: render=215376us blit=20568us total=235992us
usb-audio: streaming rate=48000Hz ch=2 bits=16 measured=191683 B/s (217796 bytes / 1136ms)
usb-pump: packets=263839 log_drops=295892 repoctr s=0000000436 u=0000458074 t=0000029686 e=0000103802 p=0000051901 d=0000005222 c=0000019977 o=0000000000                   
rt_dt_us=1136219
usb-pump-race: pump_ticks_run=444768 sof_isr=444934
usb-sof-2ap: sof_streaming=288314 got=263839 miss_avail=1atr pc0=100036f3 b0=00031085 pc1=100036bd b1=00020777 pc2=10003713 b2=00018760                                                
327 miss_unavail=23148 hw_unavail=24651
usb-audio-fix: fb_done=282264
usb-pump-logring: backlog_hwm=8192
wdt: USB_TIMER max_sdrn c=00006113 s=00000000 z=00002207 bd=0000270848 bp=0000278902 dr=0000306893                                                
tale_ms=0 deadline_ms=100 enabled=1
wdt: USB_TASK max_stale_ms=0 deadline_ms=250 enabled=1
wdt: BTSTACK max_stale_ms=0 deadline_ms=1000 enabled=1
wdt: MEDIA max_stale_ms=0 deadline_ms=500 enabled=1
usb-audio: streaming rate=48000Hz ch=2 bits=16 measured=191955 B/s (207620 bytes / 1081ms)
usb-pump: packets=264920 log_drops=296798 report_dt_us=1081613
usb-pump-race: pump_ticks_ctr s=0000000437 u=0000459140 t=0000029780 e=0000104202 p=0000052101 d=0000005246 c=0000020047 o=0000000000                   
run=445849 sof_isr=446016
usb-sof-2ap: sof_streaming=289396 got=264920 miss_avail=1327 miss_unavail=23149 hw_unavail=24652
usbatr pc0=100036f3 b0=00031183 pc1=100036bd b1=00020841 pc2=10003713 b2=00018822                                                
-audio-fix: fb_done=283345
usb-audio-okx: rx_bytes_total=50881152 rx_short_packets=4128
usb-pump-logring: backlog_hwm=8192
wddrn c=00006117 s=00000000 z=00002207 bd=0000271488 bp=0000279524 dr=0000307775                                                
t: USB_TIMER max_stale_ms=0 deadline_ms=100 enabled=1
wdt: USB_TASK max_stale_ms=0 deadline_ms=250 enabled=1
wdt: BTSTACK max_stale_ms=0 deadline_ms=1000 enabled=1
wdt: MEDIA max_stale_ms=0 deadline_ms=500 enabled=1
usb-audio: streaming rate=48000Hz ch=2 bits=16 measured=191895 B/s (200316 bytes / 1043ms)
usb-pump: packets=265963 log_drops=297643 report_dt_us=1043849
usb-pumpctr s=0000000438 u=0000460211 t=0000029875 e=0000104603 p=0000052301 d=0000005267 c=0000020121 o=0000000000                   
-race: pump_ticks_run=446892 sof_isr=447059
usb-sof-2ap: sof_streaming=290440 got=265963 miss_avail=1327 miss_unavail=23150 hw_atr pc0=100036f3 b0=00031281 pc1=100036bd b1=00020905 pc2=10003713 b2=00018884                                                
unavail=24653
usb-audio-fix: fb_done=284388
usb-audio-okx: rx_bytes_total=51081468 rx_short_packets=4143
wdt: USB_TIMER max_sdrn c=00006121 s=00000000 z=00002207 bd=0000272128 bp=0000280239 dr=0000308621                                                
tale_ms=0 deadline_ms=100 enabled=1
wdt: USB_TASK max_stale_ms=0 deadline_ms=250 enabled=1
wdt: BTSTACK max_stale_ms=0 deadline_ms=1000 enabled=1
wdt: MEDIA max_stale_ms=0 deadline_ms=500 enabled=1
usb-audio: streaming rate=48000Hz ch=2 bits=16 measured=191714 B/s (197056 bytes / 1027ms)
usb-pump: packets=266990 log_drops=298523 report_dt_us=1028007
usb-pump-race: pump_ticks_ctr s=0000000439 u=0000461217 t=0000029964 e=0000104980 p=0000052490 d=0000005289 c=0000020188 o=0000000000                   
run=447919 sof_isr=448087
usb-sof-2ap: sof_streaming=291468 got=266990 miss_avail=1327 miss_unavail=23151 hw_unavail=24654
usb-audio-fix: fb_done=285415
usb-audio-okx: rx_bytes_total=51278716 rx_short_packets=4159
usb-pump-logring: backlog_hwm=8192
wdt: USB_TIMER max_stale_ms=0 deadline_ms=100 enabled=1
wdt: USB_TASK max_stale_ms=0 deadline_ms=250 enabled=1
wdt: BTSTACK max_atr pc0=100036f3 b0=00031379 pc1=100036bd b1=00020969 pc2=10003713 b2=00018946                                                
stale_ms=0 deadline_ms=1000 enabled=1
wdt: MEDIA max_stale_ms=0 deadline_ms=500 enabled=1
usb-audio: streaming rate=48000Hz chdrn c=00006126 s=00000000 z=00002207 bd=0000273024 bp=0000280808 dr=0000309555                                                
=2 bits=16 measured=192081 B/s (201280 bytes / 1047ms)
usb-pump: packets=268038 log_drops=299368 report_dt_us=1047875
usb-pumpctr s=0000000440 u=0000462260 t=0000030056 e=0000105371 p=0000052685 d=0000005312 c=0000020257 o=0000000000                   
-race: pump_ticks_run=448967 sof_isr=449135
usb-sof-2ap: sof_streaming=292515 got=268037 miss_avail=1327 miss_unavail=23151 hw_unavail=24654
usb-audio-fix: fb_done=286463
usb-audio-okx: rx_bytes_total=51479996 rx_short_packets=4175
wdt: USB_TIMER max_stale_ms=0 deadline_ms=100 enabled=1
wdt: USB_TASK max_stale_ms=0 deadline_ms=250 enabled=1
wdt: BTSTACK max_stale_ms=0 deadlinatr pc0=100036f3 b0=00031477 pc1=100036bd b1=00021033 pc2=10003713 b2=00019008                                                
e_ms=1000 enabled=1
wdt: MEDIA max_stale_ms=0 deadline_ms=500 enabled=1
usb-audio: streaming rate=48000Hz ch=2 bits=16 measuredrn c=00006130 s=00000000 z=00002207 bd=0000273664 bp=0000281466 dr=0000310400                                                
d=192115 B/s (202236 bytes / 1052ms)
usb-pump: packets=269090 log_drops=300250 report_dt_us=1052565
usb-pump-race: pump_ticks_ctr s=0000000441 u=0000463371 t=0000030155 e=0000105788 p=0000052894 d=0000005334 c=0000020334 o=0000000000                   
run=450019 sof_isr=450188
usb-sof-2ap: sof_streaming=293568 got=269090 miss_avail=1327 miss_unavail=23151 hw_unavail=24654
usb-audio-fix: fb_done=287515
usb-audio-okx: rx_bytes_total=51682040 rx_short_packets=4190
usb-pump-logring: backlog_hwm=8192
wdt: USB_TIMER max_stale_ms=0 deadline_ms=100 enabled=1
wdt: USB_TASK max_stale_ms=0 deadline_ms=250 enabled=1
wdt: BTSTACK max_stale_ms=0 deadline_ms=1000 enabled=1
wdt: MEDIA max_stale_ms=0 deadline_ms=500 enabled=1
usb-audio: streaming rate=48000Hz ch=2 bits=16 measured=191991 B/s (204736 bytes / 1066ms)
usb-pump: packets=270157 log_drops=301096 report_dt_us=1066494
usb-pumpatr pc0=100036f3 b0=00031575 pc1=100036bd b1=00021097 pc2=10003713 b2=00019070                                                
-race: pump_ticks_run=451086 sof_isr=451254
usb-sof-2ap: sof_streaming=294634 got=270156 miss_avail=1327 miss_unavail=23151 hw_drn c=00006135 s=00000000 z=00002207 bd=0000274560 bp=0000282088 dr=0000311281                                                
unavail=24654
usb-audio-fix: fb_done=288582
usb-audio-okx: rx_bytes_total=51886968 rx_short_packets=4206
wdt: USB_TIMER max_sctr s=0000000442 u=0000464493 t=0000030254 e=0000106208 p=0000053104 d=0000005359 c=0000020408 o=0000000000                   
tale_ms=0 deadline_ms=100 enabled=1
wdt: USB_TASK max_stale_ms=0 deadline_ms=250 enabled=1
wdt: BTSTACK max_stale_ms=0 deadline_ms=1000 enabled=1
wdt: MEDIA max_stale_ms=0 deadline_ms=500 enabled=1
usb-audio: streaming rate=48000Hz ch=2 bits=16 measured=192110 B/s (209724 bytes / 1091ms)
usb-pump: packets=271248 log_drops=301978 report_dt_us=1091569
usb-pump-race: pump_ticks_atr pc0=100036f3 b0=00031673 pc1=100036bd b1=00021161 pc2=10003713 b2=00019132                                                
run=452177 sof_isr=452346
usb-sof-2ap: sof_streaming=295726 got=271248 miss_avail=1327 miss_unavail=23151 hw_unavail=24654
usbdrn c=00006139 s=00000000 z=00002207 bd=0000275200 bp=0000282976 dr=0000311897                                                
-audio-fix: fb_done=289673
usb-audio-okx: rx_bytes_total=52096500 rx_short_packets=4221
usb-pump-logring: backlog_hwm=8192
wdctr s=0000000443 u=0000465553 t=0000030348 e=0000106606 p=0000053303 d=0000005382 c=0000020479 o=0000000000                   
t: USB_TIMER max_stale_ms=0 deadline_ms=100 enabled=1
wdt: USB_TASK max_stale_ms=0 deadline_ms=250 enabled=1
wdt: BTSTACK max_stale_ms=0 deadline_ms=1000 enabled=1
wdt: MEDIA max_stale_ms=0 deadline_ms=500 enabled=1
usb-audio: streaming rate=48000Hz ch=2 bits=16 measured=191965 B/s (204156 bytes / 1063ms)
usb-pump: packets=272311 log_drops=302824 report_dt_us=1063485
usb-pumpatr pc0=100036f3 b0=00031771 pc1=100036bd b1=00021225 pc2=10003713 b2=00019194                                                
-race: pump_ticks_run=453240 sof_isr=453409
usb-sof-2ap: sof_streaming=296790 got=272311 miss_avail=1327 miss_unavail=23152 hw_drn c=00006143 s=00000000 z=00002207 bd=0000275840 bp=0000283634 dr=0000312743                                                
unavail=24655
usb-audio-fix: fb_done=290736
usb-audio-okx: rx_bytes_total=52300656 rx_short_packets=4236
wdt: USB_TIMER max_stale_ms=0 deadline_ms=100 enabled=1
wdt: USB_TASK max_stale_ms=0 deadline_ms=250 enabled=1
wdt: BTSTACK max_stale_ms=0 deadline_ms=1000 enabled=1
wdt: MEDIA max_stale_ms=0 deadline_ms=500 enabled=1
usb-audio: streaming rate=48000Hz ch=2 bits=16 measurectr s=0000000444 u=0000466808 t=0000030459 e=0000107076 p=0000053538 d=0000005408 c=0000020564 o=0000000000                   
d=191914 B/s (197436 bytes / 1028ms)
usb-pump: packets=273340 log_drops=303706 report_dt_us=1029638
usb-pump-race: pump_ticks_atr pc0=100036f3 b0=00031869 pc1=100036bd b1=00021289 pc2=10003713 b2=00019256                                                
run=454269 sof_isr=454439
usb-sof-2ap: sof_streaming=297819 got=273340 miss_avail=1327 miss_unavail=23152 hw_unavail=24655
usbdrn c=00006147 s=00000000 z=00002207 bd=0000276480 bp=0000284522 dr=0000313358                                                
-audio-fix: fb_done=291766
usb-audio-okx: rx_bytes_total=52498476 rx_short_packets=4251
usb-pump-logring: backlog_hwm=8192
wdt: USB_TIMER max_stale_ms=0 deadline_ms=100 enabled=1
wdt: USB_TASK max_stale_ms=0 deadline_ms=250 enabled=1
wdt: BTSTACK max_stale_ms=0 deadline_ms=1000 enabled=1
wdt: MEDIA max_stale_ms=0 deadline_ms=500 enabled=1
usb-audio: streaming rate=48000Hz chctr s=0000000445 u=0000467866 t=0000030553 e=0000107473 p=0000053736 d=0000005429 c=0000020637 o=0000000000                   
=2 bits=16 measured=190632 B/s (236236 bytes / 1239ms)
usb-pump: packets=274569 log_drops=304551 report_dt_us=1238360
usb-pumpatr pc0=100036f3 b0=00031967 pc1=100036bd b1=00021353 pc2=10003713 b2=00019318                                                
-race: pump_ticks_run=455498 sof_isr=455677
usb-sof-2ap: sof_streaming=299058 got=274569 miss_avail=1327 miss_unavail=23162 hw_drn c=00006151 s=00000000 z=00002207 bd=0000277120 bp=0000285180 dr=0000314204                                                
unavail=24665
usb-audio-fix: fb_done=292994
usb-audio-okx: rx_bytes_total=52734328 rx_short_packets=4270
usb-pump-logring: backlog_hwm=8192
a2dp: codec=LDAC bitrate=990000 fill=1912/4608 ovr_frames=0 und=1464 report_dt_us=1238360
a2dp: enc_max_us=1810 pkt_sent=51496 pkt_fail=0 misaligned=0
a2dp: tick_count=29495 worst_tick_interval_us=14467 enc_frames_total=102993
wdt: USB_Tctr s=0000000446 u=0000469009 t=0000030655 e=0000107902 p=0000053951 d=0000005450 c=0000020718 o=0000000000                   
IMER max_stale_ms=0 deadline_ms=100 enabled=1
wdt: USB_TASK max_stale_ms=0 deadline_ms=250 enabled=1
wdt: BTSTACK max_stale_msatr pc0=100036f3 b0=00032065 pc1=100036bd b1=00021417 pc2=10003713 b2=00019380                                                
=0 deadline_ms=1000 enabled=1
wdt: MEDIA max_stale_ms=0 deadline_ms=500 enabled=1
usb-audio: streaming rate=48000Hz ch=2 bits=drn c=00006155 s=00000000 z=00002207 bd=0000277760 bp=0000285802 dr=0000315085                                                
16 measured=191926 B/s (210112 bytes / 1094ms)
usb-pump: packets=275664 log_drops=305166 report_dt_us=1094878
usb-pump-race: pump_ticks_run=456593 sof_isr=456772
usb-sof-2ap: sof_streaming=300152 got=275663 miss_avail=1327 miss_unavail=23162 hw_unavail=24665
usb-audio-fix: fb_done=294089
usb-audio-okx: rx_bytes_total=52944632 rx_short_packets=4286
wdt: USB_TIMER max_stale_ms=ctr s=0000000447 u=0000470062 t=0000030748 e=0000108297 p=0000054148 d=0000005473 c=0000020788 o=0000000000                   
0 deadline_ms=100 enabled=1
wdt: USB_TASK max_stale_ms=0 deadline_ms=250 enabled=1
wdt: BTSTACK max_stale_ms=0 deadline_ms=100atr pc0=100036f3 b0=00032163 pc1=100036bd b1=00021481 pc2=10003713 b2=00019442                                                
0 enabled=1
wdt: MEDIA max_stale_ms=0 deadline_ms=500 enabled=1
usb-audio: streaming rate=48000Hz ch=2 bits=16 measured=191891drn c=00006159 s=00000000 z=00002207 bd=0000278400 bp=0000286460 dr=0000315931                                                
 B/s (203968 bytes / 1062ms)
usb-pump: packets=276725 log_drops=306048 report_dt_us=1062823
usb-pump-race: pump_ticks_run=457655 sof_isr=457835
usb-sof-2ap: sof_streaming=301215 got=276725 miss_avail=1327 miss_unavail=23163 hw_unavail=24666
usb-audio-fix: fb_done=295151
usb-audio-okx: rx_bytes_total=53148600 rx_short_packets=4302
usb-pump-logring: backlog_hwm=8192
wdt: USB_Tctr s=0000000448 u=0000471082 t=0000030838 e=0000108679 p=0000054339 d=0000005495 c=0000020856 o=0000000000                   
IMER max_stale_ms=0 deadline_ms=100 enabled=1
wdt: USB_TASK max_stale_ms=0 deadline_ms=250 enabled=1
wdt: BTSTACK max_stale_msatr pc0=100036f3 b0=00032261 pc1=100036bd b1=00021545 pc2=10003713 b2=00019504                                                
=0 deadline_ms=1000 enabled=1
wdt: MEDIA max_stale_ms=0 deadline_ms=500 enabled=1
usb-audio: streaming rate=48000Hz ch=2 bits=drn c=00006163 s=00000000 z=00002207 bd=0000279040 bp=0000287082 dr=0000316813                                                
16 measured=191921 B/s (204544 bytes / 1065ms)
usb-pump: packets=277790 log_drops=306893 report_dt_us=1065752
usb-pump-race: pump_ticks_run=458719 sof_isr=458901
usb-sof-2ap: sof_streaming=302281 got=277790 miss_avail=1327 miss_unavail=23164 hw_unavail=24667
usb-audio-fix: fb_done=296215
usb-audio-okx: rx_bytes_total=53352952 rx_short_packets=4318
wdt: USB_TIMER max_stale_ms=ctr s=0000000449 u=0000472172 t=0000030935 e=0000109087 p=0000054543 d=0000005515 c=0000020933 o=0000000000                   
0 deadline_ms=100 enabled=1
wdt: USB_TASK max_stale_ms=0 deadline_ms=250 enabled=1
wdt: BTSTACK max_stale_ms=0 deadline_ms=100atr pc0=100036f3 b0=00032359 pc1=100036bd b1=00021609 pc2=10003713 b2=00019566                                                
0 enabled=1
wdt: MEDIA max_stale_ms=0 deadline_ms=500 enabled=1
usb-audio: streaming rate=48000Hz ch=2 bits=16 measured=191952drn c=00006167 s=00000000 z=00002207 bd=0000279680 bp=0000287740 dr=0000317659                                                
 B/s (205700 bytes / 1071ms)
usb-pump: packets=278861 log_drops=307775 report_dt_us=1071646
usb-pump-race: pump_ticks_run=459790 sof_isr=459973
usb-sof-2ap: sof_streaming=303353 got=278861 miss_avail=1327 miss_unavail=23165 hw_unavail=24668
usb-audio-fix: fb_done=297286
usb-audio-okx: rx_bytes_total=53558652 rx_short_packets=4335
usb-pump-logring: backlog_hwm=8192
frame 6121ctr s=0000000450 u=0000473260 t=0000031031 e=0000109495 p=0000054747 d=0000005539 c=0000021005 o=0000000000                   
: render=260955us blit=21204us total=282208us
wdt: USB_TIMER max_stale_ms=0 deadline_ms=100 enabled=1
wdt: USB_TASK max_stale_atr pc0=100036f3 b0=00032457 pc1=100036bd b1=00021673 pc2=10003713 b2=00019628                                                
ms=0 deadline_ms=250 enabled=1
wdt: BTSTACK max_stale_ms=0 deadline_ms=1000 enabled=1
usb-audio: streaming rate=48000Hz ch=2 bdrn c=00006171 s=00000000 z=00002207 bd=0000280320 bp=0000288362 dr=0000318540                                                
its=16 measured=191725 B/s (192828 bytes / 1005ms)
usb-pump: packets=279866 log_drops=308674 report_dt_us=1005850
usb-pump-race: pump_ticks_run=460795 sof_isr=460978
usb-sof-2ap: sof_streaming=304358 got=279865 miss_avail=1327 miss_unavail=23166 hw_unavail=24669
usb-audio-fix: fb_done=298291
usb-audio-okx: rx_bytes_total=53751672 rx_short_packets=4350
wdt: USB_TIMER max_stalectr s=0000000451 u=0000474283 t=0000031121 e=0000109878 p=0000054939 d=0000005562 c=0000021072 o=0000000000                   
_ms=0 deadline_ms=100 enabled=1
wdt: USB_TASK max_stale_ms=0 deadline_ms=250 enabled=1
wdt: BTSTACK max_stale_ms=0 deadline_ms=1000 enabled=1
wdt: MEDIA max_stale_ms=0 deadline_ms=500 enabled=1
usb-audio: streaming rate=48000Hz ch=2 bits=16 measured=191893 B/s (200128 bytes / 1042ms)
usb-pump: packets=280908 log_drops=309555 report_dt_us=1042943
usb-pump-race: pump_ticks_run=atr pc0=100036f3 b0=00032555 pc1=100036bd b1=00021737 pc2=10003713 b2=00019690                                                
461837 sof_isr=462021
usb-sof-2ap: sof_streaming=305401 got=280907 miss_avail=1327 miss_unavail=23167 hw_unavail=24670
usb-auddrn c=00006176 s=00000000 z=00002207 bd=0000281216 bp=0000289020 dr=0000319385                                                
io-fix: fb_done=299333
usb-audio-okx: rx_bytes_total=53951800 rx_short_packets=4366
usb-pump-logring: backlog_hwm=8192
wdt: USB_TIMER max_stale_ms=0 deadline_ms=100 enabled=1
wdt: USB_TASK max_stale_ms=0 deadline_ms=250 enabled=1
wdt: BTSTACK max_stale_ms=0 deadline_ms=1000 enabled=1
wdt: MEDIA max_stale_ms=0 deadline_ms=500 enabled=1
usb-audio: streaming rate=48000Hz ch=2 bctr s=0000000452 u=0000475542 t=0000031232 e=0000110351 p=0000055175 d=0000005591 c=0000021154 o=0000000000                   
its=16 measured=192040 B/s (213376 bytes / 1111ms)
usb-pump: packets=282019 log_drops=310400 report_dt_us=1111067
usb-pump-racatr pc0=100036f3 b0=00032653 pc1=100036bd b1=00021801 pc2=10003713 b2=00019752                                                
e: pump_ticks_run=462948 sof_isr=463132
usb-sof-2ap: sof_streaming=306512 got=282018 miss_avail=1327 miss_unavail=23167 hw_unavdrn c=00006180 s=00000000 z=00002207 bd=0000281856 bp=0000289908 dr=0000320001                                                
ail=24670
usb-audio-fix: fb_done=300444
usb-audio-okx: rx_bytes_total=54165176 rx_short_packets=4382
wdt: USB_TIMER max_stale_ms=0 deadline_ms=100 enabled=1
wdt: USB_TASK max_stale_ms=0 deadline_ms=250 enabled=1
wdt: BTSTACK max_stale_ms=0 deadline_ms=1000 enabled=1
wdt: MEDIA max_stale_ms=0 deadline_ms=500 enabled=1
usb-audio: streaming rate=48000Hz ch=2 bits=16 measured=19ctr s=0000000453 u=0000476629 t=0000031328 e=0000110758 p=0000055379 d=0000005614 c=0000021227 o=0000000000                   
2065 B/s (215300 bytes / 1120ms)
usb-pump: packets=283140 log_drops=311281 report_dt_us=1120996
usb-pump-race: pump_ticks_run=atr pc0=100036f3 b0=00032751 pc1=100036bd b1=00021865 pc2=10003713 b2=00019814                                                
464070 sof_isr=464254
usb-sof-2ap: sof_streaming=307634 got=283140 miss_avail=1327 miss_unavail=23167 hw_unavail=24670
usb-auddrn c=00006184 s=00000000 z=00002207 bd=0000282496 bp=0000290530 dr=0000320939                                                
io-fix: fb_done=301566
usb-audio-okx: rx_bytes_total=54380668 rx_short_packets=4399
usb-pump-logring: backlog_hwm=8192
a2dp: codec=LDAC bitrate=990000 fill=2172/4608 ovr_frames=0 und=1464 report_dt_us=1120996
a2dp: enc_max_us=1810 pkt_sent=53104 pkt_fail=0 misaligned=0
a2dp: tick_count=30254 worst_tick_interval_us=14467 enc_frames_total=106208
wdt: USB_TIMER max_stale_ms=0 dectr s=0000000454 u=0000477683 t=0000031421 e=0000111153 p=0000055576 d=0000005637 c=0000021297 o=0000000000                   
adline_ms=100 enabled=1
wdt: USB_TASK max_stale_ms=0 deadline_ms=250 enabled=1
wdt: BTSTACK max_stale_ms=0 deadline_ms=1000 enatr pc0=100036f3 b0=00032849 pc1=100036bd b1=00021929 pc2=10003713 b2=00019876                                                
abled=1
wdt: MEDIA max_stale_ms=0 deadline_ms=500 enabled=1
usb-audio: streaming rate=48000Hz ch=2 bits=16 measured=192190 B/sdrn c=00006188 s=00000000 z=00002207 bd=0000283136 bp=0000291188 dr=0000321785                                                
 (203964 bytes / 1061ms)
usb-pump: packets=284201 log_drops=311897 report_dt_us=1061132
usb-pump-race: pump_ticks_run=465130 sof_isr=465315
usb-sof-2ap: sof_streaming=308695 got=284201 miss_avail=1327 miss_unavail=23167 hw_unavail=24670
usb-audio-fix: fb_done=302626
usb-audio-okx: rx_bytes_total=54584248 rx_short_packets=4414
usb-pump-logring: backlog_hwm=8192
wdt: USB_TIMERctr s=0000000455 u=0000478757 t=0000031517 e=0000111556 p=0000055778 d=0000005656 c=0000021374 o=0000000000                   
 max_stale_ms=0 deadline_ms=100 enabled=1
wdt: USB_TASK max_stale_ms=0 deadline_ms=250 enabled=1
wdt: BTSTACK max_stale_ms=0 datr pc0=100036f3 b0=00032947 pc1=100036bd b1=00021993 pc2=10003713 b2=00019938                                                
eadline_ms=1000 enabled=1
wdt: MEDIA max_stale_ms=0 deadline_ms=500 enabled=1
usb-audio: streaming rate=48000Hz ch=2 bits=16 mdrn c=00006192 s=00000000 z=00002207 bd=0000283776 bp=0000291810 dr=0000322667                                                
easured=191866 B/s (240460 bytes / 1253ms)
usb-pump: packets=285453 log_drops=312743 report_dt_us=1253254
usb-pump-race: pump_ticks_run=466382 sof_isr=466568
usb-sof-2ap: sof_streaming=309948 got=285453 miss_avail=1327 miss_unavail=23168 hw_unavail=24671
usb-audio-fix: fb_done=303878
usb-audio-okx: rx_bytes_total=54824708 rx_short_packets=4433
usb-pump-logring: backlog_hwm=81ctr s=0000000456 u=0000479852 t=0000031614 e=0000111967 p=0000055983 d=0000005680 c=0000021447 o=0000000000                   
92
a2dp: codec=LDAC bitrate=990000 fill=1796/4608 ovr_frames=0 und=1464 report_dt_us=1253254
a2dp: enc_max_us=1810 pkt_sent=53atr pc0=100036f3 b0=00033045 pc1=100036bd b1=00022057 pc2=10003713 b2=00020000                                                
538 pkt_fail=0 misaligned=0
a2dp: tick_count=30459 worst_tick_interval_us=14467 enc_frames_total=107076
wdt: USB_TIMER max_stadrn c=00006196 s=00000000 z=00002207 bd=0000284416 bp=0000292468 dr=0000323513                                                
le_ms=0 deadline_ms=100 enabled=1
wdt: USB_TASK max_stale_ms=0 deadline_ms=250 enabled=1
wdt: BTSTACK max_stale_ms=0 deadline_ms=1000 enabled=1
wdt: MEDIA max_stale_ms=0 deadline_ms=500 enabled=1
usb-audio: streaming rate=48000Hz ch=2 bits=16 measured=191963 B/s (203388 bytes / 1059ms)
usb-pump: packets=286513 log_drops=313358 report_dt_us=1059629
usb-pump-race: pump_ticks_ructr s=0000000457 u=0000480874 t=0000031705 e=0000112350 p=0000056175 d=0000005700 c=0000021518 o=0000000000                   
n=467442 sof_isr=467627
usb-sof-2ap: sof_streaming=311008 got=286513 miss_avail=1327 miss_unavail=23168 hw_unavail=24671
usb-audio-fix: fb_done=304938
usb-audio-okx: rx_bytes_total=55028288 rx_short_packets=4448
usb-pump-logring: backlog_hwm=8192
wdt: USB_TIMER max_stale_ms=0 deadline_ms=100 enabled=1
wdt: USB_TASK max_stale_ms=0 deadline_ms=250 enabled=1
wdt: BTSTACK max_statr pc0=100036f3 b0=00033143 pc1=100036bd b1=00022121 pc2=10003713 b2=00020062                                                
ale_ms=0 deadline_ms=1000 enabled=1
wdt: MEDIA max_stale_ms=0 deadline_ms=500 enabled=1
usb-audio: streaming rate=48000Hz ch=2drn c=00006201 s=00000000 z=00002207 bd=0000285312 bp=0000293090 dr=0000324394                                                
 bits=16 measured=191918 B/s (219336 bytes / 1142ms)
usb-pump: packets=287655 log_drops=314204 report_dt_us=1142877
usb-pump-rctr s=0000000458 u=0000481888 t=0000031795 e=0000112730 p=0000056365 d=0000005720 c=0000021588 o=0000000000                   
ace: pump_ticks_run=468584 sof_isr=468770
usb-sof-2ap: sof_streaming=312150 got=287654 miss_avail=1327 miss_unavail=23169 hw_unavail=24672
usb-audio-fix: fb_done=306080
usb-audio-okx: rx_bytes_total=55247624 rx_short_packets=4466
wdt: USB_TIMER max_stale_ms=0 deadline_ms=100 enabled=1
wdt: USB_TASK max_stale_ms=0 deadline_ms=250 enabled=1
wdt: BTSTACK max_stale_ms=0 deadline_atr pc0=100036f3 b0=00033241 pc1=100036bd b1=00022185 pc2=10003713 b2=00020124                                                
ms=1000 enabled=1
wdt: MEDIA max_stale_ms=0 deadline_ms=500 enabled=1
usb-audio: streaming rate=48000Hz ch=2 bits=16 measured=drn c=00006205 s=00000000 z=00002207 bd=0000285952 bp=0000293748 dr=0000325240                                                
192187 B/s (202432 bytes / 1053ms)
usb-pump: packets=288708 log_drops=315085 report_dt_us=1053168
usb-pump-race: pump_ticks_run=469637 sof_isr=469824
usb-sof-2ap: sof_streaming=313204 got=288708 miss_avail=1327 miss_unavail=23169 hw_unavail=24672
usb-audio-fix: fb_done=307133
usb-audio-okx: rx_bytes_total=55449864 rx_short_packets=4482
usb-pump-logring: backlog_hwm=8192
wdt:ctr s=0000000459 u=0000483107 t=0000031902 e=0000113187 p=0000056593 d=0000005749 c=0000021666 o=0000000000                   
 USB_TIMER max_stale_ms=0 deadline_ms=100 enabled=1
wdt: USB_TASK max_stale_ms=0 deadline_ms=250 enabled=1
wdt: BTSTACK max_stale_ms=0 deadline_ms=1000 enabled=1
wdt: MEDIA max_stale_ms=0 deadline_ms=500 enabled=1
usb-audio: streaming rate=48000Hz ch=2atr pc0=100036f3 b0=00033339 pc1=100036bd b1=00022249 pc2=10003713 b2=00020186                                                
 bits=16 measured=191873 B/s (195708 bytes / 1019ms)
usb-pump: packets=289727 log_drops=315931 report_dt_us=1020006
usb-pump-rdrn c=00006210 s=00000000 z=00002207 bd=0000286720 bp=0000294636 dr=0000325856                                                
ace: pump_ticks_run=470656 sof_isr=470844
usb-sof-2ap: sof_streaming=314224 got=289727 miss_avail=1327 miss_unavail=23170 hw_unctr s=0000000460 u=0000484179 t=0000031997 e=0000113588 p=0000056794 d=0000005770 c=0000021740 o=0000000000                   
avail=24673
usb-audio-fix: fb_done=308152
usb-audio-okx: rx_bytes_total=55645572 rx_short_packets=4497
wdt: USB_TIMER max_stale_ms=0 deadline_ms=100 enabled=1
wdt: USB_TASK max_stale_ms=0 deadline_ms=250 enabled=1
wdt: BTSTACK max_stale_ms=0 deadline_ms=1000 enabled=1
wdt: MEDIA max_stale_ms=0 deadline_ms=500 enabled=1
usb-audio: streaming rate=48000Hz ch=2 bits=16 measured=atr pc0=100036f3 b0=00033437 pc1=100036bd b1=00022313 pc2=10003713 b2=00020186                                                
191525 B/s (208768 bytes / 1090ms)
usb-pump: packets=290814 log_drops=316813 report_dt_us=1090005
usb-pump-race: pump_ticks_rudrn c=00006214 s=00000000 z=00002207 bd=0000287360 bp=0000295165 dr=0000326830                                                
n=471743 sof_isr=471934
usb-sof-2ap: sof_streaming=315314 got=290814 miss_avail=1327 miss_unavail=23173 hw_unavail=24676
usb-actr s=0000000461 u=0000485186 t=0000032086 e=0000113963 p=0000056981 d=0000005791 c=0000021807 o=0000000000                   
udio-fix: fb_done=309239
usb-audio-okx: rx_bytes_total=55854340 rx_short_packets=4513
usb-pump-logring: backlog_hwm=8192
wdt: USB_TIMER max_stale_ms=0 deadline_ms=100 enabled=1
wdt: USB_TASK max_stale_ms=0 deadline_ms=250 enabled=1
wdt: BTSTACK max_stale_ms=0 deadline_ms=1000 enabled=1
wdt: MEDIA max_stale_ms=0 deadline_ms=500 enabled=1
usb-audio: streaming rate=48000Hz ch=2atr pc0=100036f3 b0=00033535 pc1=100036bd b1=00022377 pc2=10003713 b2=00020248                                                
 bits=16 measured=191809 B/s (206660 bytes / 1077ms)
usb-pump: packets=291901 log_drops=317659 report_dt_us=1087839
usb-pump-rdrn c=00006218 s=00000000 z=00002207 bd=0000288000 bp=0000295787 dr=0000327711                                                
ace: pump_ticks_run=472830 sof_isr=473021
usb-sof-2ap: sof_streaming=316401 got=291900 miss_avail=1327 miss_unavail=23174 hw_unctr s=0000000462 u=0000486283 t=0000032183 e=0000114374 p=0000057187 d=0000005814 c=0000021881 o=0000000000                   
avail=24677
usb-audio-fix: fb_done=310326
usb-audio-okx: rx_bytes_total=56063112 rx_short_packets=4530
wdt: USB_TIMER max_stale_ms=0 deadline_ms=100 enabled=1
wdt: USB_TASK max_stale_ms=0 deadline_ms=250 enabled=1
wdt: BTSTACK max_stale_ms=0 deadline_ms=1000 enabled=1
wdt: MEDIA max_stale_ms=0 deadline_ms=500 enabled=1
usb-audio: streaming rate=48000Hz ch=2 bits=16 measured=atr pc0=100036f3 b0=00033633 pc1=100036bd b1=00022441 pc2=10003713 b2=00020310                                                
192065 B/s (198396 bytes / 1032ms)
usb-pump: packets=292923 log_drops=318540 report_dt_us=1022547
usb-pump-race: pump_ticks_rudrn c=00006222 s=00000000 z=00002207 bd=0000288640 bp=0000296445 dr=0000328557                                                
n=473852 sof_isr=474044
usb-sof-2ap: sof_streaming=317424 got=292923 miss_avail=1327 miss_unavail=23174 hw_unavail=24677
usb-actr s=0000000463 u=0000487385 t=0000032281 e=0000114787 p=0000057393 d=0000005835 c=0000021958 o=0000000000                   
udio-fix: fb_done=311348
usb-audio-okx: rx_bytes_total=56259396 rx_short_packets=4545
usb-pump-logring: backlog_hwm=8192
wdt: USB_TIMER max_stale_ms=0 deadline_ms=100 enabled=1
wdt: USB_TASK max_stale_ms=0 deadline_ms=250 enabled=1
wdt: BTSTACK max_stale_ms=0 deadline_ms=1000 enabled=1
wdt: MEDIA max_stale_ms=0 deadline_ms=500 enabled=1
usb-audio: streaming rate=48000Hz ch=2atr pc0=100036f3 b0=00033731 pc1=100036bd b1=00022505 pc2=10003713 b2=00020372                                                
 bits=16 measured=191996 B/s (241804 bytes / 1259ms)
usb-pump: packets=294183 log_drops=319385 report_dt_us=1259577
usb-pump-rdrn c=00006226 s=00000000 z=00002207 bd=0000289280 bp=0000297067 dr=0000329438                                                
ace: pump_ticks_run=475112 sof_isr=475304
usb-sof-2ap: sof_streaming=318684 got=294183 miss_avail=1327 miss_unavail=23174 hw_unctr s=0000000464 u=0000488486 t=0000032378 e=0000115200 p=0000057600 d=0000005860 c=0000022030 o=0000000000                   
avail=24677
usb-audio-fix: fb_done=312608
usb-audio-okx: rx_bytes_total=56501392 rx_short_packets=4564
usb-pump-logring: backlog_hwm=8192
a2dp: codec=LDAC bitrate=990000 fill=1680/4608 ovr_frames=0 und=1464 report_dt_us=1259577
a2dp: enc_max_us=1810 pkt_sent=55175 pkt_fail=0 misaligned=0
a2dp: tick_count=31232 worst_tick_interval_us=14467 enc_frames_total=110351
wdt: USB_TIMatr pc0=100036f3 b0=00033829 pc1=100036bd b1=00022569 pc2=10003713 b2=00020434                                                
ER max_stale_ms=0 deadline_ms=100 enabled=1
wdt: USB_TASK max_stale_ms=0 deadline_ms=250 enabled=1
wdt: BTSTACK max_stale_ms=0drn c=00006230 s=00000000 z=00002207 bd=0000289920 bp=0000297725 dr=0000330283                                                
 deadline_ms=1000 enabled=1
wdt: MEDIA max_stale_ms=0 deadline_ms=500 enabled=1
usb-audio: streaming rate=48000Hz ch=2 bits=16ctr s=0000000465 u=0000489569 t=0000032474 e=0000115606 p=0000057803 d=0000005882 c=0000022104 o=0000000000                   
 measured=191966 B/s (208576 bytes / 1086ms)
usb-pump: packets=295268 log_drops=320058 report_dt_us=1086384
usb-pump-race: pump_ticks_run=476197 sof_isr=476390
usb-sof-2ap: sof_streaming=319770 got=295268 miss_avail=1327 miss_unavail=23175 hw_unavail=24678
usb-audio-fix: fb_done=313693
usb-audio-okx: rx_bytes_total=56709776 rx_short_packets=4580
wdt: USB_TIMER max_stale_ms=0 atr pc0=100036f3 b0=00033927 pc1=100036bd b1=00022633 pc2=10003713 b2=00020496                                                
deadline_ms=100 enabled=1
wdt: USB_TASK max_stale_ms=0 deadline_ms=250 enabled=1
wdt: BTSTACK max_stale_ms=0 deadline_ms=1000 drn c=00006234 s=00000000 z=00002207 bd=0000290560 bp=0000298347 dr=0000331165                                                
enabled=1
wdt: MEDIA max_stale_ms=0 deadline_ms=500 enabled=1
usb-audio: streaming rate=48000Hz ch=2 bits=16 measured=192108 Bctr s=0000000466 u=0000490585 t=0000032564 e=0000115987 p=0000057993 d=0000005903 c=0000022173 o=0000000000                   
/s (202624 bytes / 1054ms)
usb-pump: packets=296323 log_drops=320939 report_dt_us=1054735
usb-pump-race: pump_ticks_run=477252 sof_isr=477445
usb-sof-2ap: sof_streaming=320825 got=296323 miss_avail=1327 miss_unavail=23175 hw_unavail=24678
usb-audio-fix: fb_done=314748
usb-audio-okx: rx_bytes_total=56912400 rx_short_packets=4596
usb-pump-logring: backlog_hwm=8192
wdt: USB_TIMatr pc0=100036f3 b0=00034025 pc1=100036bd b1=00022697 pc2=10003713 b2=00020558                                                
ER max_stale_ms=0 deadline_ms=100 enabled=1
wdt: USB_TASK max_stale_ms=0 deadline_ms=250 enabled=1
wdt: BTSTACK max_stale_ms=0drn c=00006238 s=00000000 z=00002207 bd=0000291200 bp=0000299005 dr=0000332010                                                
 deadline_ms=1000 enabled=1
wdt: MEDIA max_stale_ms=0 deadline_ms=500 enabled=1
usb-audio: streaming rate=48000Hz ch=2 bits=16ctr s=0000000467 u=0000491657 t=0000032659 e=0000116389 p=0000058194 d=0000005925 c=0000022246 o=0000000000                   
 measured=191943 B/s (206076 bytes / 1073ms)
usb-pump: packets=297397 log_drops=321785 report_dt_us=1073751
usb-pump-race: pump_ticks_run=478326 sof_isr=478518
usb-sof-2ap: sof_streaming=321898 got=297396 miss_avail=1327 miss_unavail=23175 hw_unavail=24678
usb-audio-fix: fb_done=315822
usb-audio-okx: rx_bytes_total=57118668 rx_short_packets=4611
wdt: USB_TIMER max_stale_ms=0 atr pc0=100036f3 b0=00034123 pc1=100036bd b1=00022761 pc2=10003713 b2=00020620                                                
deadline_ms=100 enabled=1
wdt: USB_TASK max_stale_ms=0 deadline_ms=250 enabled=1
wdt: BTSTACK max_stale_ms=0 deadline_ms=1000 drn c=00006242 s=00000000 z=00002207 bd=0000291840 bp=0000299684 dr=0000332892                                                
enabled=1
wdt: MEDIA max_stale_ms=0 deadline_ms=500 enabled=1
usb-audio: streaming rate=48000Hz ch=2 bits=16 measured=192182 Bctr s=0000000468 u=0000492703 t=0000032751 e=0000116780 p=0000058390 d=0000005948 c=0000022315 o=0000000000                   
/s (210496 bytes / 1095ms)
usb-pump: packets=298492 log_drops=322667 report_dt_us=1095171
usb-pump-race: pump_ticks_run=479421 sof_isr=479614
usb-sof-2ap: sof_streaming=322994 got=298492 miss_avail=1327 miss_unavail=23175 hw_unavail=24678
usb-audio-fix: fb_done=316917
usb-audio-okx: rx_bytes_total=57328972 rx_short_packets=4627
usb-pump-logring: backlog_hwm=8192
wdt: USB_TIMatr pc0=100036f3 b0=00034221 pc1=100036bd b1=00022825 pc2=10003713 b2=00020620                                                
ER max_stale_ms=0 deadline_ms=100 enabled=1
wdt: USB_TASK max_stale_ms=0 deadline_ms=250 enabled=1
wdt: BTSTACK max_stale_ms=0drn c=00006246 s=00000000 z=00002207 bd=0000292480 bp=0000300280 dr=0000333800                                                
 deadline_ms=1000 enabled=1
wdt: MEDIA max_stale_ms=0 deadline_ms=500 enabled=1
usb-audio: streaming rate=48000Hz ch=2 bits=16ctr s=0000000469 u=0000493788 t=0000032847 e=0000117187 p=0000058593 d=0000005971 c=0000022388 o=0000000000                   
 measured=191757 B/s (195896 bytes / 1021ms)
usb-pump: packets=299512 log_drops=323513 report_dt_us=1021593
usb-pump-race: pump_ticks_run=480441 sof_isr=480635
usb-sof-2ap: sof_streaming=324015 got=299512 miss_avail=1327 miss_unavail=23176 hw_unavail=24679
usb-audio-fix: fb_done=317938
usb-audio-okx: rx_bytes_total=57525060 rx_short_packets=4641
wdt: USB_TIMER max_stale_ms=0 atr pc0=100036f3 b0=00034319 pc1=100036bd b1=00022889 pc2=10003713 b2=00020682                                                
deadline_ms=100 enabled=1
wdt: USB_TASK max_stale_ms=0 deadline_ms=250 enabled=1
wdt: BTSTACK max_stale_ms=0 deadline_ms=1000 drn c=00006250 s=00000000 z=00002207 bd=0000293120 bp=0000300902 dr=0000334682                                                
enabled=1
wdt: MEDIA max_stale_ms=0 deadline_ms=500 enabled=1
usb-audio: streaming rate=48000Hz ch=2 bits=16 measured=191836 B/s (194556 bytes / 1014ms)
usb-pump: packets=300526 log_drops=324394 report_dt_us=1014277
usb-pump-race: pump_ticks_run=481455 sof_isr=481649
usb-sof-2ap: sof_streaming=325029 got=300525 miss_avail=1327 miss_unavail=23177 hw_unavail=24680
usb-audio-fixctr s=0000000470 u=0000495000 t=0000032955 e=0000117645 p=0000058822 d=0000005997 c=0000022470 o=0000000000                   
: fb_done=318951
usb-audio-okx: rx_bytes_total=57719616 rx_short_packets=4656
usb-pump-logring: backlog_hwm=8192
wdt: USB_TIMER max_stale_ms=0 deadline_ms=100 enabled=1
wdt: USB_TASK max_stale_ms=0 deadline_ms=250 enabled=1
wdt: BTSTACK max_stale_ms=0 deadline_ms=1000 enabled=1
wdt: MEDIA max_stale_ms=0 deadline_ms=500 enabled=1
usb-audio: streaming rate=48000Hz ch=2 bits=16atr pc0=100036f3 b0=00034417 pc1=100036bd b1=00022953 pc2=10003713 b2=00020744                                                
 measured=191864 B/s (233932 bytes / 1219ms)
usb-pump: packets=301743 log_drops=325240 report_dt_us=1219158
usb-pump-race: pumdrn c=00006255 s=00000000 z=00002207 bd=0000294016 bp=0000301790 dr=0000335298                                                
p_ticks_run=482672 sof_isr=482869
usb-sof-2ap: sof_streaming=326249 got=301743 miss_avail=1327 miss_unavail=23179 hw_unavail=24ctr s=0000000471 u=0000496067 t=0000033048 e=0000118041 p=0000059020 d=0000006021 c=0000022539 o=0000000000                   
682
usb-audio-fix: fb_done=320168
usb-audio-okx: rx_bytes_total=57953356 rx_short_packets=4675
usb-pump-logring: backlog_hwm=8192
a2dp: codec=LDAC bitrate=990000 fill=1612/4608 ovr_frames=0 und=1464 report_dt_us=1219158
a2dp: enc_max_us=1810 pkt_sent=56593 pkt_fail=0 misaligned=0
a2dp: tick_count=31902 worst_tick_interval_us=14467 enc_frames_total=113187
wdt: USB_TIMER max_satr pc0=100036f3 b0=00034515 pc1=100036bd b1=00023017 pc2=10003713 b2=00020806                                                
tale_ms=0 deadline_ms=100 enabled=1
wdt: USB_TASK max_stale_ms=0 deadline_ms=250 enabled=1
wdt: BTSTACK max_stale_ms=0 deadlindrn c=00006259 s=00000000 z=00002207 bd=0000294656 bp=0000302448 dr=0000336143                                                
e_ms=1000 enabled=1
wdt: MEDIA max_stale_ms=0 deadline_ms=500 enabled=1
usb-audio: streaming rate=48000Hz ch=2 bits=16 measurectr s=0000000472 u=0000497112 t=0000033141 e=0000118433 p=0000059216 d=0000006041 c=0000022612 o=0000000000                   
d=191588 B/s (205312 bytes / 1071ms)
usb-pump: packets=302812 log_drops=325856 report_dt_us=1071627
usb-pump-race: pump_ticks_run=483742 sof_isr=483940
usb-sof-2ap: sof_streaming=327320 got=302812 miss_avail=1327 miss_unavail=23181 hw_unavail=24684
wdt: USB_TIMER max_stale_ms=0 deadline_ms=100 enabled=1
wdt: USB_TASK max_stale_ms=0 deadline_ms=250 enabled=1
wdt: BTSTACK max_satr pc0=100036f3 b0=00034613 pc1=100036bd b1=00023081 pc2=10003713 b2=00020868                                                
tale_ms=0 deadline_ms=1000 enabled=1
wdt: MEDIA max_stale_ms=0 deadline_ms=500 enabled=1
usb-audio: streaming rate=48000Hz ch=drn c=00006263 s=00000000 z=00002207 bd=0000295296 bp=0000303070 dr=0000337024                                                
2 bits=16 measured=190542 B/s (191872 bytes / 1006ms)
usb-pump: packets=303811 log_drops=326830 report_dt_us=1006980
usb-pump-ctr s=0000000473 u=0000498196 t=0000033237 e=0000118839 p=0000059419 d=0000006063 c=0000022686 o=0000000000                   
race: pump_ticks_run=484741 sof_isr=484947
usb-sof-2ap: sof_streaming=328327 got=303811 miss_avail=1327 miss_unavail=23189 hw_unavail=24692
usb-audio-fix: fb_done=322237
usb-audio-okx: rx_bytes_total=58350732 rx_short_packets=4707
wdt: USB_TIMER max_stale_ms=0 deadline_ms=100 enabled=1
wdt: USB_TASK max_stale_ms=0 deadline_ms=250 enabled=1
wdt: BTSTACK max_stale_ms=0 deadlineatr pc0=100036f3 b0=00034711 pc1=100036bd b1=00023145 pc2=10003713 b2=00020930                                                
_ms=1000 enabled=1
wdt: MEDIA max_stale_ms=0 deadline_ms=500 enabled=1
usb-audio: streaming rate=48000Hz ch=2 bits=16 measureddrn c=00006267 s=00000000 z=00002207 bd=0000295936 bp=0000303728 dr=0000337870                                                
=192031 B/s (210688 bytes / 1097ms)
usb-pump: packets=304909 log_drops=327711 report_dt_us=1097272
usb-pump-race: pump_ticks_rctr s=0000000474 u=0000499277 t=0000033333 e=0000119245 p=0000059622 d=0000006085 c=0000022760 o=0000000000                   
un=485838 sof_isr=486044
usb-sof-2ap: sof_streaming=329425 got=304909 miss_avail=1327 miss_unavail=23189 hw_unavail=24692
usb-audio-fix: fb_done=323334
usb-audio-okx: rx_bytes_total=58561420 rx_short_packets=4723
usb-pump-logring: backlog_hwm=8192
wdt: USB_TIMER max_stale_ms=0 deadline_ms=100 enabled=1
wdt: USB_TASK max_stale_ms=0 deadline_ms=250 enabled=1
wdt: BTSTACK max_satr pc0=100036f3 b0=00034809 pc1=100036bd b1=00023209 pc2=10003713 b2=00020992                                                
tale_ms=0 deadline_ms=1000 enabled=1
wdt: MEDIA max_stale_ms=0 deadline_ms=500 enabled=1
usb-audio: streaming rate=48000Hz ch=drn c=00006271 s=00000000 z=00002207 bd=0000296576 bp=0000304350 dr=0000338751                                                
2 bits=16 measured=192016 B/s (211652 bytes / 1102ms)
usb-pump: packets=306010 log_drops=328557 report_dt_us=1102142
usb-pump-ctr s=0000000475 u=0000500338 t=0000033427 e=0000119643 p=0000059821 d=0000006107 c=0000022832 o=0000000000                   
race: pump_ticks_run=486939 sof_isr=487147
usb-sof-2ap: sof_streaming=330527 got=306010 miss_avail=1327 miss_unavail=23190 hw_unavail=24693
usb-audio-fix: fb_done=324435
usb-audio-okx: rx_bytes_total=58772880 rx_short_packets=4740
wdt: USB_TIMER max_stale_ms=0 deadline_ms=100 enabled=1
wdt: USB_TASK max_stale_ms=0 deadline_ms=250 enabled=1
wdt: BTSTACK max_stale_ms=0 deadlineatr pc0=100036f3 b0=00034907 pc1=100036bd b1=00023273 pc2=10003713 b2=00021054                                                
_ms=1000 enabled=1
wdt: MEDIA max_stale_ms=0 deadline_ms=500 enabled=1
usb-audio: streaming rate=48000Hz ch=2 bits=16 measureddrn c=00006275 s=00000000 z=00002207 bd=0000297216 bp=0000305008 dr=0000339596                                                
=191762 B/s (211076 bytes / 1100ms)
usb-pump: packets=307110 log_drops=329438 report_dt_us=1100851
usb-pump-race: pump_ticks_rctr s=0000000476 u=0000501381 t=0000033519 e=0000120034 p=0000060017 d=0000006130 c=0000022901 o=0000000000                   
un=488039 sof_isr=488247
usb-sof-2ap: sof_streaming=331628 got=307110 miss_avail=1327 miss_unavail=23191 hw_unavail=24694
usb-audio-fix: fb_done=325535
usb-audio-okx: rx_bytes_total=58984148 rx_short_packets=4757
usb-pump-logring: backlog_hwm=8192
wdt: USB_TIMER max_stale_ms=0 deadline_ms=100 enabled=1
wdt: USB_TASK max_stale_ms=0 deadline_ms=250 enabled=1
wdt: BTSTACK max_satr pc0=100036f3 b0=00035005 pc1=100036bd b1=00023337 pc2=10003713 b2=00021116                                                
tale_ms=0 deadline_ms=1000 enabled=1
wdt: MEDIA max_stale_ms=0 deadline_ms=500 enabled=1
usb-audio: streaming rate=48000Hz ch=drn c=00006279 s=00000000 z=00002207 bd=0000297856 bp=0000305630 dr=0000340478                                                
2 bits=16 measured=191885 B/s (207808 bytes / 1082ms)
usb-pump: packets=308192 log_drops=330283 report_dt_us=1082954
usb-pump-ctr s=0000000477 u=0000502431 t=0000033612 e=0000120427 p=0000060213 d=0000006152 c=0000022972 o=0000000000                   
race: pump_ticks_run=489121 sof_isr=489330
usb-sof-2ap: sof_streaming=332710 got=308191 miss_avail=1327 miss_unavail=23192 hw_unavail=24695
usb-audio-fix: fb_done=326617
usb-audio-okx: rx_bytes_total=59191956 rx_short_packets=4773
wdt: USB_TIMER max_stale_ms=0 deadline_ms=100 enabled=1
wdt: USB_TASK max_stale_ms=0 deadline_ms=250 enabled=1
wdt: BTSTACK max_stale_ms=0 deadlineatr pc0=100036f3 b0=00035103 pc1=100036bd b1=00023401 pc2=10003713 b2=00021178                                                
_ms=1000 enabled=1
wdt: MEDIA max_stale_ms=0 deadline_ms=500 enabled=1
usb-audio: streaming rate=48000Hz ch=2 bits=16 measureddrn c=00006283 s=00000000 z=00002207 bd=0000298496 bp=0000306288 dr=0000341323                                                
=192185 B/s (195324 bytes / 1016ms)
usb-pump: packets=309208 log_drops=331165 report_dt_us=1016224
usb-pump-race: pump_ticks_rctr s=0000000478 u=0000503534 t=0000033710 e=0000120841 p=0000060420 d=0000006174 c=0000023048 o=0000000000                   
un=490137 sof_isr=490347
usb-sof-2ap: sof_streaming=333727 got=309208 miss_avail=1327 miss_unavail=23192 hw_unavail=24695
usb-audio-fix: fb_done=327633
usb-audio-okx: rx_bytes_total=59387088 rx_short_packets=4788
usb-pump-logring: backlog_hwm=8192
wdt: USB_TIMER max_stale_ms=0 deadline_ms=100 enabled=1
wdt: USB_TASK max_stale_ms=0 deadline_ms=250 enabled=1
wdt: BTSTACK max_satr pc0=100036f3 b0=00035201 pc1=100036bd b1=00023465 pc2=10003713 b2=00021240                                                
tale_ms=0 deadline_ms=1000 enabled=1
wdt: MEDIA max_stale_ms=0 deadline_ms=500 enabled=1
usb-audio: streaming rate=48000Hz ch=drn c=00006287 s=00000000 z=00002207 bd=0000299136 bp=0000306910 dr=0000342204                                                
2 bits=16 measured=191591 B/s (201472 bytes / 1051ms)
usb-pump: packets=310257 log_drops=332010 report_dt_us=1051563
usb-pump-ctr s=0000000479 u=0000504574 t=0000033802 e=0000121231 p=0000060615 d=0000006196 c=0000023118 o=0000000000                   
race: pump_ticks_run=491187 sof_isr=491398
usb-sof-2ap: sof_streaming=334778 got=310257 miss_avail=1327 miss_unavail=23194 hw_unavail=24697
usb-audio-fix: fb_done=328683
usb-audio-okx: rx_bytes_total=59588752 rx_short_packets=4804
frame 6241: render=229081us blit=23088us total=252221us
wdt: USB_TIMER max_stale_ms=0 deadline_ms=100 enabled=1
wdt: USB_TASK max_stale_ms=0 deadliatr pc0=100036f3 b0=00035299 pc1=100036bd b1=00023529 pc2=10003713 b2=00021302                                                
ne_ms=250 enabled=1
wdt: BTSTACK max_stale_ms=0 deadline_ms=1000 enabled=1
wdt: MEDIA max_stale_ms=0 deadline_ms=500 enabled=1drn c=00006291 s=00000000 z=00002207 bd=0000299776 bp=0000307568 dr=0000343049                                                

usb-audio: streaming rate=48000Hz ch=2 bits=16 measured=191888 B/s (204352 bytes / 1064ms)
usb-pump: packets=311321 log_dropsctr s=0000000480 u=0000505636 t=0000033896 e=0000121629 p=0000060814 d=0000006218 c=0000023190 o=0000000000                   
=332892 report_dt_us=1064955
usb-pump-race: pump_ticks_run=492250 sof_isr=492463
usb-sof-2ap: sof_streaming=335843 got=311321 miss_avail=1327 miss_unavail=23195 hw_unavail=24698
usb-audio-fix: fb_done=329747
usb-pump-logring: backlog_hwm=8192
wdt: USB_TIMER max_stale_ms=0 deadline_ms=100 enabled=1
wdt: USB_TASK max_stale_ms=0 deadline_ms=250 enabled=1
wdt: BTSTACK max_stale_atr pc0=100036f3 b0=00035397 pc1=100036bd b1=00023593 pc2=10003713 b2=00021364                                                
ms=0 deadline_ms=1000 enabled=1
wdt: MEDIA max_stale_ms=0 deadline_ms=500 enabled=1
usb-audio: streaming rate=48000Hz ch=2 bitdrn c=00006295 s=00000000 z=00002207 bd=0000300416 bp=0000308190 dr=0000343930                                                
s=16 measured=191874 B/s (208388 bytes / 1086ms)
usb-pump: packets=312406 log_drops=333800 report_dt_us=1086066
usb-pump-race:ctr s=0000000481 u=0000506677 t=0000033988 e=0000122019 p=0000061009 d=0000006240 c=0000023260 o=0000000000                   
 pump_ticks_run=493336 sof_isr=493549
usb-sof-2ap: sof_streaming=336929 got=312406 miss_avail=1327 miss_unavail=23196 hw_unavail=24699
usb-audio-fix: fb_done=330832
usb-audio-okx: rx_bytes_total=60001492 rx_short_packets=4837
wdt: USB_TIMER max_stale_ms=0 deadline_ms=100 enabled=1
wdt: USB_TASK max_stale_ms=0 deadline_ms=250 enabled=1
wdt: BTSTACK max_stale_ms=0 deadline_ms=1atr pc0=100036f3 b0=00035495 pc1=100036bd b1=00023657 pc2=10003713 b2=00021426                                                
000 enabled=1
wdt: MEDIA max_stale_ms=0 deadline_ms=500 enabled=1
usb-audio: streaming rate=48000Hz ch=2 bits=16 measured=1920drn c=00006299 s=00000000 z=00002207 bd=0000301056 bp=0000308848 dr=0000344776                                                
48 B/s (232776 bytes / 1212ms)
usb-pump: packets=313619 log_drops=334682 report_dt_us=1212169
usb-pump-race: pump_ticks_run=49ctr s=0000000482 u=0000507771 t=0000034085 e=0000122430 p=0000061215 d=0000006263 c=0000023334 o=0000000000                   
4548 sof_isr=494761
usb-sof-2ap: sof_streaming=338141 got=313618 miss_avail=1327 miss_unavail=23196 hw_unavail=24699
usb-audio-fix: fb_done=332044
usb-audio-okx: rx_bytes_total=60234268 rx_short_packets=4855
usb-pump-logring: backlog_hwm=8192
a2dp: codec=LDAC bitrate=990000 fill=2076/4608 ovr_frames=0 und=1465 report_dt_us=1212169
a2dp: enc_max_us=1810 pkt_sent=58820 pkt_failatr pc0=100036f3 b0=00035593 pc1=100036bd b1=00023721 pc2=10003713 b2=00021426                                                
=0 misaligned=0
a2dp: tick_count=32954 worst_tick_interval_us=14467 enc_frames_total=117641
wdt: USB_TIMER max_stale_ms=0 deaddrn c=00006303 s=00000000 z=00002207 bd=0000301696 bp=0000309501 dr=0000345684                                                
line_ms=100 enabled=1
wdt: USB_TASK max_stale_ms=0 deadline_ms=250 enabled=1
wdt: BTSTACK max_stale_ms=0 deadline_ms=1000 enabctr s=0000000483 u=0000508850 t=0000034181 e=0000122834 p=0000061417 d=0000006283 c=0000023410 o=0000000000                   
led=1
wdt: MEDIA max_stale_ms=0 deadline_ms=500 enabled=1
usb-audio: streaming rate=48000Hz ch=2 bits=16 measured=191959 B/s (204732 bytes / 1066ms)
usb-pump: packets=314684 log_drops=335298 report_dt_us=1066418
usb-pump-race: pump_ticks_run=495613 sof_isr=495828
usb-sof-2ap: sof_streaming=339208 got=314684 miss_avail=1327 miss_unavail=23197 hw_unavail=24700
usb-audio-fix: fbatr pc0=100036f3 b0=00035691 pc1=100036bd b1=00023785 pc2=10003713 b2=00021488                                                
_done=333109
usb-audio-okx: rx_bytes_total=60438808 rx_short_packets=4870
usb-pump-logring: backlog_hwm=8192
wdt: USB_TIMER mdrn c=00006307 s=00000000 z=00002207 bd=0000302336 bp=0000310123 dr=0000346566                                                
ax_stale_ms=0 deadline_ms=100 enabled=1
wdt: USB_TASK max_stale_ms=0 deadline_ms=250 enabled=1
wdt: BTSTACK max_stale_ms=0 deactr s=0000000484 u=0000509889 t=0000034273 e=0000123224 p=0000061612 d=0000006305 c=0000023480 o=0000000000                   
dline_ms=1000 enabled=1
wdt: MEDIA max_stale_ms=0 deadline_ms=500 enabled=1
usb-audio: streaming rate=48000Hz ch=2 bits=16 measured=192015 B/s (200512 bytes / 1044ms)
usb-pump: packets=315728 log_drops=336143 report_dt_us=1044259
usb-pump-race: pump_ticks_run=496657 sof_isr=496872
usb-sof-2ap: sof_streaming=340252 got=315728 miss_avail=1327 miss_unavail=23197 hw_unavail=24700
usb-audio-fix: fb_done=334153
usb-audio-okx: rx_bytes_total=60639320 rx_short_packets=4886
wdt: USB_TIMER max_stale_ms=0 deadatr pc0=100036f3 b0=00035789 pc1=100036bd b1=00023849 pc2=10003713 b2=00021550                                                
line_ms=100 enabled=1
wdt: USB_TASK max_stale_ms=0 deadline_ms=250 enabled=1
wdt: BTSTACK max_stale_ms=0 deadline_ms=1000 enabdrn c=00006312 s=00000000 z=00002207 bd=0000303104 bp=0000310781 dr=0000347411                                                
led=1
wdt: MEDIA max_stale_ms=0 deadline_ms=500 enabled=1
usb-audio: streaming rate=48000Hz ch=2 bits=16 measured=191929 B/s (ctr s=0000000485 u=0000510890 t=0000034361 e=0000123599 p=0000061799 d=0000006328 c=0000023545 o=0000000000                   
208192 bytes / 1084ms)
usb-pump: packets=316812 log_drops=337024 report_dt_us=1084717
usb-pump-race: pump_ticks_run=497741 sof_isr=497957
usb-sof-2ap: sof_streaming=341337 got=316812 miss_avail=1327 miss_unavail=23198 hw_unavail=24701
usb-audio-fix: fb_done=335237
usb-audio-okx: rx_bytes_total=60847512 rx_short_packets=4902
usb-pump-logring: backlog_hwm=8192
wdt: USB_TIMER matr pc0=100036f3 b0=00035887 pc1=100036bd b1=00023913 pc2=10003713 b2=00021612                                                
ax_stale_ms=0 deadline_ms=100 enabled=1
wdt: USB_TASK max_stale_ms=0 deadline_ms=250 enabled=1
wdt: BTSTACK max_stale_ms=0 deadrn c=00006316 s=00000000 z=00002207 bd=0000303744 bp=0000311403 dr=0000348293                                                
dline_ms=1000 enabled=1
wdt: MEDIA max_stale_ms=0 deadline_ms=500 enabled=1
usb-audio: streaming rate=48000Hz ch=2 bits=16 meactr s=0000000486 u=0000511970 t=0000034457 e=0000124004 p=0000062002 d=0000006349 c=0000023620 o=0000000000                   
sured=191893 B/s (207428 bytes / 1080ms)
usb-pump: packets=317892 log_drops=337870 report_dt_us=1080972
usb-pump-race: pump_ticks_run=498821 sof_isr=499038
usb-sof-2ap: sof_streaming=342418 got=317892 miss_avail=1327 miss_unavail=23199 hw_unavail=24702
usb-audio-fix: fb_done=336317
usb-audio-okx: rx_bytes_total=61054940 rx_short_packets=4919
wdt: USB_TIMER max_stale_ms=0 deadatr pc0=100036f3 b0=00035985 pc1=100036bd b1=00023977 pc2=10003713 b2=00021674                                                
line_ms=100 enabled=1
wdt: USB_TASK max_stale_ms=0 deadline_ms=250 enabled=1
wdt: BTSTACK max_stale_ms=0 deadline_ms=1000 enabdrn c=00006320 s=00000000 z=00002207 bd=0000304384 bp=0000312061 dr=0000349139                                                
led=1
wdt: MEDIA max_stale_ms=0 deadline_ms=500 enabled=1
usb-audio: streaming rate=48000Hz ch=2 bits=16 measured=192009 B/s (ctr s=0000000487 u=0000513093 t=0000034557 e=0000124425 p=0000062212 d=0000006371 c=0000023698 o=0000000000                   
203776 bytes / 1061ms)
usb-pump: packets=318953 log_drops=338751 report_dt_us=1061253
usb-pump-race: pump_ticks_run=499882 sof_isr=500099
usb-sof-2ap: sof_streaming=343479 got=318953 miss_avail=1327 miss_unavail=23199 hw_unavail=24702
usb-audio-fix: fb_done=337378
usb-audio-okx: rx_bytes_total=61258716 rx_short_packets=4935
usb-pump-logring: backlog_hwm=8192
wdt: USB_TIMER matr pc0=100036f3 b0=00036083 pc1=100036bd b1=00024041 pc2=10003713 b2=00021736                                                
ax_stale_ms=0 deadline_ms=100 enabled=1
wdt: USB_TASK max_stale_ms=0 deadline_ms=250 enabled=1
wdt: BTSTACK max_stale_ms=0 deadrn c=00006324 s=00000000 z=00002207 bd=0000305024 bp=0000312683 dr=0000350021                                                
dline_ms=1000 enabled=1
wdt: MEDIA max_stale_ms=0 deadline_ms=500 enabled=1
usb-audio: streaming rate=48000Hz ch=2 bits=16 meactr s=0000000488 u=0000514179 t=0000034653 e=0000124832 p=0000062416 d=0000006394 c=0000023771 o=0000000000                   
sured=191999 B/s (200316 bytes / 1043ms)
usb-pump: packets=319997 log_drops=339596 report_dt_us=1043457
usb-pump-race: pump_ticks_run=500926 sof_isr=501143
usb-sof-2ap: sof_streaming=344523 got=319997 miss_avail=1327 miss_unavail=23199 hw_unavail=24702
usb-audio-fix: fb_done=338422
usb-audio-okx: rx_bytes_total=61459224 rx_short_packets=4950
wdt: USB_TIMER max_stale_ms=0 deadatr pc0=100036f3 b0=00036181 pc1=100036bd b1=00024105 pc2=10003713 b2=00021798                                                
line_ms=100 enabled=1
wdt: USB_TASK max_stale_ms=0 deadline_ms=250 enabled=1
wdt: BTSTACK max_stale_ms=0 deadline_ms=1000 enabdrn c=00006328 s=00000000 z=00002207 bd=0000305664 bp=0000313341 dr=0000350867                                                
led=1
wdt: MEDIA max_stale_ms=0 deadline_ms=500 enabled=1
usb-audio: streaming rate=48000Hz ch=2 bits=16 measured=191691 B/s (ctr s=0000000489 u=0000515252 t=0000034748 e=0000125235 p=0000062617 d=0000006417 c=0000023843 o=0000000000                   
201280 bytes / 1050ms)
usb-pump: packets=321045 log_drops=340478 report_dt_us=1050006
usb-pump-race: pump_ticks_run=501974 sof_isr=502193
usb-sof-2ap: sof_streaming=345573 got=321045 miss_avail=1327 miss_unavail=23201 hw_unavail=24704
usb-audio-fix: fb_done=339470
usb-audio-okx: rx_bytes_total=61660504 rx_short_packets=4966
usb-pump-logring: backlog_hwm=8192
wdt: USB_TIMER matr pc0=100036f3 b0=00036279 pc1=100036bd b1=00024169 pc2=10003713 b2=00021860                                                
ax_stale_ms=0 deadline_ms=100 enabled=1
wdt: USB_TASK max_stale_ms=0 deadline_ms=250 enabled=1
wdt: BTSTACK max_stale_ms=0 deadrn c=00006332 s=00000000 z=00002207 bd=0000306304 bp=0000313963 dr=0000351749                                                
dline_ms=1000 enabled=1
wdt: MEDIA max_stale_ms=0 deadline_ms=500 enabled=1
usb-audio: streaming rate=48000Hz ch=2 bits=16 meactr s=0000000490 u=0000516269 t=0000034838 e=0000125616 p=0000062808 d=0000006438 c=0000023912 o=0000000000                   
sured=192085 B/s (209924 bytes / 1092ms)
usb-pump: packets=322137 log_drops=341323 report_dt_us=1092761
usb-pump-race: pump_ticks_run=503067 sof_isr=503285
usb-sof-2ap: sof_streaming=346665 got=322137 miss_avail=1327 miss_unavail=23201 hw_unavail=24704
usb-audio-fix: fb_done=340563
usb-audio-okx: rx_bytes_total=61870428 rx_short_packets=4983
wdt: USB_TIMER max_stale_ms=0 deadatr pc0=100036f3 b0=00036377 pc1=100036bd b1=00024233 pc2=10003713 b2=00021922                                                
line_ms=100 enabled=1
wdt: USB_TASK max_stale_ms=0 deadline_ms=250 enabled=1
wdt: BTSTACK max_stale_ms=0 deadline_ms=1000 enabdrn c=00006336 s=00000000 z=00002207 bd=0000306944 bp=0000314621 dr=0000352595                                                
led=1
wdt: MEDIA max_stale_ms=0 deadline_ms=500 enabled=1
usb-audio: streaming rate=48000Hz ch=2 bits=16 measured=191841 B/s (ctr s=0000000491 u=0000517322 t=0000034931 e=0000126011 p=0000063005 d=0000006461 c=0000023982 o=0000000000                   
201468 bytes / 1050ms)
usb-pump: packets=323187 log_drops=342204 report_dt_us=1050296
usb-pump-race: pump_ticks_run=504116 sof_isr=504336
usb-sof-2ap: sof_streaming=347716 got=323187 miss_avail=1327 miss_unavail=23202 hw_unavail=24705
usb-audio-fix: fb_done=341612
usb-audio-okx: rx_bytes_total=62071896 rx_short_packets=4998
usb-pump-logring: backlog_hwm=8192
wdt: USB_TIMER matr pc0=100036f3 b0=00036475 pc1=100036bd b1=00024297 pc2=10003713 b2=00021984                                                
ax_stale_ms=0 deadline_ms=100 enabled=1
wdt: USB_TASK max_stale_ms=0 deadline_ms=250 enabled=1
wdt: BTSTACK max_stale_ms=0 deadrn c=00006340 s=00000000 z=00002207 bd=0000307584 bp=0000315243 dr=0000353477                                                
dline_ms=1000 enabled=1
wdt: MEDIA max_stale_ms=0 deadline_ms=500 enabled=1
usb-audio: streaming rate=48000Hz ch=2 bits=16 meactr s=0000000492 u=0000518437 t=0000035030 e=0000126429 p=0000063214 d=0000006483 c=0000024059 o=0000000000                   
sured=192214 B/s (204160 bytes / 1062ms)
usb-pump: packets=324249 log_drops=343049 report_dt_us=1062036
usb-pump-race: pump_ticks_run=505178 sof_isr=505398
usb-sof-2ap: sof_streaming=348778 got=324249 miss_avail=1327 miss_unavail=23202 hw_unavail=24705
usb-audio-fix: fb_done=342674
usb-audio-okx: rx_bytes_total=62275864 rx_short_packets=5014
wdt: USB_TIMER max_stale_ms=0 deadatr pc0=100036f3 b0=00036573 pc1=100036bd b1=00024361 pc2=10003713 b2=00022046                                                
line_ms=100 enabled=1
wdt: USB_TASK max_stale_ms=0 deadline_ms=250 enabled=1
wdt: BTSTACK max_stale_ms=0 deadline_ms=1000 enabdrn c=00006344 s=00000000 z=00002207 bd=0000308224 bp=0000315901 dr=0000354323                                                
led=1
wdt: MEDIA max_stale_ms=0 deadline_ms=500 enabled=1
usb-audio: streaming rate=48000Hz ch=2 bits=16 measured=191911 B/s (ctr s=0000000493 u=0000519488 t=0000035123 e=0000126823 p=0000063411 d=0000006505 c=0000024130 o=0000000000                   
199744 bytes / 1040ms)
usb-pump: packets=325290 log_drops=343930 report_dt_us=1040919
usb-pump-race: pump_ticks_run=506219 sof_isr=506439
usb-sof-2ap: sof_streaming=349819 got=325290 miss_avail=1327 miss_unavail=23202 hw_unavail=24705
usb-audio-fix: fb_done=343715
usb-audio-okx: rx_bytes_total=62475800 rx_short_packets=5030
usb-pump-logring: backlog_hwm=8192
wdt: USB_TIMER matr pc0=100036f3 b0=00036671 pc1=100036bd b1=00024425 pc2=10003713 b2=00022108                                                
ax_stale_ms=0 deadline_ms=100 enabled=1
wdt: USB_TASK max_stale_ms=0 deadline_ms=250 enabled=1
wdt: BTSTACK max_stale_ms=0 deadrn c=00006348 s=00000000 z=00002207 bd=0000308864 bp=0000316523 dr=0000355204                                                
dline_ms=1000 enabled=1
wdt: MEDIA max_stale_ms=0 deadline_ms=500 enabled=1
usb-audio: streaming rate=48000Hz ch=2 bits=16 meactr s=0000000494 u=0000520577 t=0000035220 e=0000127231 p=0000063615 d=0000006525 c=0000024207 o=0000000000                   
sured=192177 B/s (208384 bytes / 1084ms)
frame 6301: render=256294us blit=23360us total=279704us
usb-pump: packets=326374 log_drops=344776 report_dt_us=1084279
usb-pump-race: pump_ticks_run=507303 sof_isr=507523
usb-sof-2ap: sof_streaming=350903 got=326374 miss_avail=1327 miss_unavail=23202 hw_unavail=24705
usb-audio-fix: fb_done=344799
usb-pump-logring: backlog_hwm=8192
wdtatr pc0=100036f3 b0=00036769 pc1=100036bd b1=00024489 pc2=10003713 b2=00022170                                                
: USB_TIMER max_stale_ms=0 deadline_ms=100 enabled=1
wdt: USB_TASK max_stale_ms=0 deadline_ms=250 enabled=1
wdt: BTSTACK max_sdrn c=00006352 s=00000000 z=00002207 bd=0000309504 bp=0000317181 dr=0000356049                                                
tale_ms=0 deadline_ms=1000 enabled=1
wdt: MEDIA max_stale_ms=0 deadline_ms=500 enabled=1
usb-audio: streaming rate=48000Hz ch=ctr s=0000000495 u=0000521597 t=0000035310 e=0000127613 p=0000063806 d=0000006547 c=0000024275 o=0000000000                   
2 bits=16 measured=192003 B/s (208956 bytes / 1088ms)
usb-pump: packets=327462 log_drops=345684 report_dt_us=1088232
usb-pump-race: pump_ticks_run=508391 sof_isr=508611
usb-sof-2ap: sof_streaming=351991 got=327462 miss_avail=1327 miss_unavail=23202 hw_unavail=24705
usb-audio-fix: fb_done=345887
usb-audio-okx: rx_bytes_total=62892948 rx_short_packets=5061
wdt: USB_TIMER max_statr pc0=100036f3 b0=00036867 pc1=100036bd b1=00024553 pc2=10003713 b2=00022232                                                
ale_ms=0 deadline_ms=100 enabled=1
wdt: USB_TASK max_stale_ms=0 deadline_ms=250 enabled=1
wdt: BTSTACK max_stale_ms=0 deadlinedrn c=00006356 s=00000000 z=00002207 bd=0000310144 bp=0000317803 dr=0000356930                                                
_ms=1000 enabled=1
wdt: MEDIA max_stale_ms=0 deadline_ms=500 enabled=1
usb-audio: streaming rate=48000Hz ch=2 bits=16 measuredctr s=0000000496 u=0000522840 t=0000035420 e=0000128079 p=0000064039 d=0000006573 c=0000024359 o=0000000000                   
=191977 B/s (199544 bytes / 1039ms)
usb-pump: packets=328502 log_drops=346566 report_dt_us=1039547
usb-pump-race: pump_ticks_run=509431 sof_isr=509651
usb-sof-2ap: sof_streaming=353031 got=328502 miss_avail=1327 miss_unavail=23202 hw_unavail=24705
usb-audio-fix: fb_done=346927
usb-audio-okx: rx_bytes_total=63092684 rx_short_packets=5075
usb-pump-logring: backlog_hwm=8192
wdt: USB_TIMER max_stale_ms=0 deadline_ms=100 enabled=1
wdt: USB_TASK max_stale_ms=0 deadline_ms=250 enabled=1
wdt: BTSTACK max_stale_ms=0 deadline_ms=1000 enabled=1
wdt: MEDIA max_stale_ms=0 deadline_ms=500 enabled=1
usb-audio: streaming rate=48000Hz ch=atr pc0=100036f3 b0=00036965 pc1=100036bd b1=00024617 pc2=10003713 b2=00022294                                                
2 bits=16 measured=191935 B/s (192056 bytes / 1000ms)
usb-pump: packets=329501 log_drops=347411 report_dt_us=1000498
usb-pump-drn c=00006361 s=00000000 z=00002207 bd=0000311040 bp=0000318609 dr=0000357684                                                
race: pump_ticks_run=510430 sof_isr=510651
usb-sof-2ap: sof_streaming=354031 got=329501 miss_avail=1327 miss_unavail=23203 hw_uctr s=0000000497 u=0000523862 t=0000035510 e=0000128461 p=0000064230 d=0000006596 c=0000024426 o=0000000000                   
navail=24706
usb-audio-fix: fb_done=347926
usb-audio-okx: rx_bytes_total=63284548 rx_short_packets=5089
wdt: USB_TIMER max_stale_ms=0 deadline_ms=100 enabled=1
wdt: USB_TASK max_stale_ms=0 deadline_ms=250 enabled=1
wdt: BTSTACK max_stale_ms=0 deadline_ms=1000 enabled=1
wdt: MEDIA max_stale_ms=0 deadline_ms=500 enabled=1
usb-audio: streaming rate=48000Hz ch=2 bits=16 measuredatr pc0=100036f3 b0=00037063 pc1=100036bd b1=00024681 pc2=10003713 b2=00022356                                                
=191844 B/s (207232 bytes / 1080ms)
usb-pump: packets=330581 log_drops=348293 report_dt_us=1080325
usb-pump-race: pump_ticks_rdrn c=00006365 s=00000000 z=00002207 bd=0000311680 bp=0000319358 dr=0000358438                                                
un=511510 sof_isr=511731
usb-sof-2ap: sof_streaming=355111 got=330580 miss_avail=1327 miss_unavail=23204 hw_unavail=24707
usb-ctr s=0000000498 u=0000524920 t=0000035604 e=0000128858 p=0000064429 d=0000006617 c=0000024499 o=0000000000                   
audio-fix: fb_done=349006
usb-audio-okx: rx_bytes_total=63491972 rx_short_packets=5105
usb-pump-logring: backlog_hwm=8192
wdt: USB_TIMER max_stale_ms=0 deadline_ms=100 enabled=1
wdt: USB_TASK max_stale_ms=0 deadline_ms=250 enabled=1
wdt: BTSTACK max_stale_ms=0 deadline_ms=1000 enabled=1
wdt: MEDIA max_stale_ms=0 deadline_ms=500 enabled=1
usb-audio: streaming rate=48000Hz ch=2 bits=16 measured=191979 B/s (215492 bytes / 1122ms)
usb-pump: packets=331702 log_drops=349139 report_dt_us=1122362
usb-pump-race: pump_ticks_run=512631 sof_isr=512854
usb-sof-2ap: sof_streaming=356234 got=331702 miss_avail=1327 miss_unavail=23205 hw_uatr pc0=100036f3 b0=00037161 pc1=100036bd b1=00024745 pc2=10003713 b2=00022418                                                
navail=24708
usb-audio-fix: fb_done=350127
usb-audio-okx: rx_bytes_total=63707272 rx_short_packets=5122
wdt: USB_TIMER max_stdrn c=00006370 s=00000000 z=00002207 bd=0000312576 bp=0000319980 dr=0000359320                                                
ale_ms=0 deadline_ms=100 enabled=1
wdt: USB_TASK max_stale_ms=0 deadline_ms=250 enabled=1
wdt: BTSTACK max_stale_ms=0 deadlinectr s=0000000499 u=0000526167 t=0000035714 e=0000129325 p=0000064662 d=0000006645 c=0000024581 o=0000000000                   
_ms=1000 enabled=1
wdt: MEDIA max_stale_ms=0 deadline_ms=500 enabled=1
usb-audio: streaming rate=48000Hz ch=2 bits=16 measured=192085 B/s (208576 bytes / 1085ms)
usb-pump: packets=332788 log_drops=350021 report_dt_us=1085850
usb-pump-race: pump_ticks_run=513717 sof_isr=513940
usb-sof-2ap: sof_streaming=357320 got=332788 miss_avail=1327 miss_unavail=23205 hw_unavail=24708
usb-atr pc0=100036f3 b0=00037259 pc1=100036bd b1=00024809 pc2=10003713 b2=00022480                                                
audio-fix: fb_done=351213
usb-audio-okx: rx_bytes_total=63915848 rx_short_packets=5138
usb-pump-logring: backlog_hwm=8192
wdtdrn c=00006374 s=00000000 z=00002207 bd=0000313216 bp=0000320868 dr=0000359936                                                
: USB_TIMER max_stale_ms=0 deadline_ms=100 enabled=1
wdt: USB_TASK max_stale_ms=0 deadline_ms=250 enabled=1
wdt: BTSTACK max_sctr s=0000000500 u=0000527236 t=0000035809 e=0000129726 p=0000064863 d=0000006666 c=0000024655 o=0000000000                   
tale_ms=0 deadline_ms=1000 enabled=1
wdt: MEDIA max_stale_ms=0 deadline_ms=500 enabled=1
usb-audio: streaming rate=48000Hz ch=2 bits=16 measured=191779 B/s (205892 bytes / 1073ms)
usb-pump: packets=333860 log_drops=350867 report_dt_us=1073585
usb-pump-race: pump_ticks_run=514789 sof_isr=515013
usb-sof-2ap: sof_streaming=358393 got=333860 miss_avail=1327 miss_unavail=23206 hw_uatr pc0=100036f3 b0=00037357 pc1=100036bd b1=00024873 pc2=10003713 b2=00022542                                                
navail=24709
usb-audio-fix: fb_done=352286
usb-audio-okx: rx_bytes_total=64121932 rx_short_packets=5155
wdt: USB_TIMER max_stdrn c=00006378 s=00000000 z=00002207 bd=0000313856 bp=0000321526 dr=0000360782                                                
ale_ms=0 deadline_ms=100 enabled=1
wdt: USB_TASK max_stale_ms=0 deadline_ms=250 enabled=1
wdt: BTSTACK max_stale_ms=0 deadlinectr s=0000000501 u=0000528308 t=0000035904 e=0000130128 p=0000065064 d=0000006688 c=0000024728 o=0000000000                   
_ms=1000 enabled=1
wdt: MEDIA max_stale_ms=0 deadline_ms=500 enabled=1
usb-audio: streaming rate=48000Hz ch=2 bits=16 measured=192030 B/s (195324 bytes / 1017ms)
usb-pump: packets=334878 log_drops=351749 report_dt_us=1017275
usb-pump-race: pump_ticks_run=515807 sof_isr=516031
usb-sof-2ap: sof_streaming=359411 got=334878 miss_avail=1327 miss_unavail=23206 hw_unavail=24709
usb-atr pc0=100036f3 b0=00037455 pc1=100036bd b1=00024937 pc2=10003713 b2=00022604                                                
audio-fix: fb_done=353303
usb-audio-okx: rx_bytes_total=64317256 rx_short_packets=5170
usb-pump-logring: backlog_hwm=8192
wdtdrn c=00006382 s=00000000 z=00002207 bd=0000314496 bp=0000322148 dr=0000361664                                                
: USB_TIMER max_stale_ms=0 deadline_ms=100 enabled=1
wdt: USB_TASK max_stale_ms=0 deadline_ms=250 enabled=1
wdt: BTSTACK max_sctr s=0000000502 u=0000529390 t=0000036000 e=0000130534 p=0000065267 d=0000006710 c=0000024802 o=0000000000                   
tale_ms=0 deadline_ms=1000 enabled=1
wdt: MEDIA max_stale_ms=0 deadline_ms=500 enabled=1
usb-audio: streaming rate=48000Hz ch=2 bits=16 measured=192110 B/s (202236 bytes / 1052ms)
usb-pump: packets=335930 log_drops=352595 report_dt_us=1052589
usb-pump-race: pump_ticks_run=516859 sof_isr=517083
usb-sof-2ap: sof_streaming=360463 got=335930 miss_avail=1327 miss_unavail=23206 hw_uatr pc0=100036f3 b0=00037553 pc1=100036bd b1=00025001 pc2=10003713 b2=00022666                                                
navail=24709
usb-audio-fix: fb_done=354355
usb-audio-okx: rx_bytes_total=64519300 rx_short_packets=5185
wdt: USB_TIMER max_stdrn c=00006386 s=00000000 z=00002207 bd=0000315136 bp=0000322806 dr=0000362510                                                
ale_ms=0 deadline_ms=100 enabled=1
wdt: USB_TASK max_stale_ms=0 deadline_ms=250 enabled=1
wdt: BTSTACK max_stale_ms=0 deadlinectr s=0000000503 u=0000530443 t=0000036093 e=0000130929 p=0000065464 d=0000006733 c=0000024872 o=0000000000                   
_ms=1000 enabled=1
wdt: MEDIA max_stale_ms=0 deadline_ms=500 enabled=1
usb-audio: streaming rate=48000Hz ch=2 bits=16 measured=192008 B/s (214144 bytes / 1115ms)
usb-pump: packets=337046 log_drops=353477 report_dt_us=1115405
usb-pump-race: pump_ticks_run=517975 sof_isr=518199
usb-sof-2ap: sof_streaming=361579 got=337046 miss_avail=1327 miss_unavail=23206 hw_unavail=24709
usb-atr pc0=100036f3 b0=00037651 pc1=100036bd b1=00025065 pc2=10003713 b2=00022728                                                
audio-fix: fb_done=355471
usb-audio-okx: rx_bytes_total=64733636 rx_short_packets=5201
usb-pump-logring: backlog_hwm=8192
wdtdrn c=00006390 s=00000000 z=00002207 bd=0000315776 bp=0000323428 dr=0000363392                                                
: USB_TIMER max_stale_ms=0 deadline_ms=100 enabled=1
wdt: USB_TASK max_stale_ms=0 deadline_ms=250 enabled=1
wdt: BTSTACK max_sctr s=0000000504 u=0000531511 t=0000036187 e=0000131330 p=0000065665 d=0000006758 c=0000024941 o=0000000000                   
tale_ms=0 deadline_ms=1000 enabled=1
wdt: MEDIA max_stale_ms=0 deadline_ms=500 enabled=1
usb-audio: streaming rate=48000Hz ch=2 bits=16 measured=191965 B/s (201660 bytes / 1050ms)
usb-pump: packets=338095 log_drops=354323 report_dt_us=1050371
usb-pump-race: pump_ticks_run=519024 sof_isr=519249
usb-sof-2ap: sof_streaming=362629 got=338095 miss_avail=1327 miss_unavail=23207 hw_uatr pc0=100036f3 b0=00037749 pc1=100036bd b1=00025129 pc2=10003713 b2=00022790                                                
navail=24710
usb-audio-fix: fb_done=356520
usb-audio-okx: rx_bytes_total=64935104 rx_short_packets=5216
wdt: USB_TIMER max_stdrn c=00006394 s=00000000 z=00002207 bd=0000316416 bp=0000324086 dr=0000364238                                                
ale_ms=0 deadline_ms=100 enabled=1
wdt: USB_TASK max_stale_ms=0 deadline_ms=250 enabled=1
wdt: BTSTACK max_stale_ms=0 deadlinectr s=0000000505 u=0000532532 t=0000036277 e=0000131712 p=0000065856 d=0000006780 c=0000025009 o=0000000000                   
_ms=1000 enabled=1
wdt: MEDIA max_stale_ms=0 deadline_ms=500 enabled=1
usb-audio: streaming rate=48000Hz ch=2 bits=16 measured=191750 B/s (208960 bytes / 1089ms)
usb-pump: packets=339183 log_drops=355204 report_dt_us=1089761
usb-pump-race: pump_ticks_run=520112 sof_isr=520339
usb-sof-2ap: sof_streaming=363719 got=339183 miss_avail=1327 miss_unavail=23209 hw_unavail=24712
usb-atr pc0=100036f3 b0=00037847 pc1=100036bd b1=00025193 pc2=10003713 b2=00022852                                                
audio-fix: fb_done=357608
usb-audio-okx: rx_bytes_total=65144064 rx_short_packets=5232
usb-pump-logring: backlog_hwm=8192
wdtdrn c=00006398 s=00000000 z=00002207 bd=0000317056 bp=0000324708 dr=0000365119                                                
: USB_TIMER max_stale_ms=0 deadline_ms=100 enabled=1
wdt: USB_TASK max_stale_ms=0 deadline_ms=250 enabled=1
wdt: BTSTACK max_sctr s=0000000506 u=0000533610 t=0000036372 e=0000132117 p=0000066058 d=0000006805 c=0000025079 o=0000000000                   
tale_ms=0 deadline_ms=1000 enabled=1
wdt: MEDIA max_stale_ms=0 deadline_ms=500 enabled=1
usb-audio: streaming rate=48000Hz ch=2 bits=16 measured=191576 B/s (195328 bytes / 1019ms)
usb-pump: packets=340200 log_drops=356049 report_dt_us=1019583
usb-pump-race: pump_ticks_run=521129 sof_isr=521358
usb-sof-2ap: sof_streaming=364738 got=340200 miss_avail=1327 miss_unavail=23211 hw_uatr pc0=100036f3 b0=00037945 pc1=100036bd b1=00025257 pc2=10003713 b2=00022914                                                
navail=24714
usb-audio-fix: fb_done=358626
usb-audio-okx: rx_bytes_total=65339584 rx_short_packets=5248
wdt: USB_TIMER max_stdrn c=00006402 s=00000000 z=00002207 bd=0000317696 bp=0000325366 dr=0000365965                                                
ale_ms=0 deadline_ms=100 enabled=1
wdt: USB_TASK max_stale_ms=0 deadline_ms=250 enabled=1
wdt: BTSTACK max_stale_ms=0 deadlinectr s=0000000507 u=0000534681 t=0000036466 e=0000132518 p=0000066259 d=0000006831 c=0000025147 o=0000000000                   
_ms=1000 enabled=1
wdt: MEDIA max_stale_ms=0 deadline_ms=500 enabled=1
usb-audio: streaming rate=48000Hz ch=2 bits=16 measured=191989 B/s (238732 bytes / 1243ms)
usb-pump: packets=341443 log_drops=356930 report_dt_us=1243470
usb-pump-race: pump_ticks_run=522372 sof_isr=522602
usb-sof-2ap: sof_streaming=365982 got=341443 miss_avail=1327 miss_unavail=23212 hw_unavail=24715
usb-atr pc0=100036f3 b0=00038043 pc1=100036bd b1=00025321 pc2=10003713 b2=00022976                                                
audio-fix: fb_done=359868
usb-audio-okx: rx_bytes_total=65578124 rx_short_packets=5267
usb-pump-logring: backlog_hwm=8192
a2ddrn c=00006406 s=00000000 z=00002207 bd=0000318336 bp=0000325988 dr=0000366847                                                
p: codec=LDAC bitrate=990000 fill=1676/4608 ovr_frames=0 und=1465 report_dt_us=1243470
frame 6361: render=239752us blit=22435usctr s=0000000508 u=0000535759 t=0000036562 e=0000132922 p=0000066461 d=0000006851 c=0000025223 o=0000000000                   
 total=262236us
wdt: USB_TIMER max_stale_ms=0 deadline_ms=100 enabled=1
wdt: USB_TASK max_stale_ms=0 deadline_ms=250 enabled=1
wdt: BTSTACK max_stale_ms=0 deadline_ms=1000 enabled=1
wdt: MEDIA max_stale_ms=0 deadline_ms=500 enabled=1
usb-audio: streaming rate=48000Hz ch=2 bits=16 measured=191535 B/s (195708 bytes / 1021ms)
usb-pump: packets=342463 log_drops=357684 report_dt_uatr pc0=100036f3 b0=00038141 pc1=100036bd b1=00025385 pc2=10003713 b2=00023038                                                
s=1021901
usb-pump-race: pump_ticks_run=523392 sof_isr=523624
usb-sof-2ap: sof_streaming=367004 got=342463 miss_avail=1327 misdrn c=00006410 s=00000000 z=00002207 bd=0000318976 bp=0000326646 dr=0000367692                                                
s_unavail=23214 hw_unavail=24717
usb-audio-fix: fb_done=360888
usb-audio-okx: rx_bytes_total=65774024 rx_short_packets=5282
uctr s=0000000509 u=0000536795 t=0000036654 e=0000133310 p=0000066655 d=0000006871 c=0000025295 o=0000000000                   
sb-pump-logring: backlog_hwm=8192
a2dp: codec=LDAC bitrate=990000 fill=1992/4608 ovr_frames=0 und=1465 report_dt_us=1021901
wdt: USB_TIMER max_stale_ms=0 deadline_ms=100 enabled=1
wdt: USB_TASK max_stale_ms=0 deadline_ms=250 enabled=1
wdt: BTSTACK max_atr pc0=100036f3 b0=00038239 pc1=100036bd b1=00025449 pc2=10003713 b2=00023100                                                
stale_ms=0 deadline_ms=1000 enabled=1
wdt: MEDIA max_stale_ms=0 deadline_ms=500 enabled=1
usb-audio: streaming rate=48000Hz chdrn c=00006414 s=00000000 z=00002207 bd=0000319488 bp=0000327268 dr=0000368573                                                
=2 bits=16 measured=191910 B/s (203008 bytes / 1057ms)
usb-pump: packets=343519 log_drops=358438 report_dt_us=1057680
usb-pumpctr s=0000000510 u=0000537867 t=0000036749 e=0000133712 p=0000066856 d=0000006893 c=0000025368 o=0000000000                   
-race: pump_ticks_run=524448 sof_isr=524681
usb-sof-2ap: sof_streaming=368061 got=343519 miss_avail=1327 miss_unavail=23215 hw_unavail=24718
usb-audio-fix: fb_done=361945
usb-audio-okx: rx_bytes_total=65977032 rx_short_packets=5298
wdt: USB_TIMER max_stale_ms=0 deadline_ms=100 enabled=1
wdt: USB_TASK max_stale_ms=0 deadline_ms=250 enabled=1
wdt: BTSTACK max_stale_ms=0 deadlinatr pc0=100036f3 b0=00038337 pc1=100036bd b1=00025513 pc2=10003713 b2=00023100                                                
e_ms=1000 enabled=1
wdt: MEDIA max_stale_ms=0 deadline_ms=500 enabled=1
usb-audio: streaming rate=48000Hz ch=2 bits=16 measuredrn c=00006418 s=00000000 z=00002207 bd=0000320128 bp=0000327797 dr=0000369548                                                
d=192134 B/s (239500 bytes / 1246ms)
usb-pump: packets=344766 log_drops=359320 report_dt_us=1246543
usb-pump-race: pump_ticks_ctr s=0000000511 u=0000538868 t=0000036838 e=0000134087 p=0000067043 d=0000006912 c=0000025438 o=0000000000                   
run=525695 sof_isr=525928
usb-sof-2ap: sof_streaming=369308 got=344766 miss_avail=1327 miss_unavail=23215 hw_unavail=24718
usb-audio-fix: fb_done=363191
usb-audio-okx: rx_bytes_total=66216340 rx_short_packets=5317
usb-pump-logring: backlog_hwm=8192
a2dp: codec=LDAC bitrate=990000 fill=1940/4608 ovr_frames=0 und=1465 report_dt_us=1246543
a2dp: enc_max_us=1810 pkt_sent=64662 pkatr pc0=100036f3 b0=00038435 pc1=100036bd b1=00025577 pc2=10003713 b2=00023162                                                
t_fail=0 misaligned=0
a2dp: tick_count=35714 worst_tick_interval_us=14467 enc_frames_total=129325
wdt: USB_TIMER max_stale_ms=drn c=00006422 s=00000000 z=00002207 bd=0000320768 bp=0000328476 dr=0000370429                                                
0 deadline_ms=100 enabled=1
wdt: USB_TASK max_stale_ms=0 deadline_ms=250 enabled=1
wdt: BTSTACK max_stale_ms=0 deadline_ms=100ctr s=0000000512 u=0000539955 t=0000036935 e=0000134494 p=0000067247 d=0000006932 c=0000025515 o=0000000000                   
0 enabled=1
wdt: MEDIA max_stale_ms=0 deadline_ms=500 enabled=1
usb-audio: streaming rate=48000Hz ch=2 bits=16 measured=191951 B/s (205116 bytes / 1068ms)
usb-pump: packets=345835 log_drops=359936 report_dt_us=1068722
usb-pump-race: pump_ticks_run=526764 sof_isr=526997
usb-sof-2ap: sof_streaming=370377 got=345835 miss_avail=1327 miss_unavail=23215 hw_unavail=24718
usb-audio-fatr pc0=100036f3 b0=00038533 pc1=100036bd b1=00025641 pc2=10003713 b2=00023162                                                
ix: fb_done=364261
usb-audio-okx: rx_bytes_total=66421844 rx_short_packets=5333
usb-pump-logring: backlog_hwm=8192
wdt: USB_Tdrn c=00006426 s=00000000 z=00002207 bd=0000321408 bp=0000329072 dr=0000371337                                                
IMER max_stale_ms=0 deadline_ms=100 enabled=1
wdt: USB_TASK max_stale_ms=0 deadline_ms=250 enabled=1
wdt: BTSTACK max_stale_msctr s=0000000513 u=0000540976 t=0000037025 e=0000134876 p=0000067438 d=0000006954 c=0000025583 o=0000000000                   
=0 deadline_ms=1000 enabled=1
wdt: MEDIA max_stale_ms=0 deadline_ms=500 enabled=1
usb-audio: streaming rate=48000Hz ch=2 bits=16 measured=192060 B/s (205888 bytes / 1071ms)
usb-pump: packets=346907 log_drops=360782 report_dt_us=1071969
usb-pump-race: pump_ticks_run=527836 sof_isr=528069
usb-sof-2ap: sof_streaming=371449 got=346907 miss_avail=1327 miss_unavail=23215 hw_unavail=atr pc0=100036f3 b0=00038631 pc1=100036bd b1=00025705 pc2=10003713 b2=00023224                                                
24718
usb-audio-fix: fb_done=365332
usb-audio-okx: rx_bytes_total=66627536 rx_short_packets=5348
wdt: USB_TIMER max_stale_ms=drn c=00006430 s=00000000 z=00002207 bd=0000322048 bp=0000329694 dr=0000372219                                                
0 deadline_ms=100 enabled=1
wdt: USB_TASK max_stale_ms=0 deadline_ms=250 enabled=1
wdt: BTSTACK max_stale_ms=0 deadline_ms=100ctr s=0000000514 u=0000542034 t=0000037119 e=0000135273 p=0000067636 d=0000006976 c=0000025655 o=0000000000                   
0 enabled=1
wdt: MEDIA max_stale_ms=0 deadline_ms=500 enabled=1
usb-audio: streaming rate=48000Hz ch=2 bits=16 measured=192061 B/s (207996 bytes / 1082ms)
usb-pump: packets=347990 log_drops=361664 report_dt_us=1082968
usb-pump-race: pump_ticks_run=528919 sof_isr=529152
usb-sof-2ap: sof_streaming=372532 got=347990 miss_avail=1327 miss_unavail=23215 hw_unavail=24718
usb-audio-fatr pc0=100036f3 b0=00038729 pc1=100036bd b1=00025769 pc2=10003713 b2=00023286                                                
ix: fb_done=366415
usb-audio-okx: rx_bytes_total=66835532 rx_short_packets=5363
usb-pump-logring: backlog_hwm=8192
wdt: USB_Tdrn c=00006434 s=00000000 z=00002207 bd=0000322688 bp=0000330352 dr=0000373064                                                
IMER max_stale_ms=0 deadline_ms=100 enabled=1
wdt: USB_TASK max_stale_ms=0 deadline_ms=250 enabled=1
wdt: BTSTACK max_stale_msctr s=0000000515 u=0000543096 t=0000037213 e=0000135671 p=0000067835 d=0000006998 c=0000025727 o=0000000000                   
=0 deadline_ms=1000 enabled=1
wdt: MEDIA max_stale_ms=0 deadline_ms=500 enabled=1
usb-audio: streaming rate=48000Hz ch=2 bits=16 measured=192108 B/s (200312 bytes / 1042ms)
usb-pump: packets=349032 log_drops=362510 report_dt_us=1042573
usb-pump-race: pump_ticks_run=529961 sof_isr=530194
usb-sof-2ap: sof_streaming=373574 got=349032 miss_avail=1327 miss_unavail=23215 hw_unavail=atr pc0=100036f3 b0=00038827 pc1=100036bd b1=00025833 pc2=10003713 b2=00023348                                                
24718
usb-audio-fix: fb_done=367457
usb-audio-okx: rx_bytes_total=67035652 rx_short_packets=5377
wdt: USB_TIMER max_stale_ms=drn c=00006438 s=00000000 z=00002207 bd=0000323328 bp=0000330974 dr=0000373945                                                
0 deadline_ms=100 enabled=1
wdt: USB_TASK max_stale_ms=0 deadline_ms=250 enabled=1
wdt: BTSTACK max_stale_ms=0 deadline_ms=100ctr s=0000000516 u=0000544181 t=0000037309 e=0000136078 p=0000068039 d=0000007022 c=0000025799 o=0000000000                   
0 enabled=1
wdt: MEDIA max_stale_ms=0 deadline_ms=500 enabled=1
usb-audio: streaming rate=48000Hz ch=2 bits=16 measured=191900 B/s (200888 bytes / 1046ms)
usb-pump: packets=350078 log_drops=363392 report_dt_us=1046888
usb-pump-race: pump_ticks_run=531007 sof_isr=531241
usb-sof-2ap: sof_streaming=374621 got=350078 miss_avail=1327 miss_unavail=23216 hw_unavail=24719
usb-audio-fatr pc0=100036f3 b0=00038925 pc1=100036bd b1=00025897 pc2=10003713 b2=00023410                                                
ix: fb_done=368513
usb-audio-okx: rx_bytes_total=67238460 rx_short_packets=5391
usb-pump-logring: backlog_hwm=8192
wdt: USB_Tdrn c=00006442 s=00000000 z=00002207 bd=0000323968 bp=0000331632 dr=0000374790                                                
IMER max_stale_ms=0 deadline_ms=100 enabled=1
wdt: USB_TASK max_stale_ms=0 deadline_ms=250 enabled=1
wdt: BTSTACK max_stale_msctr s=0000000517 u=0000545229 t=0000037402 e=0000136471 p=0000068235 d=0000007043 c=0000025871 o=0000000000                   
=0 deadline_ms=1000 enabled=1
wdt: MEDIA max_stale_ms=0 deadline_ms=500 enabled=1
usb-audio: streaming rate=48000Hz ch=2 bits=16 measured=191819 B/s (201660 bytes / 1051ms)
usb-pump: packets=351128 log_drops=364238 report_dt_us=1051241
usb-pump-race: pump_ticks_run=532057 sof_isr=532292
usb-sof-2ap: sof_streaming=375672 got=351128 miss_avail=1327 miss_unavail=23217 hw_unavail=24720
usb-audio-fix: fb_done=369553
usb-audio-okx: rx_bytes_total=67438392 rx_short_packets=5406
wdt: USB_TIMER max_stale_ms=0 deadline_ms=100 enabled=1
wdt: USB_TASK max_stale_ms=0 deadline_ms=250 enabled=1
wdt: BTSTACK max_stale_ms=0 deadline_ms=100atr pc0=100036f3 b0=00039121 pc1=100036bd b1=00026025 pc2=10003713 b2=00023534                                                
0 enabled=1
wdt: MEDIA max_stale_ms=0 deadline_ms=500 enabled=1
usb-audio: streaming rate=48000Hz ch=2 bits=16 measured=192006drn c=00006447 s=00000000 z=00002207 bd=0000324864 bp=0000333019 dr=0000376187                                                
 B/s (207232 bytes / 1079ms)
usb-pump: packets=352208 log_drops=365119 report_dt_us=1079454
usb-pump-race: pump_ticks_run=5331ctr s=0000000518 u=0000546240 t=0000037491 e=0000136850 p=0000068425 d=0000007066 c=0000025937 o=0000000000                   
37 sof_isr=533372
usb-sof-2ap: sof_streaming=376752 got=352208 miss_avail=1327 miss_unavail=23217 hw_unavail=24720
usb-audio-fix: fb_done=370633
usb-audio-okx: rx_bytes_total=67645624 rx_short_packets=5422
usb-pump-logring: backlog_hwm=8192
wdt: USB_TIMER max_stale_ms=0 deadline_ms=100 enabled=1
wdt: USB_TASK max_stale_ms=0 deadline_ms=250 enabled=1
wdt: BTSTACK max_stale_msatr pc0=100036f3 b0=00039219 pc1=100036bd b1=00026089 pc2=10003713 b2=00023596                                                
=0 deadline_ms=1000 enabled=1
wdt: MEDIA max_stale_ms=0 deadline_ms=500 enabled=1
usb-audio: streaming rate=48000Hz ch=2 bits=drn c=00006451 s=00000000 z=00002207 bd=0000325504 bp=0000333659 dr=0000377050                                                
16 measured=191922 B/s (205504 bytes / 1070ms)
usb-pump: packets=353277 log_drops=365965 report_dt_us=1070611
usb-pump-race: pctr s=0000000519 u=0000547314 t=0000037586 e=0000137252 p=0000068626 d=0000007088 c=0000026010 o=0000000000                   
ump_ticks_run=534206 sof_isr=534442
usb-sof-2ap: sof_streaming=377822 got=353277 miss_avail=1327 miss_unavail=23218 hw_unavail=24721
usb-audio-fix: fb_done=371703
usb-audio-okx: rx_bytes_total=67851128 rx_short_packets=5438
wdt: USB_TIMER max_stale_ms=0 deadline_ms=100 enabled=1
wdt: USB_TASK max_stale_ms=0 deadline_ms=250 enabled=1
wdt: BTSTACK max_stale_ms=0 deadline_ms=100atr pc0=100036f3 b0=00039317 pc1=100036bd b1=00026153 pc2=10003713 b2=00023658                                                
0 enabled=1
wdt: MEDIA max_stale_ms=0 deadline_ms=500 enabled=1
usb-audio: streaming rate=48000Hz ch=2 bits=16 measured=191935drn c=00006455 s=00000000 z=00002207 bd=0000326144 bp=0000334299 dr=0000377914                                                
 B/s (206848 bytes / 1077ms)
usb-pump: packets=354354 log_drops=366847 report_dt_us=1077707
usb-pump-race: pump_ticks_run=5352ctr s=0000000520 u=0000548394 t=0000037682 e=0000137657 p=0000068828 d=0000007109 c=0000026085 o=0000000000                   
83 sof_isr=535520
usb-sof-2ap: sof_streaming=378900 got=354354 miss_avail=1327 miss_unavail=23219 hw_unavail=24722
usb-audio-fix: fb_done=372779
usb-audio-okx: rx_bytes_total=68057784 rx_short_packets=5454
usb-pump-logring: backlog_hwm=8192
wdt: USB_TIMER max_stale_ms=0 deadline_ms=100 enabled=1
wdt: USB_TASK max_stale_ms=0 deadline_ms=250 enabled=1
wdt: BTSTACK max_stale_msatr pc0=100036f3 b0=00039415 pc1=100036bd b1=00026217 pc2=10003713 b2=00023720                                                
=0 deadline_ms=1000 enabled=1
wdt: MEDIA max_stale_ms=0 deadline_ms=500 enabled=1
usb-audio: streaming rate=48000Hz ch=2 bits=drn c=00006459 s=00000000 z=00002207 bd=0000326784 bp=0000334939 dr=0000378778                                                
16 measured=191853 B/s (198784 bytes / 1036ms)
usb-pump: packets=355389 log_drops=367692 report_dt_us=1036112
usb-pump-race: pctr s=0000000521 u=0000549431 t=0000037774 e=0000138046 p=0000069023 d=0000007130 c=0000026156 o=0000000000                   
ump_ticks_run=536318 sof_isr=536556
usb-sof-2ap: sof_streaming=379936 got=355389 miss_avail=1327 miss_unavail=23220 hw_unavail=24723
usb-audio-fix: fb_done=373814
usb-audio-okx: rx_bytes_total=68256568 rx_short_packets=5470
wdt: USB_TIMER max_stale_ms=0 deadline_ms=100 enabled=1
wdt: USB_TASK max_stale_ms=0 deadline_ms=250 enabled=1
wdt: BTSTACK max_stale_ms=0 deadline_ms=100atr pc0=100036f3 b0=00039513 pc1=100036bd b1=00026281 pc2=10003713 b2=00023782                                                
0 enabled=1
wdt: MEDIA max_stale_ms=0 deadline_ms=500 enabled=1
usb-audio: streaming rate=48000Hz ch=2 bits=16 measured=191914drn c=00006463 s=00000000 z=00002207 bd=0000327424 bp=0000335579 dr=0000379641                                                
 B/s (205696 bytes / 1071ms)
usb-pump: packets=356460 log_drops=368573 report_dt_us=1071827
usb-pump-race: pump_ticks_run=5373ctr s=0000000522 u=0000550511 t=0000037870 e=0000138450 p=0000069225 d=0000007151 c=0000026231 o=0000000000                   
89 sof_isr=537628
usb-sof-2ap: sof_streaming=381008 got=356460 miss_avail=1327 miss_unavail=23221 hw_unavail=24724
wdt: USB_TIMER max_stale_ms=0 deadline_ms=100 enabled=1
wdt: USB_TASK max_stale_ms=0 deadline_ms=250 enabled=1
wdt: BTSTACK max_stale_ms=0 deadline_ms=1000 enabled=1
wdt: MEDIA max_stale_ms=0 deadline_ms=500 enabled=1
usb-audio: streaming rate=48000Hz ch=2 bits=1atr pc0=100036f3 b0=00039611 pc1=100036bd b1=00026345 pc2=10003713 b2=00023844                                                
6 measured=191720 B/s (192064 bytes / 1001ms)
usb-pump: packets=357460 log_drops=369548 report_dt_us=1001810
usb-pump-race: pudrn c=00006467 s=00000000 z=00002207 bd=0000328064 bp=0000336219 dr=0000380505                                                
mp_ticks_run=538389 sof_isr=538630
usb-sof-2ap: sof_streaming=382010 got=357460 miss_avail=1327 miss_unavail=23223 hw_unavail=2ctr s=0000000523 u=0000551590 t=0000037965 e=0000138855 p=0000069427 d=0000007176 c=0000026301 o=0000000000                   
4726
usb-audio-fix: fb_done=375885
usb-audio-okx: rx_bytes_total=68654328 rx_short_packets=5502
frame 6421: render=247608us blit=20629us total=268288us
wdt: USB_TIMER max_stale_ms=0 deadline_ms=100 enabled=1
wdt: USB_TASK max_stale_ms=0 deadline_ms=250 enabled=1
wdt: BTSTACK max_stale_ms=0 deadline_ms=1000 enabled=1
wdt: MEDIA max_stale_ms=0 deadline_ms=500 enabled=1
usb-audio: streaming rate=48000Hz ch=2 bits=16 measured=191631 B/s (208192 bytes / 1086ms)
usb-pump: packets=358544 log_drops=370429 report_dt_us=1086402
usb-pump-race: pump_ticks_run=539473 sof_isr=539716
usb-sof-2ap: sof_streaming=383096 got=358544 miss_avaatr pc0=100036f3 b0=00039709 pc1=100036bd b1=00026409 pc2=10003713 b2=00023906                                                
il=1327 miss_unavail=23225 hw_unavail=24728
usb-audio-fix: fb_done=376969
usb-pump-logring: backlog_hwm=8192
wdt: USB_TIMER mdrn c=00006472 s=00000000 z=00002207 bd=0000328960 bp=0000337139 dr=0000381089                                                
ax_stale_ms=0 deadline_ms=100 enabled=1
wdt: USB_TASK max_stale_ms=0 deadline_ms=250 enabled=1
wdt: BTSTACK max_stale_ms=0 deactr s=0000000524 u=0000552844 t=0000038075 e=0000139324 p=0000069662 d=0000007205 c=0000026382 o=0000000000                   
dline_ms=1000 enabled=1
wdt: MEDIA max_stale_ms=0 deadline_ms=500 enabled=1
usb-audio: streaming rate=48000Hz ch=2 bits=16 measured=191845 B/s (195712 bytes / 1020ms)
usb-pump: packets=359563 log_drops=371337 report_dt_us=1020154
usb-pump-race: pump_ticks_run=540492 sof_isr=540736
usb-sof-2ap: sof_streaming=384116 got=359563 miss_avail=1327 miss_unavail=23226 hw_unavail=24729atr pc0=100036f3 b0=00039807 pc1=100036bd b1=00026473 pc2=10003713 b2=00023968                                                

usb-audio-fix: fb_done=377989
usb-audio-okx: rx_bytes_total=69058424 rx_short_packets=5534
wdt: USB_TIMER max_stale_ms=0 deaddrn c=00006476 s=00000000 z=00002207 bd=0000329600 bp=0000337779 dr=0000381952                                                
line_ms=100 enabled=1
wdt: USB_TASK max_stale_ms=0 deadline_ms=250 enabled=1
wdt: BTSTACK max_stale_ms=0 deadline_ms=1000 enabctr s=0000000525 u=0000553910 t=0000038170 e=0000139724 p=0000069862 d=0000007226 c=0000026456 o=0000000000                   
led=1
wdt: MEDIA max_stale_ms=0 deadline_ms=500 enabled=1
usb-audio: streaming rate=48000Hz ch=2 bits=16 measured=192156 B/s (203584 bytes / 1059ms)
usb-pump: packets=360623 log_drops=372219 report_dt_us=1059457
usb-pump-race: pump_ticks_run=541552 sof_isr=541796
usb-sof-2ap: sof_streaming=385176 got=360623 miss_avail=1327 miss_unavail=23226 hw_unavail=24729
usb-audio-fix: fbatr pc0=100036f3 b0=00039905 pc1=100036bd b1=00026537 pc2=10003713 b2=00024030                                                
_done=379048
usb-audio-okx: rx_bytes_total=69261816 rx_short_packets=5550
usb-pump-logring: backlog_hwm=8192
wdt: USB_TIMER mdrn c=00006480 s=00000000 z=00002207 bd=0000330240 bp=0000338419 dr=0000382815                                                
ax_stale_ms=0 deadline_ms=100 enabled=1
wdt: USB_TASK max_stale_ms=0 deadline_ms=250 enabled=1
wdt: BTSTACK max_stale_ms=0 deactr s=0000000526 u=0000554954 t=0000038262 e=0000140115 p=0000070057 d=0000007249 c=0000026525 o=0000000000                   
dline_ms=1000 enabled=1
wdt: MEDIA max_stale_ms=0 deadline_ms=500 enabled=1
usb-audio: streaming rate=48000Hz ch=2 bits=16 measured=191895 B/s (203776 bytes / 1061ms)
usb-pump: packets=361684 log_drops=373064 report_dt_us=1061936
usb-pump-race: pump_ticks_run=542613 sof_isr=542858
usb-sof-2ap: sof_streaming=386238 got=361684 miss_avail=1327 miss_unavail=23227 hw_unavail=24730
usb-audio-fix: fb_done=380109
usb-audio-okx: rx_bytes_total=69465592 rx_short_packets=5566
wdt: USB_TIMER max_stale_ms=0 deadline_ms=100 enabled=1
wdt: USB_TASK max_stale_ms=0 deadline_ms=250 enabled=1
wdt: BTSTACK max_stale_ms=0 deadline_ms=1000 enabatr pc0=100036f3 b0=00040003 pc1=100036bd b1=00026601 pc2=10003713 b2=00024092                                                
led=1
wdt: MEDIA max_stale_ms=0 deadline_ms=500 enabled=1
usb-audio: streaming rate=48000Hz ch=2 bits=16 measured=191853 B/s (drn c=00006485 s=00000000 z=00002207 bd=0000331136 bp=0000339297 dr=0000383497                                                
208000 bytes / 1084ms)
usb-pump: packets=362767 log_drops=373945 report_dt_us=1084141
usb-pump-race: pump_ticks_run=543696 sofctr s=0000000527 u=0000556099 t=0000038363 e=0000140545 p=0000070272 d=0000007275 c=0000026600 o=0000000000                   
_isr=543942
usb-sof-2ap: sof_streaming=387322 got=362767 miss_avail=1327 miss_unavail=23228 hw_unavail=24731
usb-audio-fix: fb_done=381192
usb-audio-okx: rx_bytes_total=69673592 rx_short_packets=5582
usb-pump-logring: backlog_hwm=8192
wdt: USB_TIMER max_stale_ms=0 deadline_ms=100 enabled=1
wdt: USB_TASK max_stale_ms=0 deadline_ms=250 enabled=1
wdt: BTSTACK max_stale_ms=0 deaatr pc0=100036f3 b0=00040101 pc1=100036bd b1=00026665 pc2=10003713 b2=00024154                                                
dline_ms=1000 enabled=1
wdt: MEDIA max_stale_ms=0 deadline_ms=500 enabled=1
usb-audio: streaming rate=48000Hz ch=2 bits=16 meadrn c=00006489 s=00000000 z=00002207 bd=0000331776 bp=0000339937 dr=0000384361                                                
sured=191785 B/s (201088 bytes / 1048ms)
usb-pump: packets=363814 log_drops=374790 report_dt_us=1048510
usb-pump-race: pump_tictr s=0000000528 u=0000557152 t=0000038456 e=0000140939 p=0000070469 d=0000007297 c=0000026671 o=0000000000                   
cks_run=544744 sof_isr=544991
usb-sof-2ap: sof_streaming=388371 got=363815 miss_avail=1327 miss_unavail=23229 hw_unavail=24732
usb-audio-fix: fb_done=382240
usb-audio-okx: rx_bytes_total=69874872 rx_short_packets=5598
usb-audio: streaming rate=48000Hz ch=2 bits=16 measured=192031 B/s (194172 bytes / 1011ms)
usb-pump: packets=364826 log_drops=375671 report_dt_us=1011273
usb-puatr pc0=100036f3 b0=00040199 pc1=100036bd b1=00026729 pc2=10003713 b2=00024216                                                
mp-race: pump_ticks_run=545755 sof_isr=546002
usb-sof-2ap: sof_streaming=389382 got=364826 miss_avail=1327 miss_unavail=23229 hdrn c=00006493 s=00000000 z=00002207 bd=0000332416 bp=0000340577 dr=0000385225                                                
w_unavail=24732
usb-audio-fix: fb_done=383251
usb-audio-okx: rx_bytes_total=70069044 rx_short_packets=5613
usb-pump-logring: ctr s=0000000529 u=0000558242 t=0000038552 e=0000141348 p=0000070674 d=0000007322 c=0000026742 o=0000000000                   
backlog_hwm=8192
a2dp: codec=LDAC bitrate=990000 fill=1844/4608 ovr_frames=0 und=1465 report_dt_us=1011273
a2dp: enc_max_us=1810 pkt_sent=68425 pkt_fail=0 misaligned=0
a2dp: tick_count=37491 worst_tick_interval_us=14467 enc_frames_total=136850
a2dp: stop_credit=25937 stop_queue_full=10 stop_ring_empty=1465 stop_dwell=7066 fill_short_read=0
wdt: USB_TIMER max_stale_ms=0 deadlinatr pc0=100036f3 b0=00040297 pc1=100036bd b1=00026793 pc2=10003713 b2=00024278                                                
e_ms=100 enabled=1
wdt: USB_TASK max_stale_ms=0 deadline_ms=250 enabled=1
usb-audio: streaming rate=48000Hz ch=2 bits=16 measudrn c=00006497 s=00000000 z=00002207 bd=0000333056 bp=0000341217 dr=0000386088                                                
red=191933 B/s (205892 bytes / 1072ms)
usb-pump: packets=365897 log_drops=376296 report_dt_us=1072581
usb-pump-race: pump_tickctr s=0000000530 u=0000559306 t=0000038646 e=0000141747 p=0000070873 d=0000007345 c=0000026813 o=0000000000                   
s_run=546826 sof_isr=547074
usb-sof-2ap: sof_streaming=390454 got=365897 miss_avail=1327 miss_unavail=23230 hw_unavail=24733
usb-audio-fix: fb_done=384322
usb-audio-okx: rx_bytes_total=70274936 rx_short_packets=5630
usb-pump-logring: backlog_hwm=8192
a2dp: codec=LDAC bitrate=990000 fill=1912/4608 ovr_frames=0 und=1465 report_dt_us=1072581
wdt: USB_TIMER max_stale_ms=0 deadlinatr pc0=100036f3 b0=00040395 pc1=100036bd b1=00026857 pc2=10003713 b2=00024340                                                
e_ms=100 enabled=1
wdt: USB_TASK max_stale_ms=0 deadline_ms=250 enabled=1
usb-audio: streaming rate=48000Hz ch=2 bits=16 measudrn c=00006501 s=00000000 z=00002207 bd=0000333696 bp=0000341857 dr=0000386952                                                
red=191930 B/s (205504 bytes / 1070ms)
usb-pump: packets=366967 log_drops=377159 report_dt_us=1070721
usb-pump-race: pump_tickctr s=0000000531 u=0000560375 t=0000038741 e=0000142148 p=0000071074 d=0000007366 c=0000026887 o=0000000000                   
s_run=547896 sof_isr=548145
usb-sof-2ap: sof_streaming=391525 got=366967 miss_avail=1327 miss_unavail=23231 hw_unavail=24734
usb-audio-fix: fb_done=385392
usb-audio-okx: rx_bytes_total=70480248 rx_short_packets=5646
usb-pump-logring: backlog_hwm=8192
a2dp: codec=LDAC bitrate=990000 fill=1912/4608 ovr_frames=0 und=1465 report_dt_us=1070721
wdt: USB_TIMER max_stale_ms=0 deadlinatr pc0=100036f3 b0=00040493 pc1=100036bd b1=00026921 pc2=10003713 b2=00024402                                                
e_ms=100 enabled=1
wdt: USB_TASK max_stale_ms=0 deadline_ms=250 enabled=1
usb-audio: streaming rate=48000Hz ch=2 bits=16 measudrn c=00006505 s=00000000 z=00002207 bd=0000334336 bp=0000342497 dr=0000387816                                                
red=191768 B/s (200896 bytes / 1047ms)
usb-pump: packets=368014 log_drops=378023 report_dt_us=1047723
usb-pump-race: pump_tickctr s=0000000532 u=0000561428 t=0000038834 e=0000142543 p=0000071271 d=0000007389 c=0000026957 o=0000000000                   
s_run=548943 sof_isr=549193
usb-sof-2ap: sof_streaming=392573 got=368014 miss_avail=1327 miss_unavail=23232 hw_unavail=24735
usb-audio-fix: fb_done=386439
usb-audio-okx: rx_bytes_total=70681336 rx_short_packets=5662
usb-pump-logring: backlog_hwm=8192
a2dp: codec=LDAC bitrate=990000 fill=1784/4608 ovr_frames=0 und=1465 report_dt_us=1047723
wdt: USB_TIMER max_stale_ms=0 deadlinatr pc0=100036f3 b0=00040591 pc1=100036bd b1=00026985 pc2=10003713 b2=00024464                                                
e_ms=100 enabled=1
wdt: USB_TASK max_stale_ms=0 deadline_ms=250 enabled=1
usb-audio: streaming rate=48000Hz ch=2 bits=16 measudrn c=00006509 s=00000000 z=00002207 bd=0000334976 bp=0000343137 dr=0000388680                                                
red=191630 B/s (206848 bytes / 1079ms)
usb-pump: packets=369091 log_drops=378887 report_dt_us=1080135
usb-pump-race: pump_tickctr s=0000000533 u=0000562495 t=0000038928 e=0000142943 p=0000071471 d=0000007413 c=0000027027 o=0000000000                   
s_run=550020 sof_isr=550273
usb-sof-2ap: sof_streaming=393653 got=369091 miss_avail=1327 miss_unavail=23235 hw_unavail=24738
usb-audio-fix: fb_done=387516
usb-audio-okx: rx_bytes_total=70888184 rx_short_packets=5678
usb-pump-logring: backlog_hwm=8192
a2dp: codec=LDAC bitrate=990000 fill=1784/4608 ovr_frames=0 und=1465 report_dt_us=1080135
wdt: USB_TIMER max_stale_ms=0 deadlinatr pc0=100036f3 b0=00040689 pc1=100036bd b1=00027049 pc2=10003713 b2=00024526                                                
e_ms=100 enabled=1
wdt: USB_TASK max_stale_ms=0 deadline_ms=250 enabled=1
usb-audio: streaming rate=48000Hz ch=2 bits=16 measudrn c=00006513 s=00000000 z=00002207 bd=0000335616 bp=0000343777 dr=0000389543                                                
red=192010 B/s (207236 bytes / 1079ms)
usb-pump: packets=370169 log_drops=379750 report_dt_us=1078447
usb-pump-race: pump_tickctr s=0000000534 u=0000563511 t=0000039018 e=0000143321 p=0000071660 d=0000007433 c=0000027096 o=0000000000                   
s_run=551098 sof_isr=551351
usb-sof-2ap: sof_streaming=394731 got=370169 miss_avail=1327 miss_unavail=23235 hw_unavail=24738
usb-audio-fix: fb_done=388594
usb-audio-okx: rx_bytes_total=71095420 rx_short_packets=5695
usb-pump-logring: backlog_hwm=8192
a2dp: codec=LDAC bitrate=990000 fill=1660/4608 ovr_frames=0 und=1465 report_dt_us=1078447
wdt: USB_TIMER max_stale_ms=0 deadlinatr pc0=100036f3 b0=00040787 pc1=100036bd b1=00027113 pc2=10003713 b2=00024588                                                
e_ms=100 enabled=1
wdt: USB_TASK max_stale_ms=0 deadline_ms=250 enabled=1
usb-audio: streaming rate=48000Hz ch=2 bits=16 measudrn c=00006517 s=00000000 z=00002207 bd=0000336256 bp=0000344417 dr=0000390407                                                
red=191792 B/s (240264 bytes / 1252ms)
usb-pump: packets=371420 log_drops=380614 report_dt_us=1252727
usb-pump-race: pump_tickctr s=0000000535 u=0000564575 t=0000039112 e=0000143720 p=0000071860 d=0000007456 c=0000027167 o=0000000000                   
s_run=552349 sof_isr=552604
usb-sof-2ap: sof_streaming=395984 got=371420 miss_avail=1327 miss_unavail=23237 hw_unavail=24740
usb-audio-fix: fb_done=389845
usb-audio-okx: rx_bytes_total=71335492 rx_short_packets=5713
usb-pump-logring: backlog_hwm=8192
a2dp: codec=LDAC bitrate=990000 fill=1604/4608 ovr_frames=0 und=1465 report_dt_us=1252727
a2dp: enc_max_us=1810 pkt_sent=69662 ctr s=0000000536 u=0000565583 t=0000039201 e=0000144098 p=0000072049 d=0000007478 c=0000027234 o=0000000000                   
pkt_fail=0 misaligned=0
a2dp: tick_count=38075 worst_tick_interval_us=14467 enc_frames_total=139324
a2dp: frames_per_packet=1 atr pc0=100036f3 b0=00040885 pc1=100036bd b1=00027177 pc2=10003713 b2=00024650                                                
credit_clamped_samples=2786712 credit_clamp_events=8606 flush_frames=0 resync_drops=0 fill_ema=1689 fill_min=1004
wdt: USB_TIMEdrn c=00006522 s=00000000 z=00002207 bd=0000337024 bp=0000345057 dr=0000391270                                                
R max_stale_ms=0 deadline_ms=100 enabled=1
wdt: USB_TASK max_stale_ms=0 deadline_ms=250 enabled=1
usb-audio: streaming rate=48000Hz ch=2 bits=16 measured=191895 B/s (203008 bytes / 1057ms)
usb-pump: packets=372486 log_drops=381198 report_dt_us=1067288
usb-pump-race: pump_ticks_run=553415 sof_isr=553671
usb-sof-2ap: sof_streaming=397051 got=372486 miss_avail=1327 miss_unavail=2ctr s=0000000537 u=0000566613 t=0000039292 e=0000144484 p=0000072242 d=0000007500 c=0000027303 o=0000000000                   
3238 hw_unavail=24741
usb-audio-fix: fb_done=390912
usb-audio-okx: rx_bytes_total=71540424 rx_short_packets=5730
usb-pump-logatr pc0=100036f3 b0=00040983 pc1=100036bd b1=00027241 pc2=10003713 b2=00024712                                                
ring: backlog_hwm=8192
a2dp: codec=LDAC bitrate=990000 fill=1736/4608 ovr_frames=0 und=1465 report_dt_us=1067288
wdt: USB_TIMEdrn c=00006526 s=00000000 z=00002207 bd=0000337664 bp=0000345715 dr=0000392116                                                
R max_stale_ms=0 deadline_ms=100 enabled=1
wdt: USB_TASK max_stale_ms=0 deadline_ms=250 enabled=1
usb-audio: streaming rate=48000Hz ch=2 bits=16 measured=191795 B/s (202048 bytes / 1053ms)
usb-pump: packets=373529 log_drops=382061 report_dt_us=1044079
usb-pump-race: pump_ticks_run=554459 sof_isr=554715
usb-sof-2ap: sof_streaming=398096 got=373530 miss_avail=1327 miss_unavail=2ctr s=0000000538 u=0000567721 t=0000039390 e=0000144899 p=0000072449 d=0000007523 c=0000027378 o=0000000000                   
3239 hw_unavail=24742
usb-audio-fix: fb_done=391955
usb-audio-okx: rx_bytes_total=71740740 rx_short_packets=5745
usb-pump-logatr pc0=100036f3 b0=00041081 pc1=100036bd b1=00027305 pc2=10003713 b2=00024774                                                
ring: backlog_hwm=8192
a2dp: codec=LDAC bitrate=990000 fill=1860/4608 ovr_frames=0 und=1465 report_dt_us=1044079
wdt: USB_TIMEdrn c=00006530 s=00000000 z=00002207 bd=0000338304 bp=0000346337 dr=0000392998                                                
R max_stale_ms=0 deadline_ms=100 enabled=1
wdt: USB_TASK max_stale_ms=0 deadline_ms=250 enabled=1
usb-audio: streaming rate=48000Hz ch=2 bits=16 measured=192046 B/s (219912 bytes / 1145ms)
usb-pump: packets=374675 log_drops=382981 report_dt_us=1145240
usb-pump-race: pump_ticks_run=555604 sof_isr=555861
usb-sof-2ap: sof_streaming=399241 got=374675 miss_avail=1327 miss_unavail=2ctr s=0000000539 u=0000568797 t=0000039485 e=0000145303 p=0000072651 d=0000007547 c=0000027449 o=0000000000                   
3239 hw_unavail=24742
usb-audio-fix: fb_done=393100
usb-audio-okx: rx_bytes_total=71960652 rx_short_packets=5763
usb-pump-logatr pc0=100036f3 b0=00041179 pc1=100036bd b1=00027369 pc2=10003713 b2=00024836                                                
ring: backlog_hwm=8192
a2dp: codec=LDAC bitrate=990000 fill=1612/4608 ovr_frames=0 und=1465 report_dt_us=1145240
a2dp: enc_maxdrn c=00006534 s=00000000 z=00002207 bd=0000338944 bp=0000346995 dr=0000393844                                                
_us=1810 pkt_sent=70272 pkt_fail=0 misaligned=0
a2dp: tick_count=38363 worst_tick_interval_us=14467 enc_frames_total=140545
a2dp: stop_credit=26600 stop_queue_full=10 stop_ring_empty=1465 stop_dwell=7275 fill_short_read=0
wdt: USB_TIMER max_stale_ms=0 deadline_ms=100 enabled=1
wdt: USB_TASK max_stale_ms=0 deadline_ms=250 enabled=1
usb-audio: streaming rate=48000Hz ch=2 bits=16ctr s=0000000540 u=0000569880 t=0000039581 e=0000145709 p=0000072854 d=0000007569 c=0000027523 o=0000000000                   
 measured=192008 B/s (202240 bytes / 1053ms)
usb-pump: packets=375727 log_drops=383606 report_dt_us=1053167
usb-pump-race: pumatr pc0=100036f3 b0=00041277 pc1=100036bd b1=00027433 pc2=10003713 b2=00024898                                                
p_ticks_run=556656 sof_isr=556914
usb-sof-2ap: sof_streaming=400294 got=375727 miss_avail=1327 miss_unavail=23240 hw_unavail=24drn c=00006538 s=00000000 z=00002207 bd=0000339584 bp=0000347617 dr=0000394726                                                
743
usb-audio-fix: fb_done=394152
usb-audio-okx: rx_bytes_total=72162700 rx_short_packets=5779
usb-pump-logring: backlog_hwm=8192
a2dp: codec=LDAC bitrate=990000 fill=1932/4608 ovr_frames=0 und=1465 report_dt_us=1053167
wdt: USB_TIMER max_stale_ms=0 deadline_ms=100 enabled=1
wdt: USB_TASK max_stale_ms=0 deadline_ms=250 enabled=1
usb-audio: streaming rate=48000Hz ch=2 bits=16ctr s=0000000541 u=0000570931 t=0000039674 e=0000146103 p=0000073051 d=0000007591 c=0000027594 o=0000000000                   
 measured=191919 B/s (209152 bytes / 1089ms)
usb-pump: packets=376817 log_drops=384470 report_dt_us=1089909
usb-pump-race: pumatr pc0=100036f3 b0=00041375 pc1=100036bd b1=00027497 pc2=10003713 b2=00024898                                                
p_ticks_run=557746 sof_isr=558004
usb-sof-2ap: sof_streaming=401384 got=376817 miss_avail=1327 miss_unavail=23240 hw_unavail=24drn c=00006542 s=00000000 z=00002207 bd=0000340224 bp=0000348270 dr=0000395634                                                
743
usb-audio-fix: fb_done=395242
usb-audio-okx: rx_bytes_total=72372044 rx_short_packets=5795
usb-pump-logring: backlog_hwm=8192
a2dp: codec=LDAC bitrate=990000 fill=1868/4608 ovr_frames=0 und=1465 report_dt_us=1089909
wdt: USB_TIMER max_stale_ms=0 deadline_ms=100 enabled=1
wdt: USB_TASK max_stale_ms=0 deadline_ms=250 enabled=1
usb-audio: streaming rate=48000Hz ch=2 bits=16ctr s=0000000542 u=0000571935 t=0000039763 e=0000146480 p=0000073240 d=0000007612 c=0000027662 o=0000000000                   
 measured=191925 B/s (204160 bytes / 1063ms)
usb-pump: packets=377879 log_drops=385334 report_dt_us=1063630
usb-pump-race: pumatr pc0=100036f3 b0=00041473 pc1=100036bd b1=00027561 pc2=10003713 b2=00024960                                                
p_ticks_run=558808 sof_isr=559067
usb-sof-2ap: sof_streaming=402447 got=377879 miss_avail=1327 miss_unavail=23241 hw_unavail=24drn c=00006546 s=00000000 z=00002207 bd=0000340864 bp=0000348928 dr=0000396480                                                
744
usb-audio-fix: fb_done=396305
usb-audio-okx: rx_bytes_total=72576204 rx_short_packets=5811
usb-pump-logring: backlog_hwm=8192
a2dp: codec=LDAC bitrate=990000 fill=1740/4608 ovr_frames=0 und=1465 report_dt_us=1063630
wdt: USB_TIMER max_stale_ms=0 deadline_ms=100 enabled=1
wdt: USB_TASK max_stale_ms=0 deadline_ms=250 enabled=1
usb-audio: streaming rate=48000Hz ch=2 bits=16ctr s=0000000543 u=0000573020 t=0000039859 e=0000146887 p=0000073443 d=0000007635 c=0000027735 o=0000000000                   
 measured=192016 B/s (203392 bytes / 1059ms)
usb-pump: packets=378939 log_drops=386197 report_dt_us=1059360
usb-pump-race: pumatr pc0=100036f3 b0=00041571 pc1=100036bd b1=00027625 pc2=10003713 b2=00025022                                                
p_ticks_run=559868 sof_isr=560127
usb-sof-2ap: sof_streaming=403507 got=378939 miss_avail=1327 miss_unavail=23241 hw_unavail=24drn c=00006550 s=00000000 z=00002207 bd=0000341504 bp=0000349550 dr=0000397362                                                
744
usb-audio-fix: fb_done=397364
usb-audio-okx: rx_bytes_total=72779596 rx_short_packets=5827
usb-pump-logring: backlog_hwm=8192
a2dp: codec=LDAC bitrate=990000 fill=1740/4608 ovr_frames=0 und=1465 report_dt_us=1059360
wdt: USB_TIMER max_stale_ms=0 deadline_ms=100 enabled=1
wdt: USB_TASK max_stale_ms=0 deadline_ms=250 enabled=1
usb-audio: streaming rate=48000Hz ch=2 bits=16ctr s=0000000544 u=0000574115 t=0000039956 e=0000147297 p=0000073648 d=0000007657 c=0000027810 o=0000000000                   
 measured=192195 B/s (204348 bytes / 1063ms)
usb-pump: packets=380002 log_drops=387061 report_dt_us=1063114
usb-pump-race: pumatr pc0=100036f3 b0=00041669 pc1=100036bd b1=00027689 pc2=10003713 b2=00025084                                                
p_ticks_run=560931 sof_isr=561190
usb-sof-2ap: sof_streaming=404570 got=380002 miss_avail=1327 miss_unavail=23241 hw_unavail=24drn c=00006554 s=00000000 z=00002207 bd=0000342144 bp=0000350208 dr=0000398208                                                
744
usb-audio-fix: fb_done=398427
usb-audio-okx: rx_bytes_total=72983752 rx_short_packets=5842
usb-pump-logring: backlog_hwm=8192
a2dp: codec=LDAC bitrate=990000 fill=1736/4608 ovr_frames=0 und=1465 report_dt_us=1063114
wdt: USB_TIMER max_stale_ms=0 deadline_ms=100 enabled=1
wdt: USB_TASK max_stale_ms=0 deadline_ms=250 enabled=1
usb-audio: streaming rate=48000Hz ch=2 bits=16ctr s=0000000545 u=0000575134 t=0000040046 e=0000147677 p=0000073838 d=0000007678 c=0000027878 o=0000000000                   
 measured=191888 B/s (204736 bytes / 1066ms)
usb-pump: packets=381068 log_drops=387925 report_dt_us=1066962
usb-pump-race: pump_ticks_run=561997 sof_isr=562257
usb-sof-2ap: sof_streaming=405637 got=381068 miss_avail=1327 miss_unavail=23242 hw_unavail=24745
usb-audio-fix: fb_done=399493
usb-audio-okx: rx_bytes_total=73188488 rx_short_packets=5858
usb-pump-logring: backlog_hwm=atr pc0=100036f3 b0=00041767 pc1=100036bd b1=00027753 pc2=10003713 b2=00025146                                                
8192
a2dp: codec=LDAC bitrate=990000 fill=1672/4608 ovr_frames=0 und=1465 report_dt_us=1066962
wdt: USB_TIMER max_stale_ms=0 ddrn c=00006559 s=00000000 z=00002207 bd=0000343040 bp=0000350830 dr=0000399089                                                
eadline_ms=100 enabled=1
wdt: USB_TASK max_stale_ms=0 deadline_ms=250 enabled=1
usb-audio: streaming rate=48000Hz ch=2 bits=16ctr s=0000000546 u=0000576218 t=0000040142 e=0000148084 p=0000074042 d=0000007701 c=0000027951 o=0000000000                   
 measured=190513 B/s (193404 bytes / 1015ms)
usb-pump: packets=382075 log_drops=388789 report_dt_us=1015158
usb-pump-race: pump_ticks_run=563004 sof_isr=563272
usb-sof-2ap: sof_streaming=406652 got=382075 miss_avail=1327 miss_unavail=23250 hw_unavail=24753
usb-audio-fix: fb_done=400500
usb-audio-okx: rx_bytes_total=73381892 rx_short_packets=5873
usb-pump-logring: backlog_hwm=atr pc0=100036f3 b0=00041865 pc1=100036bd b1=00027817 pc2=10003713 b2=00025208                                                
8192
a2dp: codec=LDAC bitrate=990000 fill=1540/4608 ovr_frames=0 und=1466 report_dt_us=1015158
wdt: USB_TIMER max_stale_ms=0 ddrn c=00006563 s=00000000 z=00002207 bd=0000343680 bp=0000351488 dr=0000399935                                                
eadline_ms=100 enabled=1
wdt: USB_TASK max_stale_ms=0 deadline_ms=250 enabled=1
usb-audio: streaming rate=48000Hz ch=2 bits=16ctr s=0000000547 u=0000577282 t=0000040236 e=0000148483 p=0000074241 d=0000007724 c=0000028022 o=0000000000                   
 measured=192069 B/s (204544 bytes / 1064ms)
usb-pump: packets=383140 log_drops=389652 report_dt_us=1064955
usb-pump-race: pump_ticks_run=564069 sof_isr=564337
usb-sof-2ap: sof_streaming=407717 got=383140 miss_avail=1327 miss_unavail=23250 hw_unavail=24753
usb-audio-fix: fb_done=401565
usb-audio-okx: rx_bytes_total=73586436 rx_short_packets=5889
usb-pump-logring: backlog_hwm=atr pc0=100036f3 b0=00041963 pc1=100036bd b1=00027881 pc2=10003713 b2=00025270                                                
8192
a2dp: codec=LDAC bitrate=990000 fill=1796/4608 ovr_frames=0 und=1466 report_dt_us=1064955
wdt: USB_TIMER max_stale_ms=0 ddrn c=00006567 s=00000000 z=00002207 bd=0000344320 bp=0000352110 dr=0000400816                                                
eadline_ms=100 enabled=1
wdt: USB_TASK max_stale_ms=0 deadline_ms=250 enabled=1
usb-audio: streaming rate=48000Hz ch=2 bits=16ctr s=0000000548 u=0000578312 t=0000040327 e=0000148869 p=0000074434 d=0000007746 c=0000028091 o=0000000000                   
 measured=191949 B/s (193404 bytes / 1007ms)
usb-pump: packets=384148 log_drops=390516 report_dt_us=1007688
usb-pump-race: pump_ticks_run=565077 sof_isr=565345
usb-sof-2ap: sof_streaming=408725 got=384148 miss_avail=1327 miss_unavail=23250 hw_unavail=24753
usb-audio-fix: fb_done=402573
usb-audio-okx: rx_bytes_total=73780032 rx_short_packets=5904
usb-pump-logring: backlog_hwm=atr pc0=100036f3 b0=00042061 pc1=100036bd b1=00027945 pc2=10003713 b2=00025332                                                
8192
a2dp: codec=LDAC bitrate=990000 fill=1856/4608 ovr_frames=0 und=1466 report_dt_us=1007688
wdt: USB_TIMER max_stale_ms=0 ddrn c=00006571 s=00000000 z=00002207 bd=0000344960 bp=0000352768 dr=0000401662                                                
eadline_ms=100 enabled=1
wdt: USB_TASK max_stale_ms=0 deadline_ms=250 enabled=1
wdt: BTSTACK max_stale_ms=0 deadline_ms=1000 ectr s=0000000549 u=0000579389 t=0000040422 e=0000149272 p=0000074636 d=0000007769 c=0000028163 o=0000000000                   
nabled=1
wdt: MEDIA max_stale_ms=0 deadline_ms=500 enabled=1
usb-audio: streaming rate=48000Hz ch=2 bits=16 measured=192058 B/s (197820 bytes / 1029ms)
usb-pump: packets=385178 log_drops=391270 report_dt_us=1029994
usb-pump-race: pump_ticks_run=566107 sof_isr=566375
usb-sof-2ap: sof_streaming=409755 got=385178 miss_avail=1327 miss_unavail=23250 hw_unavail=24753
usb-audio-fix:atr pc0=100036f3 b0=00042159 pc1=100036bd b1=00028009 pc2=10003713 b2=00025394                                                
 fb_done=403603
usb-audio-okx: rx_bytes_total=73977852 rx_short_packets=5919
usb-pump-logring: backlog_hwm=8192
wdt: USB_TIMEdrn c=00006575 s=00000000 z=00002207 bd=0000345600 bp=0000353390 dr=0000402544                                                
R max_stale_ms=0 deadline_ms=100 enabled=1
wdt: USB_TASK max_stale_ms=0 deadline_ms=250 enabled=1
wdt: BTSTACK max_stale_ms=0 ctr s=0000000550 u=0000580450 t=0000040516 e=0000149671 p=0000074835 d=0000007792 c=0000028234 o=0000000000                   
deadline_ms=1000 enabled=1
wdt: MEDIA max_stale_ms=0 deadline_ms=500 enabled=1
usb-audio: streaming rate=48000Hz ch=2 bits=16 measured=192119 B/s (212800 bytes / 1107ms)
usb-pump: packets=386285 log_drops=392116 report_dt_us=1107530
usb-pump-race: pump_ticks_run=567214 sof_isr=567482
usb-sof-2ap: sof_streaming=410862 got=386285 miss_avail=1327 miss_unavail=23250 hw_unavail=247atr pc0=100036f3 b0=00042257 pc1=100036bd b1=00028073 pc2=10003713 b2=00025456                                                
53
usb-audio-fix: fb_done=404710
usb-audio-okx: rx_bytes_total=74190460 rx_short_packets=5935
wdt: USB_TIMER max_stale_ms=0 ddrn c=00006579 s=00000000 z=00002207 bd=0000346240 bp=0000354048 dr=0000403390                                                
eadline_ms=100 enabled=1
wdt: USB_TASK max_stale_ms=0 deadline_ms=250 enabled=1
wdt: BTSTACK max_stale_ms=0 deadline_ms=1000 ectr s=0000000551 u=0000581495 t=0000040608 e=0000150062 p=0000075031 d=0000007815 c=0000028303 o=0000000000                   
nabled=1
wdt: MEDIA max_stale_ms=0 deadline_ms=500 enabled=1
usb-audio: streaming rate=48000Hz ch=2 bits=16 measured=191989 B/s (206652 bytes / 1076ms)
usb-pump: packets=387362 log_drops=392998 report_dt_us=1076508
usb-pump-race: pump_ticks_run=568291 sof_isr=568559
usb-sof-2ap: sof_streaming=411939 got=387362 miss_avail=1327 miss_unavail=23250 hw_unavail=24753
usb-audio-fix:atr pc0=100036f3 b0=00042355 pc1=100036bd b1=00028137 pc2=10003713 b2=00025518                                                
 fb_done=405787
usb-audio-okx: rx_bytes_total=74397304 rx_short_packets=5950
usb-pump-logring: backlog_hwm=8192
wdt: USB_TIMEdrn c=00006583 s=00000000 z=00002207 bd=0000346880 bp=0000354670 dr=0000404271                                                
R max_stale_ms=0 deadline_ms=100 enabled=1
wdt: USB_TASK max_stale_ms=0 deadline_ms=250 enabled=1
wdt: BTSTACK max_stale_ms=0 ctr s=0000000552 u=0000582535 t=0000040700 e=0000150451 p=0000075225 d=0000007836 c=0000028374 o=0000000000                   
deadline_ms=1000 enabled=1
wdt: MEDIA max_stale_ms=0 deadline_ms=500 enabled=1
usb-audio: streaming rate=48000Hz ch=2 bits=16 measured=192097 B/s (207800 bytes / 1081ms)
usb-pump: packets=388443 log_drops=393844 report_dt_us=1081604
usb-pump-race: pump_ticks_run=569372 sof_isr=569640
usb-sof-2ap: sof_streaming=413020 got=388443 miss_avail=1327 miss_unavail=23250 hw_unavail=247atr pc0=100036f3 b0=00042453 pc1=100036bd b1=00028201 pc2=10003713 b2=00025580                                                
53
usb-audio-fix: fb_done=406868
usb-audio-okx: rx_bytes_total=74604912 rx_short_packets=5964
wdt: USB_TIMER max_stale_ms=0 ddrn c=00006587 s=00000000 z=00002207 bd=0000347520 bp=0000355328 dr=0000405116                                                
eadline_ms=100 enabled=1
wdt: USB_TASK max_stale_ms=0 deadline_ms=250 enabled=1
wdt: BTSTACK max_stale_ms=0 deadline_ms=1000 ectr s=0000000553 u=0000583580 t=0000040792 e=0000150843 p=0000075421 d=0000007860 c=0000028442 o=0000000000                   
nabled=1
wdt: MEDIA max_stale_ms=0 deadline_ms=500 enabled=1
usb-audio: streaming rate=48000Hz ch=2 bits=16 measured=192075 B/s (200120 bytes / 1041ms)
frame 6541: render=224590us blit=21025us total=245665us
usb-pump: packets=389485 log_drops=394726 report_dt_us=1041933
usb-pump-race: pump_ticks_run=570414 sof_isr=570682
usb-sof-2ap: sof_streaming=414062 got=389485 miss_availatr pc0=100036f3 b0=00042551 pc1=100036bd b1=00028265 pc2=10003713 b2=00025642                                                
=1327 miss_unavail=23250 hw_unavail=24753
usb-audio-fix: fb_done=407910
usb-pump-logring: backlog_hwm=8192
wdt: USB_TIMER maxdrn c=00006591 s=00000000 z=00002207 bd=0000348160 bp=0000355950 dr=0000405997                                                
_stale_ms=0 deadline_ms=100 enabled=1
wdt: USB_TASK max_stale_ms=0 deadline_ms=250 enabled=1
wdt: BTSTACK max_stale_ms=0 deadlctr s=0000000554 u=0000584592 t=0000040881 e=0000151221 p=0000075610 d=0000007882 c=0000028509 o=0000000000                   
ine_ms=1000 enabled=1
wdt: MEDIA max_stale_ms=0 deadline_ms=500 enabled=1
usb-audio: streaming rate=48000Hz ch=2 bits=16 measured=192106 B/s (194932 bytes / 1014ms)
usb-pump: packets=390500 log_drops=395634 report_dt_us=1014633
usb-pump-race: pump_ticks_run=571429 sof_isr=571697
usb-sof-2ap: sof_streaming=415077 got=390500 miss_avail=1327 miss_unavail=23250 hw_unavail=24753
uatr pc0=100036f3 b0=00042649 pc1=100036bd b1=00028329 pc2=10003713 b2=00025704                                                
sb-audio-fix: fb_done=408925
usb-audio-okx: rx_bytes_total=74999964 rx_short_packets=5991
usb-pump-logring: backlog_hwm=8192
drn c=00006595 s=00000000 z=00002207 bd=0000348800 bp=0000356608 dr=0000406842                                                
wdt: USB_TIMER max_stale_ms=0 deadline_ms=100 enabled=1
wdt: USB_TASK max_stale_ms=0 deadline_ms=250 enabled=1
wdt: BTSTACK mactr s=0000000555 u=0000585650 t=0000040974 e=0000151617 p=0000075808 d=0000007907 c=0000028577 o=0000000000                   
x_stale_ms=0 deadline_ms=1000 enabled=1
wdt: MEDIA max_stale_ms=0 deadline_ms=500 enabled=1
usb-audio: streaming rate=48000Hz ch=2 bits=16 measured=191572 B/s (205884 bytes / 1074ms)
usb-pump: packets=391573 log_drops=396480 report_dt_us=1074871
usb-pump-race: pump_ticks_run=572502 sof_isr=572772
usb-sof-2ap: sof_streaming=416152 got=391573 miss_avail=1327 miss_unavail=23252 hatr pc0=100036f3 b0=00042747 pc1=100036bd b1=00028393 pc2=10003713 b2=00025766                                                
w_unavail=24755
usb-audio-fix: fb_done=409998
usb-audio-okx: rx_bytes_total=75206040 rx_short_packets=6006
wdt: USB_TIMER maxdrn c=00006599 s=00000000 z=00002207 bd=0000349440 bp=0000357230 dr=0000407723                                                
_stale_ms=0 deadline_ms=100 enabled=1
wdt: USB_TASK max_stale_ms=0 deadline_ms=250 enabled=1
wdt: BTSTACK max_stale_ms=0 deadline_ms=1000 enabled=1
wdt: MEDIA max_stale_ms=0 deadline_ms=500 enabled=1
usb-audio: streaming rate=48000Hz ch=2 bits=16 measured=192129 B/s (210304 bytes / 1094ms)
usb-pump: packets=392667 log_drops=397362 report_dt_us=1094424
usb-pump-race: pump_tickctr s=0000000556 u=0000586808 t=0000041077 e=0000152051 p=0000076025 d=0000007929 c=0000028658 o=0000000000                   
s_run=573596 sof_isr=573866
usb-sof-2ap: sof_streaming=417246 got=392667 miss_avail=1327 miss_unavail=23252 hw_unavail=24755
usb-audio-fix: fb_done=411092
usb-audio-okx: rx_bytes_total=75416152 rx_short_packets=6022
usb-pump-logring: backlog_hwm=8192
wdt: USB_TIMER max_stale_ms=0 deadline_ms=100 enabled=1
wdt: USB_TASK max_stale_ms=0 deadline_ms=250 enabled=1
wdt: BTSTACK maatr pc0=100036f3 b0=00042845 pc1=100036bd b1=00028457 pc2=10003713 b2=00025828                                                
x_stale_ms=0 deadline_ms=1000 enabled=1
wdt: MEDIA max_stale_ms=0 deadline_ms=500 enabled=1
usb-audio: streaming rate=48000Hz drn c=00006604 s=00000000 z=00002207 bd=0000350336 bp=0000358098 dr=0000408415                                                
ch=2 bits=16 measured=190735 B/s (196284 bytes / 1029ms)
usb-pump: packets=393689 log_drops=398208 report_dt_us=1029115
usb-pump-race: pump_ticks_run=574618 sof_isr=574895
usb-sof-2ap: sof_streaming=418275 got=393689 miss_avail=1327 miss_unavail=23259 hw_unavail=24762
usb-audio-fix: fb_done=412114
usb-audio-okx: rx_bytes_total=75612436 rx_short_packets=6037
wdt: USB_TIMER maxctr s=0000000557 u=0000587982 t=0000041181 e=0000152489 p=0000076244 d=0000007952 c=0000028739 o=0000000000                   
_stale_ms=0 deadline_ms=100 enabled=1
wdt: USB_TASK max_stale_ms=0 deadline_ms=250 enabled=1
wdt: BTSTACK max_stale_ms=0 deadline_ms=1000 enabled=1
wdt: MEDIA max_stale_ms=0 deadline_ms=500 enabled=1
usb-audio: streaming rate=48000Hz ch=2 bits=16 measured=192028 B/s (208192 bytes / 1084ms)
usb-pump: packets=394773 log_drops=399089 report_dt_us=1084149
usb-pump-race: pump_tickatr pc0=100036f3 b0=00042943 pc1=100036bd b1=00028521 pc2=10003713 b2=00025890                                                
s_run=575702 sof_isr=575979
usb-sof-2ap: sof_streaming=419359 got=394773 miss_avail=1327 miss_unavail=23259 hw_unavail=24762
udrn c=00006609 s=00000000 z=00002207 bd=0000351232 bp=0000358986 dr=0000409030                                                
sb-audio-fix: fb_done=413199
usb-audio-okx: rx_bytes_total=75820820 rx_short_packets=6053
usb-pump-logring: backlog_hwm=8192
ctr s=0000000558 u=0000589036 t=0000041274 e=0000152883 p=0000076441 d=0000007974 c=0000028810 o=0000000000                   
wdt: USB_TIMER max_stale_ms=0 deadline_ms=100 enabled=1
wdt: USB_TASK max_stale_ms=0 deadline_ms=250 enabled=1
wdt: BTSTACK max_stale_ms=0 deadline_ms=1000 enabled=1
wdt: MEDIA max_stale_ms=0 deadline_ms=500 enabled=1
usb-audio: streaming rate=48000Hz ch=2 bits=16 measured=191897 B/s (204160 bytes / 1063ms)
usb-pump: packets=395836 log_drops=399935 report_dt_us=1063921
usb-puatr pc0=100036f3 b0=00043041 pc1=100036bd b1=00028585 pc2=10003713 b2=00025952                                                
mp-race: pump_ticks_run=576765 sof_isr=577043
usb-sof-2ap: sof_streaming=420423 got=395836 miss_avail=1327 miss_unavail=23260 hdrn c=00006613 s=00000000 z=00002207 bd=0000351872 bp=0000359644 dr=0000409876                                                
w_unavail=24763
usb-audio-fix: fb_done=414261
usb-audio-okx: rx_bytes_total=76024788 rx_short_packets=6069
wdt: USB_TIMER maxctr s=0000000559 u=0000590127 t=0000041371 e=0000153291 p=0000076645 d=0000007996 c=0000028885 o=0000000000                   
_stale_ms=0 deadline_ms=100 enabled=1
wdt: USB_TASK max_stale_ms=0 deadline_ms=250 enabled=1
wdt: BTSTACK max_stale_ms=0 deadline_ms=1000 enabled=1
wdt: MEDIA max_stale_ms=0 deadline_ms=500 enabled=1
usb-audio: streaming rate=48000Hz ch=2 bits=16 measured=191851 B/s (197624 bytes / 1030ms)
usb-pump: packets=396865 log_drops=400816 report_dt_us=1030071
usb-pump-race: pump_tickatr pc0=100036f3 b0=00043139 pc1=100036bd b1=00028649 pc2=10003713 b2=00026014                                                
s_run=577794 sof_isr=578073
usb-sof-2ap: sof_streaming=421453 got=396865 miss_avail=1327 miss_unavail=23261 hw_unavail=24764
udrn c=00006617 s=00000000 z=00002207 bd=0000352512 bp=0000360302 dr=0000410721                                                
sb-audio-fix: fb_done=415291
usb-audio-okx: rx_bytes_total=76222604 rx_short_packets=6083
usb-pump-logring: backlog_hwm=8192
ctr s=0000000560 u=0000591180 t=0000041464 e=0000153684 p=0000076842 d=0000008017 c=0000028957 o=0000000000                   
wdt: USB_TIMER max_stale_ms=0 deadline_ms=100 enabled=1
wdt: USB_TASK max_stale_ms=0 deadline_ms=250 enabled=1
wdt: BTSTACK max_stale_ms=0 deadline_ms=1000 enabled=1
wdt: MEDIA max_stale_ms=0 deadline_ms=500 enabled=1
usb-audio: streaming rate=48000Hz ch=2 bits=16 measured=192101 B/s (206660 bytes / 1075ms)
usb-pump: packets=397941 log_drops=401662 report_dt_us=1075797
usb-pump-race: pump_ticks_run=578870 sof_isr=579149
usb-sof-2ap: sof_streaming=422529 got=397941 miss_avail=1327 miss_unavail=23261 hw_unavail=24764
usb-audio-fix: fb_done=416366
usb-audio-okx: rx_bytes_total=76429072 rx_short_packets=6100
wdt: USB_TIMER maxatr pc0=100036f3 b0=00043237 pc1=100036bd b1=00028713 pc2=10003713 b2=00026076                                                
_stale_ms=0 deadline_ms=100 enabled=1
wdt: USB_TASK max_stale_ms=0 deadline_ms=250 enabled=1
wdt: BTSTACK max_stale_ms=0 deadldrn c=00006622 s=00000000 z=00002207 bd=0000353408 bp=0000360960 dr=0000411567                                                
ine_ms=1000 enabled=1
wdt: MEDIA max_stale_ms=0 deadline_ms=500 enabled=1
usb-audio: streaming rate=48000Hz ch=2 bits=16 measuctr s=0000000561 u=0000592190 t=0000041554 e=0000154059 p=0000077029 d=0000008035 c=0000029027 o=0000000000                   
red=192115 B/s (204156 bytes / 1062ms)
usb-pump: packets=399004 log_drops=402544 report_dt_us=1062664
usb-pump-race: pump_ticks_run=579933 sof_isr=580212
usb-sof-2ap: sof_streaming=423592 got=399004 miss_avail=1327 miss_unavail=23261 hw_unavail=24764
usb-audio-fix: fb_done=417429
usb-audio-okx: rx_bytes_total=76633228 rx_short_packets=6115
usb-pump-logring: backlog_hwm=8192
atr pc0=100036f3 b0=00043335 pc1=100036bd b1=00028777 pc2=10003713 b2=00026138                                                
wdt: USB_TIMER max_stale_ms=0 deadline_ms=100 enabled=1
wdt: USB_TASK max_stale_ms=0 deadline_ms=250 enabled=1
wdt: BTSTACK madrn c=00006626 s=00000000 z=00002207 bd=0000354048 bp=0000361709 dr=0000412321                                                
x_stale_ms=0 deadline_ms=1000 enabled=1
wdt: MEDIA max_stale_ms=0 deadline_ms=500 enabled=1
usb-audio: streaming rate=48000Hz ctr s=0000000562 u=0000593408 t=0000041661 e=0000154511 p=0000077255 d=0000008059 c=0000029110 o=0000000000                   
ch=2 bits=16 measured=191568 B/s (200128 bytes / 1044ms)
usb-pump: packets=400047 log_drops=403390 report_dt_us=1044817
usb-pump-race: pump_ticks_run=580976 sof_isr=581257
usb-sof-2ap: sof_streaming=424637 got=400047 miss_avail=1327 miss_unavail=23263 hw_unavail=24766
usb-audio-fix: fb_done=418472
usb-audio-okx: rx_bytes_total=76833548 rx_short_packets=6131
wdt: USB_TIMER max_stale_ms=0 deadline_ms=100 enabled=1
wdt: USB_TASK max_stale_ms=0 deadline_ms=250 enabled=1
wdt: BTSTACK max_stale_ms=0 deadline_ms=1000 enabled=1
wdt: MEDIA max_stale_ms=0 deadline_ms=500 enabled=1
usb-audio: streaming rate=48000Hz ch=2 bits=16 measuatr pc0=100036f3 b0=00043433 pc1=100036bd b1=00028841 pc2=10003713 b2=00026200                                                
red=191752 B/s (197436 bytes / 1029ms)
usb-pump: packets=401074 log_drops=404271 report_dt_us=1029499
usb-pump-race: pump_tickdrn c=00006631 s=00000000 z=00002207 bd=0000354944 bp=0000362458 dr=0000413075                                                
s_run=582004 sof_isr=582286
usb-sof-2ap: sof_streaming=425666 got=401074 miss_avail=1328 miss_unavail=23264 hw_unavail=24768
uctr s=0000000563 u=0000594426 t=0000041751 e=0000154890 p=0000077445 d=0000008078 c=0000029181 o=0000000000                   
sb-audio-fix: fb_done=419500
usb-audio-okx: rx_bytes_total=77030792 rx_short_packets=6146
usb-pump-logring: backlog_hwm=8192
wdt: USB_TIMER max_stale_ms=0 deadline_ms=100 enabled=1
wdt: USB_TASK max_stale_ms=0 deadline_ms=250 enabled=1
wdt: BTSTACK max_stale_ms=0 deadline_ms=1000 enabled=1
wdt: MEDIA max_stale_ms=0 deadline_ms=500 enabled=1
usb-audio: streaming rate=48000Hz atr pc0=100036f3 b0=00043531 pc1=100036bd b1=00028905 pc2=10003713 b2=00026262                                                
ch=2 bits=16 measured=191624 B/s (202244 bytes / 1055ms)
usb-pump: packets=402128 log_drops=405116 report_dt_us=1055573
usb-pudrn c=00006635 s=00000000 z=00002207 bd=0000355584 bp=0000363207 dr=0000413829                                                
mp-race: pump_ticks_run=583059 sof_isr=583342
usb-sof-2ap: sof_streaming=426722 got=402128 miss_avail=1329 miss_unavail=23265 hctr s=0000000564 u=0000595433 t=0000041840 e=0000155265 p=0000077632 d=0000008098 c=0000029250 o=0000000000                   
w_unavail=24770
usb-audio-fix: fb_done=420555
usb-audio-okx: rx_bytes_total=77233228 rx_short_packets=6163
wdt: USB_TIMER max_stale_ms=0 deadline_ms=100 enabled=1
wdt: USB_TASK max_stale_ms=0 deadline_ms=250 enabled=1
wdt: BTSTACK max_stale_ms=0 deadline_ms=1000 enabled=1
wdt: MEDIA max_stale_ms=0 deadline_ms=500 enabled=1
usb-audio: streaming rate=48000Hz ch=2 bits=16 measured=191725 B/s (193980 bytes / 1011ms)
usb-pump: packets=403137 log_drops=405997 report_dt_us=1011601
usb-pump-race: pump_ticks_run=584069 sof_isr=584353
usb-sof-2ap: sof_streaming=427733 got=403137 miss_avail=1330 miss_unavail=23266 hw_unavail=24772
uatr pc0=100036f3 b0=00043629 pc1=100036bd b1=00028969 pc2=10003713 b2=00026324                                                
sb-audio-fix: fb_done=421565
usb-audio-okx: rx_bytes_total=77427016 rx_short_packets=6178
usb-pump-logring: backlog_hwm=8192
drn c=00006640 s=00000000 z=00002207 bd=0000356480 bp=0000363865 dr=0000414674                                                
wdt: USB_TIMER max_stale_ms=0 deadline_ms=100 enabled=1
wdt: USB_TASK max_stale_ms=0 deadline_ms=250 enabled=1
wdt: BTSTACK mactr s=0000000565 u=0000596637 t=0000041946 e=0000155713 p=0000077856 d=0000008122 c=0000029332 o=0000000000                   
x_stale_ms=0 deadline_ms=1000 enabled=1
wdt: MEDIA max_stale_ms=0 deadline_ms=500 enabled=1
usb-audio: streaming rate=48000Hz ch=2 bits=16 measured=191734 B/s (202816 bytes / 1057ms)
usb-pump: packets=404193 log_drops=406842 report_dt_us=1057812
usb-pump-race: pump_ticks_run=585126 sof_isr=585411
usb-sof-2ap: sof_streaming=428791 got=404193 miss_avail=1331 miss_unavail=23267 hw_unavail=24774
usb-audio-fix: fb_done=422622
usb-audio-okx: rx_bytes_total=77629832 rx_short_packets=6194
wdt: USB_TIMER max_stale_ms=0 deadline_ms=100 enabled=1
wdt: USB_TASK max_stale_ms=0 deadline_ms=250 enabled=1
wdt: BTSTACK max_stale_ms=0 deadlatr pc0=100036f3 b0=00043727 pc1=100036bd b1=00029033 pc2=10003713 b2=00026386                                                
ine_ms=1000 enabled=1
wdt: MEDIA max_stale_ms=0 deadline_ms=500 enabled=1
frame 6601: render=191736us blit=32183us total=22397drn c=00006645 s=00000000 z=00002207 bd=0000357376 bp=0000364753 dr=0000415289                                                
0us
usb-audio: streaming rate=48000Hz ch=2 bits=16 measured=191581 B/s (221832 bytes / 1157ms)
usb-pump: packets=405348 log_drctr s=0000000566 u=0000597866 t=0000042055 e=0000156169 p=0000078084 d=0000008143 c=0000029420 o=0000000000                   
ops=407723 report_dt_us=1157905
usb-pump-race: pump_ticks_run=586283 sof_isr=586569
usb-sof-2ap: sof_streaming=429949 got=405348 miss_avail=1333 miss_unavail=23268 hw_unavail=24777
usb-audio-fix: fb_done=423779
usb-audio-okx: rx_bytes_total=77851664 rx_short_packets=6212
usb-pump-logring: backlog_hwm=8192
a2dp: codec=LDAC bitrate=990000 fill=1552/4608 ovr_frames=0 und=1467 report_dt_us=1157905
a2dp: enc_max_us=1810 pkt_sent=76025 pkt_fail=0 misaligned=0
wdt: USB_TIMER max_stale_ms=0 deadline_ms=100 enabled=1
wdt: USB_TASK max_stale_ms=0 deadline_ms=250 enabled=1
wdt: BTSTACK max_stale_ms=0 deadline_ms=1000 enabled=1
wdt: atr pc0=100036f3 b0=00043825 pc1=100036bd b1=00029097 pc2=10003713 b2=00026448                                                
MEDIA max_stale_ms=0 deadline_ms=500 enabled=1
usb-audio: streaming rate=48000Hz ch=2 bits=16 measured=191143 B/s (224516 bytesdrn c=00006650 s=00000000 z=00002207 bd=0000358272 bp=0000365641 dr=0000415904                                                
 / 1174ms)
usb-pump: packets=406518 log_drops=408415 report_dt_us=1174718
usb-pump-race: pump_ticks_run=587458 sof_isr=587744ctr s=0000000567 u=0000599078 t=0000042162 e=0000156616 p=0000078308 d=0000008166 c=0000029504 o=0000000000                   

usb-sof-2ap: sof_streaming=431124 got=406518 miss_avail=1338 miss_unavail=23268 hw_unavail=24782
usb-audio-fix: fb_done=424954
usb-audio-okx: rx_bytes_total=78076372 rx_short_packets=6229
usb-pump-logring: backlog_hwm=8192
a2dp: codec=LDAC bitrate=990000 fill=2004/4608 ovr_frames=0 und=1467 report_dt_us=1174718
a2dp: enc_max_us=1810 pkt_sent=76244 pkt_fail=0 misaligned=0
a2dp: tick_count=41181 worst_tick_interval_us=14467 enc_frames_total=152489
wdt: USB_TIMER max_stale_ms=0 deadline_ms=100 enabled=1
wdt: USB_TASK max_stale_ms=0 deadline_ms=250 enabled=1
wdt: BTSTACK max_stale_ms=0 deadline_ms=1000 enabled=1
wdt: MEDIA maatr pc0=100036f3 b0=00043923 pc1=100036bd b1=00029161 pc2=10003713 b2=00026510                                                
x_stale_ms=0 deadline_ms=500 enabled=1
usb-audio: streaming rate=48000Hz ch=2 bits=16 measured=191585 B/s (201856 bytes / 1053mdrn c=00006655 s=00000000 z=00002207 bd=0000359168 bp=0000366529 dr=0000416519                                                
s)
usb-pump: packets=407568 log_drops=409030 report_dt_us=1053460
usb-pump-race: pump_ticks_run=588510 sof_isr=588797
usb-sofctr s=0000000568 u=0000600168 t=0000042258 e=0000157011 p=0000078505 d=0000008185 c=0000029580 o=0000000000                   
-2ap: sof_streaming=432177 got=407568 miss_avail=1340 miss_unavail=23269 hw_unavail=24785
usb-audio-fix: fb_done=426006
usb-audio-okx: rx_bytes_total=78278036 rx_short_packets=6245
usb-pump-logring: backlog_hwm=8192
wdt: USB_TIMER max_stale_ms=0 deadline_ms=100 enabled=1
wdt: USB_TASK max_stale_ms=0 deadline_ms=250 enabled=1
wdt: BTSTACK max_stale_ms=0 deadline_ms=1000 enabled=1
wdt: MEDIA max_stale_ms=0 deadline_ms=500 enabled=1
usb-audio: streaming rate=48000Hz ch=2 bits=16 measured=191377 B/s (206852 bytes / 1080ms)
usb-pump: packets=408645 log_drops=409876 report_dt_us=1080884
usb-pump-race: pump_ticks_run=589590 sof_isr=589878
usb-sof-2ap: sof_streaming=433258 got=408645 miss_avail=1343 miss_unavail=23270 hw_unavail=24789
usb-audio-fix: fb_done=427086
usb-audio-okx: rx_bytes_total=78484888 rx_short_packets=6262
usb-pump-logring: backlog_hwm=8192
wdt: USB_TIMER maxatr pc0=100036f3 b0=00044021 pc1=100036bd b1=00029225 pc2=10003713 b2=00026572                                                
_stale_ms=0 deadline_ms=100 enabled=1
wdt: USB_TASK max_stale_ms=0 deadline_ms=250 enabled=1
wdt: BTSTACK max_stale_ms=0 deadldrn c=00006661 s=00000000 z=00002207 bd=0000360320 bp=0000367474 dr=0000417134                                                
ine_ms=1000 enabled=1
wdt: MEDIA max_stale_ms=0 deadline_ms=500 enabled=1
usb-audio: streaming rate=48000Hz ch=2 bits=16 measuctr s=0000000569 u=0000601254 t=0000042354 e=0000157399 p=0000078699 d=0000008199 c=0000029657 o=0000000000                   
red=191332 B/s (203200 bytes / 1062ms)
usb-pump: packets=409703 log_drops=410721 report_dt_us=1062001
usb-pump-race: pump_ticks_run=590653 sof_isr=590941
usb-sof-2ap: sof_streaming=434321 got=409704 miss_avail=1347 miss_unavail=23270 hw_unavail=24793
usb-audio-fix: fb_done=428149
usb-audio-okx: rx_bytes_total=78688280 rx_short_packets=6278
usb-pump-logring: backlog_hwm=8192
wdt: USB_TIMER max_stale_ms=0 deadline_ms=100 enabled=1
wdt: USB_TASK max_stale_ms=0 deadline_ms=250 enabled=1
wdt: BTSTACK max_stale_ms=0 deadline_ms=1000 enabled=1
wdt: MEDIA max_stale_ms=0 deadline_ms=500 enabled=1
usb-audio: streaming rate=48000Hz ch=2 bits=16 measured=189489 B/s (191676 bytes / 1011ms)
usb-pump: packets=410701 log_drops=411567 report_dt_us=1011700
usb-pump-race: pump_ticks_run=591654 sof_isr=591952
usb-sof-2ap: sof_streaming=435332 got=410701 miss_avail=1351 miss_unavail=23280 hatr pc0=100036f3 b0=00044119 pc1=100036bd b1=00029289 pc2=10003713 b2=00026634                                                
w_unavail=24807
usb-audio-fix: fb_done=429150
usb-audio-okx: rx_bytes_total=78879764 rx_short_packets=6293
usb-pump-logring: drn c=00006667 s=00000000 z=00002207 bd=0000361472 bp=0000368601 dr=0000417510                                                
backlog_hwm=8192
a2dp: codec=LDAC bitrate=990000 fill=1556/4608 ovr_frames=0 und=1469 report_dt_us=1011700
wdt: USB_TIMER max_ctr s=0000000570 u=0000602373 t=0000042453 e=0000157789 p=0000078894 d=0000008207 c=0000029748 o=0000000000                   
stale_ms=0 deadline_ms=100 enabled=1
wdt: USB_TASK max_stale_ms=0 deadline_ms=250 enabled=1
wdt: BTSTACK max_stale_ms=0 deadline_ms=1000 enabled=1
wdt: MEDIA max_stale_ms=0 deadline_ms=500 enabled=1
usb-audio: streaming rate=48000Hz ch=2 bits=16 measured=190016 B/s (231436 bytes / 1217ms)
usb-pump: packets=411907 log_drops=412321 report_dt_us=1217971
usb-pump-race: pump_ticks_run=592871 sof_isr=593170
usb-sof-2ap: sof_streaming=436550 got=411907 miss_avail=1361 miss_unavail=23282 hw_unavail=24819
usb-audio-fix: fb_done=430367
usb-audio-okx: rx_bytes_total=79111392 rx_short_packets=6312
usb-pump-logring: backlog_hwm=8192
a2dp: codec=LDAC bitrate=990000 fill=1760/4608 ovr_frames=0 und=1469 report_dt_us=1217971
wdt: USB_TIMER max_stale_ms=0 deadline_ms=100 enabled=1
wdt: USB_TASK max_stale_ms=0 deadline_ms=250 enabled=1
wdt: BTSTACK max_stale_ms=0 deadline_ms=1000 enabled=1
wdt: MEDIA max_stale_ms=0 deadline_ms=500 enabled=1
usb-audio: streaming rate=48000Hz ch=2 bits=16 measured=190805 B/s (194176 bytes / 1017ms)
usb-pump: packets=412917 log_drops=413075 report_dt_us=1017508
usb-pump-race: pump_ticks_run=593887 sof_isratr pc0=100036f3 b0=00044217 pc1=100036bd b1=00029353 pc2=10003713 b2=00026696                                                
=594187
usb-sof-2ap: sof_streaming=437567 got=412917 miss_avail=1366 miss_unavail=23284 hw_unavail=24826
usb-audio-fix: fb_dondrn c=00006674 s=00000000 z=00002207 bd=0000362880 bp=0000369728 dr=0000417885                                                
e=431383
usb-audio-okx: rx_bytes_total=79305376 rx_short_packets=6328
usb-pump-logring: backlog_hwm=8192
a2dp: codec=LDAC bitctr s=0000000571 u=0000603526 t=0000042556 e=0000158177 p=0000079088 d=0000008214 c=0000029842 o=0000000000                   
rate=990000 fill=1888/4608 ovr_frames=0 und=1469 report_dt_us=1017508
wdt: USB_TIMER max_stale_ms=0 deadline_ms=100 enabled=1
wdt: USB_TASK max_stale_ms=0 deadline_ms=250 enabled=1
wdt: BTSTACK max_stale_ms=0 deadline_ms=1000 enabled=1
wdt: MEDIA max_stale_ms=0 deadline_ms=500 enabled=1
usb-audio: streaming rate=48000Hz ch=2 bits=16 measured=190497 B/s (191676 bytes / 1006ms)
usb-pump: packets=413916 log_drops=413829 report_dt_us=1006999
usb-pump-race: pump_ticks_run=594894 sof_isr=595194
usb-sof-2ap: sof_streaming=438574 got=413916 miss_avail=1372 miss_unavail=23286 hw_unavail=24834
usb-audio-fix: fb_done=432390
usb-audio-okx: rx_bytes_total=79497436 rx_short_packets=6343
usb-pump-logring: backlog_hwm=8192
wdt: USB_TIMER max_stale_ms=0 deadline_ms=100 enabled=1
wdt: USB_TASK max_stale_ms=0 deadline_ms=250 enabled=1
wdt: BTSTACK max_stale_ms=0 deadline_ms=1000 enabled=1
wdt: MEDIA max_stale_ms=0 deadline_ms=500 enabled=1
usb-audio: streaming rate=48000Hz ch=2 bits=16 measured=190506 B/s (229516 bytes / 1204ms)
usb-pump: packets=415110 log_drops=414674 report_dt_us=1203977
usb-pump-race: pump_ticks_run=596097 sof_isr=atr pc0=100036f3 b0=00044315 pc1=100036bd b1=00029417 pc2=10003713 b2=00026758                                                
596398
usb-sof-2ap: sof_streaming=439778 got=415110 miss_avail=1381 miss_unavail=23287 hw_unavail=24844
usb-audio-fix: fb_donedrn c=00006681 s=00000000 z=00002207 bd=0000364288 bp=0000371136 dr=0000417978                                                
=433593
usb-audio-okx: rx_bytes_total=79726568 rx_short_packets=6362
usb-pump-logring: backlog_hwm=8192
a2dp: codec=LDAC bitrctr s=0000000572 u=0000604549 t=0000042647 e=0000158508 p=0000079254 d=0000008219 c=0000029925 o=0000000000                   
ate=990000 fill=1512/4608 ovr_frames=0 und=1469 report_dt_us=1203977
a2dp: enc_max_us=1810 pkt_sent=77856 pkt_fail=0 misaligned=0
a2dp: tick_count=41946 worst_tick_interval_us=14467 enc_frames_total=155713
wdt: USB_TIMER max_stale_ms=0 deadline_ms=100 enabled=1
wdt: USB_TASK max_stale_ms=0 deadline_ms=250 enabled=1
wdt: BTSTACK max_stale_ms=0 deadline_ms=1000 enabled=1
wdt: MEDIA max_stale_ms=0 deadline_ms=500 enabled=1
usb-audio: streaming rate=48000Hz ch=2 bits=16 measured=189815 B/s (233356 bytes / 1229ms)
usb-pump: packets=416326 log_drops=415289 report_dt_us=1229537
usb-pump-race: pump_ticks_run=597327 sof_isr=597628
usb-sof-2ap: sof_streaming=441008 got=416326 miss_avail=1394 miss_unavail=23288 hw_unavail=24859
usb-audio-fix: fb_done=434823
usb-audio-okx: rx_bytes_total=79960116 rx_short_packets=6381
usb-pump-logring: backlog_hwm=8192
a2dp: codec=LDAC bitrate=990000 fill=1588/4608 ovr_frames=0 und=1469 report_dt_us=1229537
a2dp: enc_max_us=1810 pkt_sent=78084 pkt_fail=0 misaligned=0
a2dp: tick_count=42055 worst_tick_interval_us=14467 enc_frames_total=156169
wdt: USB_TIMER max_stale_ms=0 deadline_ms=100 enabled=1
wdt: USB_TASK max_stale_ms=0 deadline_ms=250 enabled=1
wdt: BTSTACK max_stale_ms=0 deadline_ms=1000 enabled=1
wdt: MEDIA max_stale_ms=0 deadline_ms=500 enabled=1
usb-audio: streaming rate=48000Hz ch=2 bits=16 measured=189076 B/s (229132 bytes / 1211ms)
usb-pump: packets=417519 log_drops=415904 report_dt_us=1211816
usb-pump-race: pump_ticks_run=598539 sof_isr=598840
usb-sof-2ap: sof_streaming=442220 got=417519 miss_avail=1412 miss_unavail=23289 hw_unavail=24878
usb-audio-fix: fb_done=436035
usb-audatr pc0=100036f3 b0=00044413 pc1=100036bd b1=00029481 pc2=10003713 b2=00026820                                                
io-okx: rx_bytes_total=80189248 rx_short_packets=6400
usb-pump-logring: backlog_hwm=8192
a2dp: codec=LDAC bitrate=990000 fill=drn c=00006690 s=00000000 z=00002207 bd=0000366208 bp=0000372543 dr=0000418071                                                
1856/4608 ovr_frames=0 und=1469 report_dt_us=1211816
a2dp: enc_max_us=1810 pkt_sent=78308 pkt_fail=0 misaligned=0
a2dp: tick_cctr s=0000000573 u=0000605612 t=0000042742 e=0000158824 p=0000079412 d=0000008220 c=0000030015 o=0000000000                   
ount=42162 worst_tick_interval_us=14467 enc_frames_total=156616
wdt: USB_TIMER max_stale_ms=0 deadline_ms=100 enabled=1
wdt: USB_TASK max_stale_ms=0 deadline_ms=250 enabled=1
wdt: BTSTACK max_stale_ms=0 deadline_ms=1000 enabled=1
wdt: MEDIA max_stale_ms=0 deadline_ms=500 enabled=1
usb-audio: streaming rate=48000Hz ch=2 bits=16 measured=185784 B/s (202436 bytes / 1089ms)
usb-pump: packets=418572 log_drops=416519 report_dt_us=1089501
usb-pump-race: pump_ticks_run=599620 sof_isr=599929
usb-sof-2ap: sof_streaming=443309 got=418572 miss_avail=1438 miss_unavail=23299 hw_unavail=24914
usb-audio-fix: fb_done=437116
usb-audio-okx: rx_bytes_total=80391492 rx_short_packets=6417
usb-pump-logring: backlog_hwm=8192
a2dp: codec=LDAC bitrate=990000 fill=1860/4608 ovr_frames=0 und=1470 report_dt_us=1089501
a2dp: enc_max_us=1810 pkt_sent=78505 pkt_fail=0 misaligned=0
a2dp: tick_count=42258 worst_tick_interval_us=14467 enc_frames_total=157011
frame 6661: render=188573us blit=13475us total=202100us
wdt: USB_TIMER max_stale_ms=0 deadline_ms=100 enabled=1
wdt: USB_TASK max_stale_ms=0 deadline_ms=250 enabled=1
wdt: BTSTACK max_stale_ms=0 deadline_ms=1000 enabled=1
wdt: MEDIA max_stale_ms=0 deadline_ms=500 enabled=1
usb-audio: streaming rate=48000Hz ch=2 bits=16 measured=182865 B/s (198592 bytes / 1085ms)
usb-pump: packets=419606 log_drops=417134 report_dt_us=1085983
usb-pump-race: pump_ticks_run=600705 sof_isr=601015
usb-sof-2ap: sof_streaming=444395 got=419606 miss_avail=1486 miss_unavail=23303 hw_unavail=24967
usb-audio-fix: fb_done=438201
usb-audio-okx: rx_bytes_total=80590084 rx_short_packets=6433
usb-pump-logring: backlog_hwm=8192
a2dp: codec=LDAC bitrate=990000 fill=1796/4608 ovr_frames=0 und=1470 report_dt_us=1085983
a2dp: enc_max_us=1810 pkt_sent=78699 pkt_fail=0 misaligned=0
a2dp: tick_count=42354 worst_tick_interval_us=14467 enc_frames_total=157399
a2dp: frames_per_packeatr pc0=100036f3 b0=00044511 pc1=100036bd b1=00029545 pc2=10003713 b2=00026882                                                
t=1 credit_clamped_samples=2796791 credit_clamp_events=8973 flush_frames=0 resync_drops=0 fill_ema=1470 fill_min=400
a2dp: stopdrn c=00006700 s=00000000 z=00002207 bd=0000368384 bp=0000374044 dr=0000418071                                                
_credit=29657 stop_queue_full=15 stop_ring_empty=1470 stop_dwell=8199 fill_short_read=0
wdt: USB_TIMER max_stale_ms=0 deadline_ctr s=0000000574 u=0000606659 t=0000042835 e=0000159119 p=0000079559 d=0000008222 c=0000030101 o=0000000000                   
ms=100 enabled=1
wdt: USB_TASK max_stale_ms=0 deadline_ms=250 enabled=1
wdt: BTSTACK max_stale_ms=0 deadline_ms=1000 enabled=1
wdt: MEDIA max_stale_ms=0 deadline_ms=500 enabled=1
usb-audio: streaming rate=48000Hz ch=2 bits=16 measured=178021 B/s (199176 bytes / 1118ms)
usb-pump: packets=420643 log_drops=417510 report_dt_us=1118846
usb-pump-race: pump_ticks_run=601821 sof_isr=602134
usb-sof-2ap: sof_streaming=445514 got=420643 miss_avail=1562 miss_unavail=23309 hw_unavail=25048
usb-audio-fix: fb_done=439317
usb-audio-okx: rx_bytes_total=80789260 rx_short_packets=6451
usb-pump-logring: backlog_hwm=8192
a2dp: codec=LDAC bitrate=990000 fill=1292/4608 ovr_frames=0 und=1470 report_dt_us=1118846
a2dp: enc_max_us=1810 pkt_sent=78894 pkt_fail=0 misaligned=0
a2dp: tick_count=42453 worst_tick_interval_us=14467 enc_frames_total=157789
a2dp: frames_per_packet=1 credit_clamped_samples=2800662 credit_clamp_events=9046 flush_frames=0 resync_drops=0 fill_ema=1348 fill_min=360
a2dp: stop_credit=29748 stop_queue_full=15 stop_ring_empty=1470 stop_dwell=8207 fill_short_read=0
wdt: USB_TIMER max_stale_ms=0 deadline_ms=100 enabled=1
wdt: USB_TASK max_stale_ms=0 deadline_ms=250 enabled=1
wdt: BTSTACK max_stale_ms=0 deadline_ms=1000 enabled=1
wdt: MEDIA max_stale_ms=0 deadline_ms=500 enabled=1
usb-audio: streaming rate=48000Hz ch=2 bits=16 measured=172131 B/s (197256 bytes / 1145ms)
usb-pump: packets=421677 log_drops=417885 report_dt_us=1153093
usb-pump-race: pump_ticks_run=602974 sof_isr=603287
usb-sof-2ap: sof_streaming=446667 got=421677 miss_avail=1676 miss_unavail=23314 hw_unavail=25167
usb-audio-fix: fb_done=440470
usb-audio-okx: rx_bytes_total=80987860 rx_short_packets=6469
usb-pump-logring: backlog_hwm=8192
a2dp: codec=LDAC bitrate=990000 fill=1236/4608 ovr_frames=0 und=1472 report_dt_us=1153093
a2dp: enc_max_us=1810 pkt_sent=79088 pkt_fail=0 misaligned=0
a2dp: tick_count=42556 worst_tick_interval_us=14467 enc_frames_total=158177
a2dp: frames_per_packet=1 credit_clamped_samples=2806389 credit_clamp_events=9126 flush_frames=0 resync_drops=0 fill_ema=1180 fill_min=64
a2dp: stop_credit=29842 stop_queue_full=15 stop_ring_empty=14atr pc0=100036f3 b0=00044609 pc1=100036bd b1=00029609 pc2=10003713 b2=00026944                                                
72 stop_dwell=8214 fill_short_read=0
a2dp: WARNING stop_dwell rose by 7 this report window (total=8214) -- the dwell-safety bacdrn c=00006711 s=00000000 z=00002207 bd=0000370816 bp=0000375545 dr=0000418071                                                
kstop tripped; encode is NOT finishing inside its credit budget and pl_a2dp_fill is being force-stopped by PL_A2DP_MAX_ENCODE_DWctr s=0000000575 u=0000607673 t=0000042925 e=0000159387 p=0000079693 d=0000008224 c=0000030184 o=0000000000                   
ELL_US, not by the credit clock. See a2dp.c:609's doc comment.
wdt: USB_TIMER max_stale_ms=0 deadline_ms=100 enabled=1
wdt: USB_TASK max_stale_ms=0 deadline_ms=250 enabled=1
wdt: BTSTACK max_stale_ms=0 deadline_ms=1000 enabled=1
wdt: MEDIA max_stale_ms=0 deadline_ms=500 enabled=1
usb-audio: streaming rate=48000Hz ch=2 bits=16 measured=165455 B/s (170364 bytes / 1029ms)
usb-pump: packets=422558 log_drops=417978 report_dt_us=1022673
usb-pump-race: pump_ticks_run=603996 sof_isr=604310
usb-sof-2ap: sof_streaming=447690 got=422558 miss_avail=1815 miss_unavail=23317 hw_unavail=25310
usb-audio-fix: fb_done=441492
usb-audio-okx: rx_bytes_total=81157072 rx_short_packets=6484
usb-pump-logring: backlog_hwm=8192
a2dp: codec=LDAC bitrate=990000 fill=976/4608 ovr_frames=0 und=1475 report_dt_us=1022673
a2dp: enc_max_us=1810 pkt_sent=79254 pkt_fail=0 misaligned=0
a2dp: tick_count=42647 worst_tick_interval_us=14467 enc_frames_total=158508
a2dp: frames_per_packet=1 credit_clamped_samples=2813135 credit_clamp_events=9203 flush_frames=0 resync_drops=0 fill_ema=1128 fill_min=76
a2dp: stop_credit=29925 stop_queue_full=15 stop_ring_empty=1475 stop_dwell=8219 fill_short_read=0
a2dp: WARNING stop_dwell rose by 5 this report window (total=8219) -- the dwell-safety backstop tripped; encode is NOT finishing inside its credit budget and pl_a2dp_fill is being force-stopped by PL_A2DP_MAX_ENCODE_DWELL_US, not by the credit clock. See a2dp.c:609's doc comment.
wdt: USB_TIMER max_stale_ms=0 deadline_ms=100 enabled=1
wdt: USB_TASK max_stale_ms=0 deadline_ms=250 enabled=1
wdt: BTSTACK max_stale_ms=0 deadline_ms=1000 enabled=1
wdt: MEDIA max_stale_ms=0 deadline_ms=500 enabled=1
usb-audio: streaming rate=48000Hz ch=2 bits=16 measured=152392 B/s (162104 bytes / 1063ms)
usb-pump: packets=423401 log_drops=418071 report_dt_us=1063587
usb-pump-race: pump_ticks_run=605050 sof_isr=605373
usb-sof-2ap: sof_streaming=448753 got=423401 miss_avail=2022 miss_unavail=23330 hw_unavail=25531
usb-audio-fix: fb_done=442546
usb-audio-okx: rx_bytes_total=81318984 rx_short_packets=6498
usb-pump-logring: backlog_hwm=8192
a2dp: codec=LDAC bitrate=990000 fill=1096/4608 ovr_frames=0 und=1479 report_dt_us=1063587
a2dp: enc_max_us=1810 pkt_sent=79412 pkt_fail=0 misaligned=0
a2dp: tick_count=42742 worst_tick_interval_us=14467 enc_frames_total=158824
a2dp: frames_per_packet=1 credit_clamped_samples=2823652 credit_clamp_eveatr pc0=100036f3 b0=00044707 pc1=100036bd b1=00029673 pc2=10003713 b2=00027006                                                
nts=9292 flush_frames=0 resync_drops=0 fill_ema=1003 fill_min=88
a2dp: stop_credit=30015 stop_queue_full=15 stop_ring_empty=147drn c=00006723 s=00000000 z=00002207 bd=0000373504 bp=0000377100 dr=0000418071                                                
9 stop_dwell=8220 fill_short_read=0
a2dp: WARNING stop_dwell rose by 1 this report window (total=8220) -- the dwell-safety backctr s=0000000576 u=0000608712 t=0000043017 e=0000159649 p=0000079824 d=0000008226 c=0000030263 o=0000000000                   
stop tripped; encode is NOT finishing inside its credit budget and pl_a2dp_fill is being force-stopped by PL_A2DP_MAX_ENCODE_DWELL_US, not by the credit clock. See a2dp.c:609's doc comment.
a2dp: payloads_sealed=79412 tx_depth_max=5 grants=79412 spurious_grants=0 dwell_max_us=7247
wdt: USB_TIMER max_stale_ms=0 deadline_ms=100 enabled=1
wdt: USB_TASK max_stale_ms=0 deadline_ms=250 enabled=1
wdt: BTSTACK max_stale_ms=0 deadline_ms=1000 enabled=1
wdt: MEDIA max_stale_ms=0 deadline_ms=500 enabled=1
usb-audio: streaming rate=48000Hz ch=2 bits=16 measured=144601 B/s (151360 bytes / 1046ms)
usb-pump: packets=424189 log_drops=418071 report_dt_us=1046740
usb-pump-race: pump_ticks_run=606096 sof_isr=606420
usb-sof-2ap: sof_streaming=449800 got=424189 miss_avail=2269 miss_unavail=23342 hw_unavail=25792
usb-audio-fix: fb_done=443592
usb-audio-okx: rx_bytes_total=81470344 rx_short_packets=6514
usb-pump-logring: backlog_hwm=8192
a2dp: codec=LDAC bitrate=990000 fill=1416/4608 ovr_frames=0 und=1484 report_dt_us=1046740
a2dp: enc_max_us=1810 pkt_sent=79559 pkt_fail=0 misaligned=0
a2dp: tick_count=42835 worst_tick_interval_us=14467 enc_frames_total=159119
a2dp: frames_per_packet=1 credit_clamped_samples=2836102 credit_clamp_events=9383 flush_frames=0 resync_drops=0 fill_ema=910 fill_min=160
a2dp: stop_credit=30101 stop_queue_full=15 stop_ring_empty=1484 stop_dwell=8222 fill_short_read=0
a2dp: WARNING stop_dwell rose by 2 this report window (total=8222) -- the dwell-safety backstop tripped; encode is NOT finishing inside its credit budget and pl_a2dp_fill is being force-stopped by PL_A2DP_MAX_ENCODE_DWELL_US, not by the credit clock. See a2dp.c:609's doc comment.
a2dp: payloads_sealed=79559 tx_depth_max=5 grants=79559 spurious_grants=0 dwell_max_us=7247
wdt: USB_TIMER max_stale_ms=0 deadline_ms=100 enabled=1
wdt: USB_TASK max_stale_ms=0 deadline_ms=250 enabled=1
wdt: BTSTACK max_stale_ms=98 deadline_ms=1000 enabled=1
wdt: MEDIA max_stale_ms=0 deadline_ms=500 enabled=1
usb-audio: streaming rate=48000Hz ch=2 bits=16 measured=134676 B/s (135600 bytes / 1006ms)
usb-pump: packets=424895 log_drops=418071 report_dt_us=1006873
usb-pump-race: pump_ticks_run=607100 sof_isr=607427
usb-sof-2ap: sof_streaming=450807 got=424895 miss_avail=2559 miss_unavail=23353 hw_unavail=26094
usb-audio-fix: fb_done=444603
usb-audio-okx: rx_bytes_total=81606712 rx_short_packets=6526
usb-pump-logring: backloatr pc0=100036f3 b0=00044805 pc1=100036bd b1=00029737 pc2=10003713 b2=00027068                                                
g_hwm=8192
a2dp: codec=LDAC bitrate=990000 fill=568/4608 ovr_frames=0 und=1489 report_dt_us=1006873
a2dp: enc_max_us=1810 pkt_drn c=00006735 s=00000000 z=00002207 bd=0000376192 bp=0000378600 dr=0000418071                                                
sent=79693 pkt_fail=0 misaligned=0
a2dp: tick_count=42925 worst_tick_interval_us=14467 enc_frames_total=159387
a2dp: frames_pectr s=0000000577 u=0000609717 t=0000043107 e=0000159899 p=0000079949 d=0000008226 c=0000030343 o=0000000000                   
r_packet=1 credit_clamped_samples=2850596 credit_clamp_events=9473 flush_frames=0 resync_drops=0 fill_ema=870 fill_min=12
a2dp: stop_credit=30184 stop_queue_full=15 stop_ring_empty=1489 stop_dwell=8224 fill_short_read=0
a2dp: WARNING stop_dwell rose by 2 this report window (total=8224) -- the dwell-safety backstop tripped; encode is NOT finishing inside its credit budget and pl_a2dp_fill is being force-stopped by PL_A2DP_MAX_ENCODE_DWELL_US, not by the credit clock. See a2dp.c:609's doc comment.
a2dp: payloads_sealed=79693 tx_depth_max=5 grants=79693 spurious_grants=0 dwell_max_us=7247
frame 6721: render=65055us blit=13476us total=78584us
wdt: USB_TIMER max_stale_ms=0 deadline_ms=100 enabled=1
wdt: USB_TASK max_stale_ms=0 deadline_ms=250 enabled=1
wdt: BTSTACK max_stale_ms=81 deadline_ms=1000 enabled=1
wdt: MEDIA max_stale_ms=0 deadline_ms=500 enabled=1
usb-audio: streaming rate=48000Hz ch=2 bits=16 measured=129737 B/s (135784 bytes / 1046ms)
usb-pump: packets=425603 log_drops=418071 report_dt_us=1046648
usb-pump-race: pump_ticks_run=608146 sof_isr=608474
usb-sof-2ap: sof_streaming=451854 got=425603 miss_avail=2879 miss_unavail=23372 hw_unavail=26433
usb-audio-fix: fb_done=445642
usb-audio-okx: rx_bytes_total=81741920 rx_short_packets=6536
usb-pump-logring: backlog_hwm=8192
a2dp: codec=LDAC bitrate=990000 fill=1632/4608 ovr_frames=0 und=1500 report_dt_us=1046648
a2dp: enc_max_us=1810 pkt_sent=79824 pkt_fail=0 misaligned=0
a2dp: tick_count=43017 worst_tick_interval_us=14467 enc_frames_total=159649
a2dp: frames_per_packet=1 credit_clamped_samples=2866695 credit_clamp_events=9565 flush_frames=0 resync_drops=0 fill_ema=794 fill_min=8
a2dp: stop_credit=30263 stop_queue_full=15 stop_ring_empty=1500 stop_dwell=8226 fill_short_read=0
a2dp: WARNING stop_dwell rose by 2 this report window (total=8226) -- the dwell-safety backstop tripped; encode is NOT finishing inside its credit budget and pl_a2dp_fill is being force-stopped by PL_A2DP_MAX_ENCODE_DWELL_US, not by the credit clock. See a2dp.c:609's doc comment.
a2dp: payloads_sealed=79824 tx_depth_max=5 grants=79824 spurious_grants=0 dwell_max_us=7247
wdt: USB_TIMER max_stale_ms=0 deadline_ms=100 enabled=1
wdt: USB_TASK max_stale_ms=0 deadline_ms=250 enabled=1
wdt: BTSTACK max_stale_ms=80 deadline_ms=1000 enabled=1
wdt: MEDIA max_stale_ms=0 deadline_ms=500 enabled=1
usb-audio: streaming rate=48000Hz ch=2 bits=16 measured=126352 B/s (126968 bytes / 1004ms)
usb-pump: packets=426263 log_drops=418071 report_dt_us=1004815
usb-pump-race: pump_ticks_run=609143 sof_isr=609478
usb-sof-2ap: sof_streaming=452858 got=426263 miss_avail=3197 miss_unavail=23398 hw_unavail=26777
usb-auatr pc0=100036f3 b0=00044903 pc1=100036bd b1=00029801 pc2=10003713 b2=00027130                                                
dio-fix: fb_done=446640
usb-audio-okx: rx_bytes_total=81868888 rx_short_packets=6550
usb-pump-logring: backlog_hwm=8192
a2dp:drn c=00006748 s=00000000 z=00002207 bd=0000379136 bp=0000379818 dr=0000418071                                                
 codec=LDAC bitrate=990000 fill=600/4608 ovr_frames=0 und=1510 report_dt_us=1004815
a2dp: enc_max_us=1810 pkt_sent=79949 pkt_factr s=0000000578 u=0000610787 t=0000043202 e=0000160163 p=0000080081 d=0000008226 c=0000030426 o=0000000000                   
il=0 misaligned=0
a2dp: tick_count=43107 worst_tick_interval_us=14467 enc_frames_total=159899
a2dp: frames_per_packet=1 credit_clamped_samples=2883264 credit_clamp_events=9655 flush_frames=0 resync_drops=0 fill_ema=711 fill_min=32
a2dp: stop_credit=30343 stop_queue_full=15 stop_ring_empty=1510 stop_dwell=8226 fill_short_read=0
a2dp: payloads_sealed=79949 tx_depth_max=5 grants=79949 spurious_grants=0 dwell_max_us=7247
wdt: USB_TIMER max_stale_ms=0 deadline_ms=100 enabled=1
wdt: USB_TASK max_stale_ms=0 deadline_ms=250 enabled=1
wdt: BTSTACK max_stale_ms=91 deadline_ms=1000 enabled=1
wdt: MEDIA max_stale_ms=0 deadline_ms=500 enabled=1
usb-audio: streaming rate=48000Hz ch=2 bits=16 measured=126492 B/s (135412 bytes / 1070ms)
usb-pump: packets=426968 log_drops=418071 report_dt_us=1070509
usb-pump-race: pump_ticks_run=610213 sof_isr=610549
usb-sof-2ap: sof_streaming=453929 got=426968 miss_avail=3538 miss_unavail=23423 hw_unavail=27144
usb-audio-fix: fb_done=447709
usb-audio-okx: rx_bytes_total=82004108 rx_short_packets=6563
usb-pump-logring: backlog_hwm=8192
a2dp: codec=LDAC bitrate=990000 fill=652/4608 ovr_frames=0 und=1522 report_dt_us=1070509
a2dp: enc_max_us=1810 pkt_sent=80081 pkt_fail=0 misaligned=0
a2dp: tick_count=43202 worst_tick_interval_us=14467 enc_frames_total=160163
a2dp: frames_per_packet=1 credit_clamped_samples=2900639 credit_clamp_events=9750 flush_frames=0 resync_drops=0 fill_ema=794 fill_min=52
a2dp: stop_credit=30426 stop_queue_full=15 stop_ring_empty=1522 stop_dwell=8226 fill_short_read=0
a2dp: payloads_sealed=80081 tx_depth_max=5 grants=80081 spurious_grants=0 dwell_max_us=7247
atr pc0=100036f3 b0=00045001 pc1=100036bd b1=00029865 pc2=10003713 b2=00027192                                                
wdt: USB_TIMER max_stale_ms=0 deadline_ms=100 enabled=1
wdt: USB_TASK max_stale_ms=0 deadline_ms=250 enabled=1
wdt: BTSTACK madrn c=00006761 s=00000000 z=00002207 bd=0000381036 bp=0000381036 dr=0000418071                                                
x_stale_ms=79 deadline_ms=1000 enabled=1
wdt: MEDIA max_stale_ms=0 deadline_ms=500 enabled=1
usb-audio: streaming rate=48000Hzctr s=0000000579 u=0000611862 t=0000043298 e=0000160424 p=0000080212 d=0000008229 c=0000030500 o=0000000000                   
 ch=2 bits=16 measured=124129 B/s (132932 bytes / 1070ms)
usb-pump: packets=427660 log_drops=418071 report_dt_us=1070919
usb-pump-race: pump_ticks_run=611280 sof_isr=611620
usb-sof-2ap: sof_streaming=455000 got=427660 miss_avail=3885 miss_unavail=23455 hw_unavail=27523
usb-audio-fix: fb_done=448776
usb-audio-okx: rx_bytes_total=82137040 rx_short_packets=6580
usb-pump-logring: backlog_hwm=8192
a2dp: codec=LDAC bitrate=990000 fill=464/4608 ovr_frames=0 und=1540 report_dt_us=1070919
a2dp: enc_max_us=1810 pkt_sent=80211 pkt_fail=0 misaligned=0
a2dp: tick_count=43297 worst_tick_interval_us=14467 enc_frames_total=160423
a2dp: frames_per_packet=1 credit_clamped_samples=2918849 credit_clamp_events=9845 flush_frames=0 resync_drops=0 fill_ema=911 fill_min=32
a2dp: stop_credit=30500 stop_queue_full=15 stop_ring_empty=1540 stop_dwell=8229 fill_short_read=0
a2dp: WARNING stop_dwell rose by 3 this report window (total=8229) -- the dwell-safety backstop tripped; encode is NOT finishing inside its credit budget and pl_a2dp_fill is being force-stopped by PL_A2DP_MAX_ENCODE_DWELL_US, not by the credit clock. See a2dp.c:609's doc comment.
a2dp: payloads_sealed=80211 tx_depth_max=5 grants=80211 spurious_grants=0 dwell_max_us=7247
atr pc0=100036f3 b0=00045099 pc1=100036bd b1=00029929 pc2=10003713 b2=00027254                                                
wdt: USB_TIMER max_stale_ms=0 deadline_ms=100 enabled=1
wdt: USB_TASK max_stale_ms=0 deadline_ms=250 enabled=1
wdt: BTSTACK madrn c=00006774 s=00000000 z=00002207 bd=0000382536 bp=0000382536 dr=0000418071                                                
x_stale_ms=88 deadline_ms=1000 enabled=1
wdt: MEDIA max_stale_ms=0 deadline_ms=500 enabled=1
usb-audio: streaming rate=48000Hzctr s=0000000580 u=0000612873 t=0000043387 e=0000160663 p=0000080331 d=0000008232 c=0000030567 o=0000000000                   
 ch=2 bits=16 measured=121767 B/s (123500 bytes / 1014ms)
usb-pump: packets=428303 log_drops=418071 report_dt_us=1014220
usb-pump-race: pump_ticks_run=612293 sof_isr=612634
usb-sof-2ap: sof_streaming=456014 got=428303 miss_avail=4214 miss_unavail=23497 hw_unavail=27894
usb-audio-fix: fb_done=449789
usb-audio-okx: rx_bytes_total=82260540 rx_short_packets=6591
usb-pump-logring: backlog_hwm=8192
a2dp: codec=LDAC bitrate=990000 fill=1084/4608 ovr_frames=0 und=1560 report_dt_us=1014220
a2dp: enc_max_us=1810 pkt_sent=80331 pkt_fail=0 misaligned=0
a2dp: tick_count=43387 worst_tick_interval_us=14467 enc_frames_total=160663
a2dp: frames_per_packet=1 credit_clamped_samples=2936687 credit_clamp_events=9935 flush_frames=0 resync_drops=0 fill_ema=838 fill_min=32
a2dp: stop_credit=30567 stop_queue_full=15 stop_ring_empty=1560 stop_dwell=8232 fill_short_read=0
a2dp: WARNING stop_dwell rose by 3 this report window (total=8232) -- the dwell-safety backstop tripped; encode is NOT finishing inside its credit budget and pl_a2dp_fill is being force-stopped by PL_A2DP_MAX_ENCODE_DWELL_US, not by the credit clock. See a2dp.c:609's doc comment.
a2dp: payloads_sealed=80331 tx_depth_max=5 grants=80331 spurious_grants=0 dwell_max_us=7247
frame 6781: render=65056us blit=13476us total=78586us
atr pc0=100036f3 b0=00045197 pc1=100036bd b1=00029993 pc2=10003713 b2=00027316                                                
wdt: USB_TIMER max_stale_ms=0 deadline_ms=100 enabled=1
wdt: USB_TASK max_stale_ms=0 deadline_ms=250 enabled=1
wdt: BTSTACK madrn c=00006787 s=00000000 z=00002207 bd=0000384092 bp=0000384092 dr=0000418071                                                
x_stale_ms=88 deadline_ms=1000 enabled=1
wdt: MEDIA max_stale_ms=0 deadline_ms=500 enabled=1
usb-audio: streaming rate=48000Hzctr s=0000000581 u=0000613908 t=0000043479 e=0000160909 p=0000080454 d=0000008233 c=0000030645 o=0000000000                   
 ch=2 bits=16 measured=121314 B/s (125636 bytes / 1035ms)
usb-pump: packets=428957 log_drops=418071 report_dt_us=1035720
usb-pump-race: pump_ticks_run=613328 sof_isr=613670
usb-sof-2ap: sof_streaming=457050 got=428957 miss_avail=4518 miss_unavail=23575 hw_unavail=28278
usb-audio-fix: fb_done=450824
usb-audio-okx: rx_bytes_total=82386176 rx_short_packets=6608
usb-pump-logring: backlog_hwm=8192
a2dp: codec=LDAC bitrate=990000 fill=768/4608 ovr_frames=0 und=1573 report_dt_us=1035720
a2dp: enc_max_us=1810 pkt_sent=80454 pkt_fail=0 misaligned=0
a2dp: tick_count=43479 worst_tick_interval_us=14467 enc_frames_total=160909
a2dp: frames_per_packet=1 credit_clamped_samples=2954937 credit_clamp_events=10027 flush_frames=0 resync_drops=0 fill_ema=871 fill_min=44
a2dp: stop_credit=30645 stop_queue_full=15 stop_ring_empty=1573 stop_dwell=8233 fill_short_read=0
a2dp: WARNING stop_dwell rose by 1 this report window (total=8233) -- the dwell-safety backstop tripped; encode is NOT finishing inside its credit budget and pl_a2dp_fill is being force-stopped by PL_A2DP_MAX_ENCODE_DWELL_US, not by the credit clock. See a2dp.c:609's doc comment.
a2dp: payloads_sealed=80454 tx_depth_max=5 grants=80454 spurious_grants=0 dwell_max_us=7247
atr pc0=100036f3 b0=00045295 pc1=100036bd b1=00030057 pc2=10003713 b2=00027378                                                
wdt: USB_TIMER max_stale_ms=0 deadline_ms=100 enabled=1
wdt: USB_TASK max_stale_ms=0 deadline_ms=250 enabled=1
wdt: BTSTACK madrn c=00006800 s=00000000 z=00002207 bd=0000385593 bp=0000385593 dr=0000418071                                                
x_stale_ms=78 deadline_ms=1000 enabled=1
wdt: MEDIA max_stale_ms=0 deadline_ms=500 enabled=1
usb-audio: streaming rate=48000Hzctr s=0000000582 u=0000614932 t=0000043570 e=0000161149 p=0000080574 d=0000008233 c=0000030727 o=0000000000                   
 ch=2 bits=16 measured=120049 B/s (122928 bytes / 1023ms)
usb-pump: packets=429598 log_drops=418071 report_dt_us=1023905
usb-pump-race: pump_ticks_run=614350 sof_isr=614694
usb-sof-2ap: sof_streaming=458074 got=429598 miss_avail=4800 miss_unavail=23676 hw_unavail=28662
usb-audio-fix: fb_done=451846
usb-audio-okx: rx_bytes_total=82509296 rx_short_packets=6620
usb-pump-logring: backlog_hwm=8192
a2dp: codec=LDAC bitrate=990000 fill=1008/4608 ovr_frames=0 und=1582 report_dt_us=1023905
a2dp: enc_max_us=1810 pkt_sent=80574 pkt_fail=0 misaligned=0
a2dp: tick_count=43570 worst_tick_interval_us=14467 enc_frames_total=161149
a2dp: frames_per_packet=1 credit_clamped_samples=2973426 credit_clamp_events=10118 flush_frames=0 resync_drops=0 fill_ema=732 fill_min=32
a2dp: stop_credit=30727 stop_queue_full=15 stop_ring_empty=1582 stop_dwell=8233 fill_short_read=0
a2dp: payloads_sealed=80574 tx_depth_max=5 grants=80574 spurious_grants=0 dwell_max_us=7247
atr pc0=100036f3 b0=00045393 pc1=100036bd b1=00030121 pc2=10003713 b2=00027440                                                
wdt: USB_TIMER max_stale_ms=0 deadline_ms=100 enabled=1
wdt: USB_TASK max_stale_ms=0 deadline_ms=250 enabled=1
wdt: BTSTACK madrn c=00006813 s=00000000 z=00002207 bd=0000386813 bp=0000386813 dr=0000418071                                                
x_stale_ms=79 deadline_ms=1000 enabled=1
wdt: MEDIA max_stale_ms=0 deadline_ms=500 enabled=1
usb-audio: streaming rate=48000Hzctr s=0000000583 u=0000615948 t=0000043660 e=0000161386 p=0000080693 d=0000008234 c=0000030794 o=0000000000                   
 ch=2 bits=16 measured=119528 B/s (121376 bytes / 1015ms)
usb-pump: packets=430229 log_drops=418071 report_dt_us=1015413
usb-pump-race: pump_ticks_run=615364 sof_isr=615709
usb-sof-2ap: sof_streaming=459089 got=430229 miss_avail=5051 miss_unavail=23809 hw_unavail=29048
usb-audio-fix: fb_done=452860
usb-audio-okx: rx_bytes_total=82630480 rx_short_packets=6628
usb-pump-logring: backlog_hwm=8192
a2dp: codec=LDAC bitrate=990000 fill=848/4608 ovr_frames=0 und=1604 report_dt_us=1015413
a2dp: enc_max_us=1810 pkt_sent=80693 pkt_fail=0 misaligned=0
a2dp: tick_count=43660 worst_tick_interval_us=14467 enc_frames_total=161386
a2dp: frames_per_packet=1 credit_clamped_samples=2991809 credit_clamp_events=10208 flush_frames=0 resync_drops=0 fill_ema=767 fill_min=76
a2dp: stop_credit=30794 stop_queue_full=15 stop_ring_empty=1604 stop_dwell=8234 fill_short_read=0
a2dp: WARNING stop_dwell rose by 1 this report window (total=8234) -- the dwell-safety backstop tripped; encode is NOT finishing inside its credit budget and pl_a2dp_fill is being force-stopped by PL_A2DP_MAX_ENCODE_DWELL_US, not by the credit clock. See a2dp.c:609's doc comment.
a2dp: payloads_sealed=80693 tx_depth_max=5 grants=80693 spurious_grants=0 dwell_max_us=7247
atr pc0=100036f3 b0=00045491 pc1=100036bd b1=00030185 pc2=10003713 b2=00027502                                                
wdt: USB_TIMER max_stale_ms=0 deadline_ms=100 enabled=1
wdt: USB_TASK max_stale_ms=0 deadline_ms=250 enabled=1
wdt: BTSTACK madrn c=00006826 s=00000000 z=00002207 bd=0000388314 bp=0000388314 dr=0000418071                                                
x_stale_ms=79 deadline_ms=1000 enabled=1
wdt: MEDIA max_stale_ms=0 deadline_ms=500 enabled=1
usb-audio: streaming rate=48000Hzctr s=0000000584 u=0000616967 t=0000043750 e=0000161623 p=0000080811 d=0000008235 c=0000030855 o=0000000000                   
 ch=2 bits=16 measured=118926 B/s (121208 bytes / 1019ms)
usb-pump: packets=430860 log_drops=418071 report_dt_us=1019215
usb-pump-race: pump_ticks_run=616378 sof_isr=616728
usb-sof-2ap: sof_streaming=460108 got=430860 miss_avail=5261 miss_unavail=23987 hw_unavail=29438
usb-audio-fix: fb_done=453874
usb-audio-okx: rx_bytes_total=82751688 rx_short_packets=6642
usb-pump-logring: backlog_hwm=8192
a2dp: codec=LDAC bitrate=990000 fill=712/4608 ovr_frames=0 und=1632 report_dt_us=1019215
a2dp: enc_max_us=1810 pkt_sent=80811 pkt_fail=0 misaligned=0
a2dp: tick_count=43750 worst_tick_interval_us=14467 enc_frames_total=161623
a2dp: frames_per_packet=1 credit_clamped_samples=3010386 credit_clamp_events=10298 flush_frames=0 resync_drops=0 fill_ema=744 fill_min=4
a2dp: stop_credit=30855 stop_queue_full=15 stop_ring_empty=1632 stop_dwell=8235 fill_short_read=0
a2dp: WARNING stop_dwell rose by 1 this report window (total=8235) -- the dwell-safety backstop tripped; encode is NOT finishing inside its credit budget and pl_a2dp_fill is being force-stopped by PL_A2DP_MAX_ENCODE_DWELL_US, not by the credit clock. See a2dp.c:609's doc comment.
a2dp: payloads_sealed=80811 tx_depth_max=5 grants=80811 spurious_grants=0 dwell_max_us=7247
atr pc0=100036f3 b0=00045589 pc1=100036bd b1=00030249 pc2=10003713 b2=00027564                                                
wdt: USB_TIMER max_stale_ms=0 deadline_ms=100 enabled=1
wdt: USB_TASK max_stale_ms=0 deadline_ms=250 enabled=1
wdt: BTSTACK madrn c=00006840 s=00000000 z=00002207 bd=0000389814 bp=0000389814 dr=0000418071                                                
x_stale_ms=75 deadline_ms=1000 enabled=1
wdt: MEDIA max_stale_ms=0 deadline_ms=500 enabled=1
usb-audio: streaming rate=48000Hzctr s=0000000585 u=0000617989 t=0000043841 e=0000161861 p=0000080930 d=0000008235 c=0000030927 o=0000000000                   
 ch=2 bits=16 measured=119338 B/s (121968 bytes / 1022ms)
frame 6841: render=58935us blit=13476us total=72474us
usb-pump: packets=431495 log_drops=418071 report_dt_us=1022082
usb-pump-race: pump_ticks_run=617396 sof_isr=617750
usb-sof-2ap: sof_streaming=461130 got=431495 miss_avail=5439 miss_unavail=24196 hw_unavail=29828
usb-audio-fix: fb_done=454892
usb-audio-okx: rx_bytes_total=82873656 rx_short_packets=6654
usb-pump-logring: backlog_hwm=8192
a2dp: codec=LDAC bitrate=990000 fill=1016/4608 ovr_frames=0 und=1651 report_dt_us=1022082
a2dp: enc_max_us=1810 pkt_sent=80930 pkt_fail=0 misaligned=0
a2dp: tick_count=43841 worst_tick_interval_us=14467 enc_frames_total=161861
a2dp: frames_per_packet=1 credit_clamped_samples=3028969 credit_clamp_events=10389 flush_frames=0 resync_drops=0 fill_ema=717 fill_min=8
a2dp: stop_credit=30927 stop_queue_full=15 stop_ring_empty=1651 stop_dwell=8235 fill_short_read=0
a2dp: payloads_sealed=80930 tx_depth_max=5 grants=80930 spurious_grants=0 dwell_max_us=7247
atr pc0=100036f3 b0=00045687 pc1=100036bd b1=00030313 pc2=10003713 b2=00027626                                                
wdt: USB_TIMER max_stale_ms=0 deadline_ms=100 enabled=1
wdt: USB_TASK max_stale_ms=0 deadline_ms=250 enabled=1
wdt: BTSTACK madrn c=00006853 s=00000000 z=00002207 bd=0000391088 bp=0000391088 dr=0000418071                                                
x_stale_ms=74 deadline_ms=1000 enabled=1
wdt: MEDIA max_stale_ms=0 deadline_ms=500 enabled=1
usb-audio: streaming rate=48000Hzctr s=0000000586 u=0000619075 t=0000043938 e=0000162111 p=0000081055 d=0000008237 c=0000031000 o=0000000000                   
 ch=2 bits=16 measured=117980 B/s (128120 bytes / 1085ms)
usb-pump: packets=432162 log_drops=418071 report_dt_us=1085883
usb-pump-race: pump_ticks_run=618479 sof_isr=618836
usb-sof-2ap: sof_streaming=462216 got=432162 miss_avail=5575 miss_unavail=24479 hw_unavail=30249
usb-audio-fix: fb_done=455975
usb-audio-okx: rx_bytes_total=83001776 rx_short_packets=6668
usb-pump-logring: backlog_hwm=8192
a2dp: codec=LDAC bitrate=990000 fill=944/4608 ovr_frames=0 und=1673 report_dt_us=1085883
a2dp: enc_max_us=1810 pkt_sent=81055 pkt_fail=0 misaligned=0
a2dp: tick_count=43938 worst_tick_interval_us=14467 enc_frames_total=162111
a2dp: frames_per_packet=1 credit_clamped_samples=3049066 credit_clamp_events=10486 flush_frames=0 resync_drops=0 fill_ema=844 fill_min=8
a2dp: stop_credit=31000 stop_queue_full=15 stop_ring_empty=1673 stop_dwell=8237 fill_short_read=0
a2dp: WARNING stop_dwell rose by 2 this report window (total=8237) -- the dwell-safety backstop tripped; encode is NOT finishing inside its credit budget and pl_a2dp_fill is being force-stopped by PL_A2DP_MAX_ENCODE_DWELL_US, not by the credit clock. See a2dp.c:609's doc comment.
a2dp: payloads_sealed=81055 tx_depth_max=5 grants=81055 spurious_grants=0 dwell_max_us=7247
atr pc0=100036f3 b0=00045785 pc1=100036bd b1=00030377 pc2=10003713 b2=00027688                                                
wdt: USB_TIMER max_stale_ms=0 deadline_ms=100 enabled=1
wdt: USB_TASK max_stale_ms=0 deadline_ms=250 enabled=1
wdt: BTSTACK madrn c=00006867 s=00000000 z=00002207 bd=0000392588 bp=0000392588 dr=0000418071                                                
x_stale_ms=85 deadline_ms=1000 enabled=1
wdt: MEDIA max_stale_ms=0 deadline_ms=500 enabled=1
usb-audio: streaming rate=48000Hzctr s=0000000587 u=0000620152 t=0000044034 e=0000162359 p=0000081179 d=0000008238 c=0000031069 o=0000000000                   
 ch=2 bits=16 measured=117699 B/s (126772 bytes / 1077ms)
usb-pump: packets=432822 log_drops=418071 report_dt_us=1077085
usb-pump-race: pump_ticks_run=619555 sof_isr=619913
usb-sof-2ap: sof_streaming=463293 got=432821 miss_avail=5685 miss_unavail=24787 hw_unavail=30669
usb-audio-fix: fb_done=457051
usb-audio-okx: rx_bytes_total=83128548 rx_short_packets=6681
usb-pump-logring: backlog_hwm=8192
a2dp: codec=LDAC bitrate=990000 fill=740/4608 ovr_frames=0 und=1699 report_dt_us=1077085
a2dp: enc_max_us=1810 pkt_sent=81179 pkt_fail=0 misaligned=0
a2dp: tick_count=44034 worst_tick_interval_us=14467 enc_frames_total=162359
a2dp: frames_per_packet=1 credit_clamped_samples=3069074 credit_clamp_events=10582 flush_frames=0 resync_drops=0 fill_ema=861 fill_min=8
a2dp: stop_credit=31069 stop_queue_full=15 stop_ring_empty=1699 stop_dwell=8238 fill_short_read=0
a2dp: WARNING stop_dwell rose by 1 this report window (total=8238) -- the dwell-safety backstop tripped; encode is NOT finishing inside its credit budget and pl_a2dp_fill is being force-stopped by PL_A2DP_MAX_ENCODE_DWELL_US, not by the credit clock. See a2dp.c:609's doc comment.
a2dp: payloads_sealed=81179 tx_depth_max=5 grants=81179 spurious_grants=0 dwell_max_us=7247
atr pc0=100036f3 b0=00045883 pc1=100036bd b1=00030441 pc2=10003713 b2=00027750                                                
wdt: USB_TIMER max_stale_ms=0 deadline_ms=100 enabled=1
wdt: USB_TASK max_stale_ms=0 deadline_ms=250 enabled=1
wdt: BTSTACK madrn c=00006880 s=00000000 z=00002207 bd=0000394088 bp=0000394088 dr=0000418071                                                
x_stale_ms=79 deadline_ms=1000 enabled=1
wdt: MEDIA max_stale_ms=0 deadline_ms=500 enabled=1
usb-audio: streaming rate=48000Hzctr s=0000000588 u=0000621156 t=0000044123 e=0000162589 p=0000081294 d=0000008239 c=0000031135 o=0000000000                   
 ch=2 bits=16 measured=117063 B/s (117560 bytes / 1004ms)
usb-pump: packets=433435 log_drops=418071 report_dt_us=1004404
usb-pump-race: pump_ticks_run=620559 sof_isr=620918
usb-sof-2ap: sof_streaming=464298 got=433434 miss_avail=5773 miss_unavail=25091 hw_unavail=31065
usb-audio-fix: fb_done=458055
usb-audio-okx: rx_bytes_total=83246300 rx_short_packets=6695
usb-pump-logring: backlog_hwm=8192
a2dp: codec=LDAC bitrate=990000 fill=732/4608 ovr_frames=0 und=1721 report_dt_us=1004404
a2dp: enc_max_us=1810 pkt_sent=81294 pkt_fail=0 misaligned=0
a2dp: tick_count=44123 worst_tick_interval_us=14467 enc_frames_total=162589
a2dp: frames_per_packet=1 credit_clamped_samples=3087805 credit_clamp_events=10671 flush_frames=0 resync_drops=0 fill_ema=796 fill_min=16
a2dp: stop_credit=31135 stop_queue_full=15 stop_ring_empty=1721 stop_dwell=8239 fill_short_read=0
a2dp: WARNING stop_dwell rose by 1 this report window (total=8239) -- the dwell-safety backstop tripped; encode is NOT finishing inside its credit budget and pl_a2dp_fill is being force-stopped by PL_A2DP_MAX_ENCODE_DWELL_US, not by the credit clock. See a2dp.c:609's doc comment.
a2dp: payloads_sealed=81294 tx_depth_max=5 grants=81294 spurious_grants=0 dwell_max_us=7247
atr pc0=100036f3 b0=00045981 pc1=100036bd b1=00030505 pc2=10003713 b2=00027812                                                
wdt: USB_TIMER max_stale_ms=0 deadline_ms=100 enabled=1
wdt: USB_TASK max_stale_ms=0 deadline_ms=250 enabled=1
wdt: BTSTACK madrn c=00006894 s=00000000 z=00002207 bd=0000395589 bp=0000395589 dr=0000418071                                                
x_stale_ms=77 deadline_ms=1000 enabled=1
wdt: MEDIA max_stale_ms=0 deadline_ms=500 enabled=1
usb-audio: streaming rate=48000Hzctr s=0000000589 u=0000622218 t=0000044218 e=0000162831 p=0000081415 d=0000008240 c=0000031205 o=0000000000                   
 ch=2 bits=16 measured=116791 B/s (124072 bytes / 1062ms)
usb-pump: packets=434080 log_drops=418071 report_dt_us=1062151
usb-pump-race: pump_ticks_run=621621 sof_isr=621980
usb-sof-2ap: sof_streaming=465360 got=434080 miss_avail=5852 miss_unavail=25428 hw_unavail=31486
usb-audio-fix: fb_done=459117
usb-audio-okx: rx_bytes_total=83370180 rx_short_packets=6705
usb-pump-logring: backlog_hwm=8192
a2dp: codec=LDAC bitrate=990000 fill=708/4608 ovr_frames=0 und=1745 report_dt_us=1062151
a2dp: enc_max_us=1810 pkt_sent=81415 pkt_fail=0 misaligned=0
a2dp: tick_count=44218 worst_tick_interval_us=14467 enc_frames_total=162831
a2dp: frames_per_packet=1 credit_clamped_samples=3107845 credit_clamp_events=10766 flush_frames=0 resync_drops=0 fill_ema=889 fill_min=0
a2dp: stop_credit=31205 stop_queue_full=15 stop_ring_empty=1745 stop_dwell=8240 fill_short_read=0
a2dp: WARNING stop_dwell rose by 1 this report window (total=8240) -- the dwell-safety backstop tripped; encode is NOT finishing inside its credit budget and pl_a2dp_fill is being force-stopped by PL_A2DP_MAX_ENCODE_DWELL_US, not by the credit clock. See a2dp.c:609's doc comment.
a2dp: payloads_sealed=81415 tx_depth_max=5 grants=81415 spurious_grants=0 dwell_max_us=7247
frame 6901: render=61416us blit=15709us total=77175us
atr pc0=100036f3 b0=00046079 pc1=100036bd b1=00030569 pc2=10003713 b2=00027874                                                
wdt: USB_TIMER max_stale_ms=0 deadline_ms=100 enabled=1
wdt: USB_TASK max_stale_ms=0 deadline_ms=250 enabled=1
wdt: BTSTACK madrn c=00006908 s=00000000 z=00002207 bd=0000397144 bp=0000397144 dr=0000418071                                                
x_stale_ms=77 deadline_ms=1000 enabled=1
wdt: MEDIA max_stale_ms=0 deadline_ms=500 enabled=1
usb-audio: streaming rate=48000Hzctr s=0000000590 u=0000623272 t=0000044312 e=0000163070 p=0000081535 d=0000008241 c=0000031276 o=0000000000                   
 ch=2 bits=16 measured=116182 B/s (122352 bytes / 1053ms)
usb-pump: packets=434717 log_drops=418071 report_dt_us=1053170
usb-pump-race: pump_ticks_run=622670 sof_isr=623033
usb-sof-2ap: sof_streaming=466414 got=434717 miss_avail=5918 miss_unavail=25779 hw_unavail=31904
usb-audio-fix: fb_done=460167
usb-audio-okx: rx_bytes_total=83492532 rx_short_packets=6717
usb-pump-logring: backlog_hwm=8192
a2dp: codec=LDAC bitrate=990000 fill=692/4608 ovr_frames=0 und=1767 report_dt_us=1053170
a2dp: enc_max_us=1810 pkt_sent=81535 pkt_fail=0 misaligned=0
a2dp: tick_count=44312 worst_tick_interval_us=14467 enc_frames_total=163070
a2dp: frames_per_packet=1 credit_clamped_samples=3127822 credit_clamp_events=10860 flush_frames=0 resync_drops=0 fill_ema=798 fill_min=12
a2dp: stop_credit=31276 stop_queue_full=15 stop_ring_empty=1767 stop_dwell=8241 fill_short_read=0
a2dp: WARNING stop_dwell rose by 1 this report window (total=8241) -- the dwell-safety backstop tripped; encode is NOT finishing inside its credit budget and pl_a2dp_fill is being force-stopped by PL_A2DP_MAX_ENCODE_DWELL_US, not by the credit clock. See a2dp.c:609's doc comment.
a2dp: payloads_sealed=81535 tx_depth_max=5 grants=81535 spurious_grants=0 dwell_max_us=7247
atr pc0=100036f3 b0=00046177 pc1=100036bd b1=00030633 pc2=10003713 b2=00027936                                                
wdt: USB_TIMER max_stale_ms=0 deadline_ms=100 enabled=1
wdt: USB_TASK max_stale_ms=0 deadline_ms=250 enabled=1
wdt: BTSTACK madrn c=00006922 s=00000000 z=00002207 bd=0000398645 bp=0000398645 dr=0000418071                                                
x_stale_ms=87 deadline_ms=1000 enabled=1
wdt: MEDIA max_stale_ms=0 deadline_ms=500 enabled=1
usb-audio: streaming rate=48000Hzctr s=0000000591 u=0000624305 t=0000044404 e=0000163303 p=0000081651 d=0000008242 c=0000031334 o=0000000000                   
 ch=2 bits=16 measured=115253 B/s (119088 bytes / 1033ms)
usb-pump: packets=435337 log_drops=418071 report_dt_us=1033207
usb-pump-race: pump_ticks_run=623702 sof_isr=624066
usb-sof-2ap: sof_streaming=467446 got=435337 miss_avail=5983 miss_unavail=26126 hw_unavail=32320
usb-audio-fix: fb_done=461198
usb-audio-okx: rx_bytes_total=83611620 rx_short_packets=6729
usb-pump-logring: backlog_hwm=8192
a2dp: codec=LDAC bitrate=990000 fill=484/4608 ovr_frames=0 und=1800 report_dt_us=1033207
a2dp: enc_max_us=1810 pkt_sent=81651 pkt_fail=0 misaligned=0
a2dp: tick_count=44404 worst_tick_interval_us=14467 enc_frames_total=163303
a2dp: frames_per_packet=1 credit_clamped_samples=3147605 credit_clamp_events=10952 flush_frames=0 resync_drops=0 fill_ema=782 fill_min=12
a2dp: stop_credit=31334 stop_queue_full=15 stop_ring_empty=1800 stop_dwell=8242 fill_short_read=0
a2dp: WARNING stop_dwell rose by 1 this report window (total=8242) -- the dwell-safety backstop tripped; encode is NOT finishing inside its credit budget and pl_a2dp_fill is being force-stopped by PL_A2DP_MAX_ENCODE_DWELL_US, not by the credit clock. See a2dp.c:609's doc comment.
a2dp: payloads_sealed=81651 tx_depth_max=5 grants=81651 spurious_grants=0 dwell_max_us=7247
atr pc0=100036f3 b0=00046275 pc1=100036bd b1=00030697 pc2=10003713 b2=00027998                                                
wdt: USB_TIMER max_stale_ms=0 deadline_ms=100 enabled=1
wdt: USB_TASK max_stale_ms=0 deadline_ms=250 enabled=1
wdt: BTSTACK madrn c=00006936 s=00000000 z=00002207 bd=0000400146 bp=0000400146 dr=0000418071                                                
x_stale_ms=84 deadline_ms=1000 enabled=1
wdt: MEDIA max_stale_ms=0 deadline_ms=500 enabled=1
usb-audio: streaming rate=48000Hzctr s=0000000592 u=0000625363 t=0000044498 e=0000163542 p=0000081771 d=0000008243 c=0000031406 o=0000000000                   
 ch=2 bits=16 measured=115639 B/s (122340 bytes / 1057ms)
usb-pump: packets=435974 log_drops=418071 report_dt_us=1057958
usb-pump-race: pump_ticks_run=624760 sof_isr=625124
usb-sof-2ap: sof_streaming=468504 got=435973 miss_avail=6029 miss_unavail=26502 hw_unavail=32746
usb-audio-fix: fb_done=462256
usb-audio-okx: rx_bytes_total=83733960 rx_short_packets=6738
usb-pump-logring: backlog_hwm=8192
a2dp: codec=LDAC bitrate=990000 fill=456/4608 ovr_frames=0 und=1821 report_dt_us=1057958
a2dp: enc_max_us=1810 pkt_sent=81771 pkt_fail=0 misaligned=0
a2dp: tick_count=44498 worst_tick_interval_us=14467 enc_frames_total=163542
a2dp: frames_per_packet=1 credit_clamped_samples=3167873 credit_clamp_events=11046 flush_frames=0 resync_drops=0 fill_ema=704 fill_min=4
a2dp: stop_credit=31406 stop_queue_full=15 stop_ring_empty=1821 stop_dwell=8243 fill_short_read=0
a2dp: WARNING stop_dwell rose by 1 this report window (total=8243) -- the dwell-safety backstop tripped; encode is NOT finishing inside its credit budget and pl_a2dp_fill is being force-stopped by PL_A2DP_MAX_ENCODE_DWELL_US, not by the credit clock. See a2dp.c:609's doc comment.
a2dp: payloads_sealed=81771 tx_depth_max=5 grants=81771 spurious_grants=0 dwell_max_us=7247
atr pc0=100036f3 b0=00046373 pc1=100036bd b1=00030761 pc2=10003713 b2=00028060                                                
wdt: USB_TIMER max_stale_ms=0 deadline_ms=100 enabled=1
wdt: USB_TASK max_stale_ms=0 deadline_ms=250 enabled=1
wdt: BTSTACK madrn c=00006950 s=00000000 z=00002207 bd=0000401646 bp=0000401646 dr=0000418071                                                
x_stale_ms=83 deadline_ms=1000 enabled=1
wdt: MEDIA max_stale_ms=0 deadline_ms=500 enabled=1
usb-audio: streaming rate=48000Hzctr s=0000000593 u=0000626409 t=0000044591 e=0000163775 p=0000081887 d=0000008245 c=0000031468 o=0000000000                   
 ch=2 bits=16 measured=114791 B/s (120060 bytes / 1045ms)
usb-pump: packets=436599 log_drops=418071 report_dt_us=1045897
usb-pump-race: pump_ticks_run=625805 sof_isr=626170
usb-sof-2ap: sof_streaming=469550 got=436599 miss_avail=6075 miss_unavail=26876 hw_unavail=33170
usb-audio-fix: fb_done=463301
usb-audio-okx: rx_bytes_total=83854020 rx_short_packets=6753
usb-pump-logring: backlog_hwm=8192
a2dp: codec=LDAC bitrate=990000 fill=1220/4608 ovr_frames=0 und=1850 report_dt_us=1045897
a2dp: enc_max_us=1810 pkt_sent=81887 pkt_fail=0 misaligned=0
a2dp: tick_count=44591 worst_tick_interval_us=14467 enc_frames_total=163775
a2dp: frames_per_packet=1 credit_clamped_samples=3188101 credit_clamp_events=11139 flush_frames=0 resync_drops=0 fill_ema=660 fill_min=0
a2dp: stop_credit=31468 stop_queue_full=15 stop_ring_empty=1850 stop_dwell=8245 fill_short_read=0
a2dp: WARNING stop_dwell rose by 2 this report window (total=8245) -- the dwell-safety backstop tripped; encode is NOT finishing inside its credit budget and pl_a2dp_fill is being force-stopped by PL_A2DP_MAX_ENCODE_DWELL_US, not by the credit clock. See a2dp.c:609's doc comment.
a2dp: payloads_sealed=81887 tx_depth_max=5 grants=81887 spurious_grants=0 dwell_max_us=7247
frame 6961: render=64599us blit=13477us total=78127us
atr pc0=100036f3 b0=00046471 pc1=100036bd b1=00030825 pc2=10003713 b2=00028122                                                
wdt: USB_TIMER max_stale_ms=0 deadline_ms=100 enabled=1
wdt: USB_TASK max_stale_ms=0 deadline_ms=250 enabled=1
wdt: BTSTACK madrn c=00006964 s=00000000 z=00002207 bd=0000403202 bp=0000403202 dr=0000418071                                                
x_stale_ms=74 deadline_ms=1000 enabled=1
wdt: MEDIA max_stale_ms=0 deadline_ms=500 enabled=1
usb-audio: streaming rate=48000Hzctr s=0000000594 u=0000627435 t=0000044682 e=0000164004 p=0000082002 d=0000008245 c=0000031536 o=0000000000                   
 ch=2 bits=16 measured=113586 B/s (116584 bytes / 1026ms)
usb-pump: packets=437206 log_drops=418071 report_dt_us=1026474
usb-pump-race: pump_ticks_run=626832 sof_isr=627197
usb-sof-2ap: sof_streaming=470577 got=437206 miss_avail=6122 miss_unavail=27249 hw_unavail=33596
usb-audio-fix: fb_done=464328
usb-audio-okx: rx_bytes_total=83970604 rx_short_packets=6763
usb-pump-logring: backlog_hwm=8192
a2dp: codec=LDAC bitrate=990000 fill=556/4608 ovr_frames=0 und=1873 report_dt_us=1026474
a2dp: enc_max_us=1810 pkt_sent=82002 pkt_fail=0 misaligned=0
a2dp: tick_count=44682 worst_tick_interval_us=14467 enc_frames_total=164004
a2dp: frames_per_packet=1 credit_clamped_samples=3208157 credit_clamp_events=11230 flush_frames=0 resync_drops=0 fill_ema=680 fill_min=4
a2dp: stop_credit=31536 stop_queue_full=15 stop_ring_empty=1873 stop_dwell=8245 fill_short_read=0
a2dp: payloads_sealed=82002 tx_depth_max=5 grants=82002 spurious_grants=0 dwell_max_us=7247
atr pc0=100036f3 b0=00046569 pc1=100036bd b1=00030889 pc2=10003713 b2=00028184                                                
wdt: USB_TIMER max_stale_ms=0 deadline_ms=100 enabled=1
wdt: USB_TASK max_stale_ms=0 deadline_ms=250 enabled=1
wdt: BTSTACK madrn c=00006978 s=00000000 z=00002207 bd=0000404420 bp=0000404420 dr=0000418071                                                
x_stale_ms=74 deadline_ms=1000 enabled=1
wdt: MEDIA max_stale_ms=0 deadline_ms=500 enabled=1
usb-audio: streaming rate=48000Hzctr s=0000000595 u=0000628441 t=0000044772 e=0000164227 p=0000082113 d=0000008245 c=0000031601 o=0000000000                   
 ch=2 bits=16 measured=113573 B/s (114296 bytes / 1006ms)
usb-pump: packets=437801 log_drops=418071 report_dt_us=1006275
usb-pump-race: pump_ticks_run=627836 sof_isr=628203
usb-sof-2ap: sof_streaming=471583 got=437801 miss_avail=6163 miss_unavail=27619 hw_unavail=34013
usb-audio-fix: fb_done=465332
usb-audio-okx: rx_bytes_total=84084900 rx_short_packets=6777
usb-pump-logring: backlog_hwm=8192
a2dp: codec=LDAC bitrate=990000 fill=676/4608 ovr_frames=0 und=1898 report_dt_us=1006275
a2dp: enc_max_us=1810 pkt_sent=82113 pkt_fail=0 misaligned=0
a2dp: tick_count=44772 worst_tick_interval_us=14467 enc_frames_total=164227
a2dp: frames_per_packet=1 credit_clamped_samples=3227906 credit_clamp_events=11320 flush_frames=0 resync_drops=0 fill_ema=669 fill_min=20
a2dp: stop_credit=31601 stop_queue_full=15 stop_ring_empty=1898 stop_dwell=8245 fill_short_read=0
a2dp: payloads_sealed=82113 tx_depth_max=5 grants=82113 spurious_grants=0 dwell_max_us=7247
atr pc0=100036f3 b0=00046667 pc1=100036bd b1=00030953 pc2=10003713 b2=00028246                                                
wdt: USB_TIMER max_stale_ms=0 deadline_ms=100 enabled=1
wdt: USB_TASK max_stale_ms=0 deadline_ms=250 enabled=1
wdt: BTSTACK madrn c=00006992 s=00000000 z=00002207 bd=0000405639 bp=0000405639 dr=0000418071                                                
x_stale_ms=78 deadline_ms=1000 enabled=1
wdt: MEDIA max_stale_ms=0 deadline_ms=500 enabled=1
usb-audio: streaming rate=48000Hzctr s=0000000596 u=0000629471 t=0000044864 e=0000164454 p=0000082227 d=0000008247 c=0000031661 o=0000000000                   
 ch=2 bits=16 measured=112711 B/s (116020 bytes / 1029ms)
usb-pump: packets=438405 log_drops=418071 report_dt_us=1029358
usb-pump-race: pump_ticks_run=628858 sof_isr=629232
usb-sof-2ap: sof_streaming=472612 got=438404 miss_avail=6197 miss_unavail=28011 hw_unavail=34447
usb-audio-fix: fb_done=466354
usb-audio-okx: rx_bytes_total=84200920 rx_short_packets=6790
usb-pump-logring: backlog_hwm=8192
a2dp: codec=LDAC bitrate=990000 fill=472/4608 ovr_frames=0 und=1928 report_dt_us=1029358
a2dp: enc_max_us=1810 pkt_sent=82227 pkt_fail=0 misaligned=0
a2dp: tick_count=44864 worst_tick_interval_us=14467 enc_frames_total=164454
a2dp: frames_per_packet=1 credit_clamped_samples=3248325 credit_clamp_events=11412 flush_frames=0 resync_drops=0 fill_ema=729 fill_min=8
a2dp: stop_credit=31661 stop_queue_full=15 stop_ring_empty=1928 stop_dwell=8247 fill_short_read=0
a2dp: WARNING stop_dwell rose by 2 this report window (total=8247) -- the dwell-safety backstop tripped; encode is NOT finishing inside its credit budget and pl_a2dp_fill is being force-stopped by PL_A2DP_MAX_ENCODE_DWELL_US, not by the credit clock. See a2dp.c:609's doc comment.
a2dp: payloads_sealed=82227 tx_depth_max=5 grants=82227 spurious_grants=0 dwell_max_us=7247
atr pc0=100036f3 b0=00046765 pc1=100036bd b1=00031017 pc2=10003713 b2=00028308                                                
wdt: USB_TIMER max_stale_ms=0 deadline_ms=100 enabled=1
wdt: USB_TASK max_stale_ms=0 deadline_ms=250 enabled=1
wdt: BTSTACK madrn c=00007006 s=00000000 z=00002207 bd=0000407139 bp=0000407139 dr=0000418071                                                
x_stale_ms=76 deadline_ms=1000 enabled=1
wdt: MEDIA max_stale_ms=0 deadline_ms=500 enabled=1
usb-audio: streaming rate=48000Hzctr s=0000000597 u=0000630484 t=0000044954 e=0000164676 p=0000082338 d=0000008247 c=0000031730 o=0000000000                   
 ch=2 bits=16 measured=112444 B/s (113904 bytes / 1012ms)
usb-pump: packets=438998 log_drops=418071 report_dt_us=1012983
usb-pump-race: pump_ticks_run=629870 sof_isr=630245
usb-sof-2ap: sof_streaming=473625 got=438997 miss_avail=6235 miss_unavail=28393 hw_unavail=34884
usb-audio-fix: fb_done=467366
usb-audio-okx: rx_bytes_total=84314824 rx_short_packets=6802
usb-pump-logring: backlog_hwm=8192
a2dp: codec=LDAC bitrate=990000 fill=712/4608 ovr_frames=0 und=1949 report_dt_us=1012983
a2dp: enc_max_us=1810 pkt_sent=82338 pkt_fail=0 misaligned=0
a2dp: tick_count=44954 worst_tick_interval_us=14467 enc_frames_total=164676
a2dp: frames_per_packet=1 credit_clamped_samples=3268469 credit_clamp_events=11502 flush_frames=0 resync_drops=0 fill_ema=649 fill_min=0
a2dp: stop_credit=31730 stop_queue_full=15 stop_ring_empty=1949 stop_dwell=8247 fill_short_read=0
a2dp: payloads_sealed=82338 tx_depth_max=5 grants=82338 spurious_grants=0 dwell_max_us=7247
atr pc0=100036f3 b0=00046863 pc1=100036bd b1=00031081 pc2=10003713 b2=00028370                                                
frame 7021: render=53325us blit=13476us total=66860us
drn c=00007021 s=00000000 z=00002207 bd=0000408357 bp=0000408412 dr=0000418071                                                
wdt: USB_TIMER max_stale_ms=0 deadline_ms=100 enabled=1
wdt: USB_TASK max_stale_ms=0 deadline_ms=250 enabled=1
wdt: BTSTACK mactr s=0000000598 u=0000631553 t=0000045050 e=0000164910 p=0000082455 d=0000008249 c=0000031794 o=0000000000                   
x_stale_ms=77 deadline_ms=1000 enabled=1
wdt: MEDIA max_stale_ms=0 deadline_ms=500 enabled=1
usb-audio: streaming rate=48000Hz ch=2 bits=16 measured=111794 B/s (118904 bytes / 1063ms)
usb-pump: packets=439617 log_drops=418071 report_dt_us=1063605
usb-pump-race: pump_ticks_run=630933 sof_isr=631309
usb-sof-2ap: sof_streaming=474689 got=439617 miss_avail=6269 miss_unavail=28803 hw_unavail=35339
usb-audio-fix: fb_done=468429
usb-audio-okx: rx_bytes_total=84433728 rx_short_packets=6816
usb-pump-logring: backlog_hwm=8192
a2dp: codec=LDAC bitrate=990000 fill=832/4608 ovr_frames=0 und=1978 report_dt_us=1063605
a2dp: enc_max_us=1810 pkt_sent=82454 pkt_fail=0 misaligned=0
a2dp: tick_count=45049 worst_tick_interval_us=14467 enc_frames_total=164908
a2dp: frames_per_packet=1 credit_clamped_samples=3289747 credit_clamp_events=11597 flush_frames=0 resync_drops=0 fill_ema=826 fill_min=12
a2dp: stop_credit=31794 stop_queue_full=15 stop_ring_empty=1978 stop_dwell=8249 fill_short_read=0
a2dp: WARNING stop_dwell rose by 2 this report window (total=8249) -- the dwell-safety backstop tripped; encode is NOT finishing inside its credit budget and pl_a2dp_fill is being force-stopped by PL_A2DP_MAX_ENCODE_DWELL_US, not by the credit clock. See a2dp.c:609's doc comment.
a2dp: payloads_sealed=82455 tx_depth_max=5 grants=82455 spurious_grants=0 dwell_max_us=7247
atr pc0=100036f3 b0=00046961 pc1=100036bd b1=00031145 pc2=10003713 b2=00028432                                                
wdt: USB_TIMER max_stale_ms=0 deadline_ms=100 enabled=1
wdt: USB_TASK max_stale_ms=0 deadline_ms=250 enabled=1
wdt: BTSTACK madrn c=00007035 s=00000000 z=00002207 bd=0000409913 bp=0000409913 dr=0000418071                                                
x_stale_ms=77 deadline_ms=1000 enabled=1
wdt: MEDIA max_stale_ms=0 deadline_ms=500 enabled=1
ctr s=0000000599 u=0000632609 t=0000045144 e=0000165139 p=0000082569 d=0000008249 c=0000031860 o=0000000000                   
usb-audio: streaming rate=48000Hz ch=2 bits=16 measured=111421 B/s (118332 bytes / 1062ms)
usb-pump: packets=440233 log_drops=418071 report_dt_us=1061998
usb-pump-race: pump_ticks_run=631995 sof_isr=632371
usb-sof-2ap: sof_streaming=475751 got=440233 miss_avail=6289 miss_unavail=29229 hw_unavail=35798
usb-audio-fix: fb_done=469491
usb-audio-okx: rx_bytes_total=84552060 rx_short_packets=6831
usb-pump-logring: backlog_hwm=8192
a2dp: codec=LDAC bitrate=990000 fill=892/4608 ovr_frames=0 und=2007 report_dt_us=1061998
a2dp: enc_max_us=1810 pkt_sent=82569 pkt_fail=0 misaligned=0
a2dp: tick_count=45144 worst_tick_interval_us=14467 enc_frames_total=165139
a2dp: frames_per_packet=1 credit_clamped_samples=3311176 credit_clamp_events=11692 flush_frames=0 resync_drops=0 fill_ema=714 fill_min=4
a2dp: stop_credit=31860 stop_queue_full=15 stop_ring_empty=2007 stop_dwell=8249 fill_short_read=0
a2dp: payloads_sealed=82569 tx_depth_max=5 grants=82569 spurious_grants=0 dwell_max_us=7247
atr pc0=100036f3 b0=00047059 pc1=100036bd b1=00031209 pc2=10003713 b2=00028494                                                
wdt: USB_TIMER max_stale_ms=0 deadline_ms=100 enabled=1
wdt: USB_TASK max_stale_ms=0 deadline_ms=250 enabled=1
wdt: BTSTACK madrn c=00007050 s=00000000 z=00002207 bd=0000411131 bp=0000411131 dr=0000418071                                                
x_stale_ms=75 deadline_ms=1000 enabled=1
wdt: MEDIA max_stale_ms=0 deadline_ms=500 enabled=1
ctr s=0000000600 u=0000633662 t=0000045238 e=0000165365 p=0000082682 d=0000008250 c=0000031924 o=0000000000                   
usb-audio: streaming rate=48000Hz ch=2 bits=16 measured=109540 B/s (114688 bytes / 1046ms)
usb-pump: packets=440830 log_drops=418071 report_dt_us=1047008
usb-pump-race: pump_ticks_run=633041 sof_isr=633418
usb-sof-2ap: sof_streaming=476798 got=440829 miss_avail=6320 miss_unavail=29649 hw_unavail=36273
usb-audio-fix: fb_done=470537
usb-audio-okx: rx_bytes_total=84666748 rx_short_packets=6847
usb-pump-logring: backlog_hwm=8192
a2dp: codec=LDAC bitrate=990000 fill=892/4608 ovr_frames=0 und=2036 report_dt_us=1047008
a2dp: enc_max_us=1810 pkt_sent=82681 pkt_fail=0 misaligned=0
a2dp: tick_count=45237 worst_tick_interval_us=14467 enc_frames_total=165363
a2dp: frames_per_packet=1 credit_clamped_samples=3332773 credit_clamp_events=11785 flush_frames=0 resync_drops=0 fill_ema=694 fill_min=0
a2dp: stop_credit=31923 stop_queue_full=15 stop_ring_empty=2036 stop_dwell=8250 fill_short_read=0
a2dp: WARNING stop_dwell rose by 1 this report window (total=8250) -- the dwell-safety backstop tripped; encode is NOT finishing inside its credit budget and pl_a2dp_fill is being force-stopped by PL_A2DP_MAX_ENCODE_DWELL_US, not by the credit clock. See a2dp.c:609's doc comment.
a2dp: payloads_sealed=82681 tx_depth_max=5 grants=82681 spurious_grants=0 dwell_max_us=7247
atr pc0=100036f3 b0=00047157 pc1=100036bd b1=00031273 pc2=10003713 b2=00028556                                                
wdt: USB_TIMER max_stale_ms=0 deadline_ms=100 enabled=1
wdt: USB_TASK max_stale_ms=0 deadline_ms=250 enabled=1
wdt: BTSTACK madrn c=00007065 s=00000000 z=00002207 bd=0000412631 bp=0000412631 dr=0000418071                                                
x_stale_ms=75 deadline_ms=1000 enabled=1
wdt: MEDIA max_stale_ms=0 deadline_ms=500 enabled=1
usb-audio: streaming rate=48000Hzctr s=0000000601 u=0000634675 t=0000045328 e=0000165579 p=0000082789 d=0000008251 c=0000031983 o=0000000000                   
 ch=2 bits=16 measured=108385 B/s (110440 bytes / 1018ms)
usb-pump: packets=441405 log_drops=418071 report_dt_us=1018960
usb-pump-race: pump_ticks_run=634058 sof_isr=634437
usb-sof-2ap: sof_streaming=477817 got=441405 miss_avail=6356 miss_unavail=30056 hw_unavail=36764
usb-audio-fix: fb_done=471554
usb-audio-okx: rx_bytes_total=84777188 rx_short_packets=6857
usb-pump-logring: backlog_hwm=8192
a2dp: codec=LDAC bitrate=990000 fill=740/4608 ovr_frames=0 und=2066 report_dt_us=1018960
a2dp: enc_max_us=1810 pkt_sent=82789 pkt_fail=0 misaligned=0
a2dp: tick_count=45328 worst_tick_interval_us=14467 enc_frames_total=165579
a2dp: frames_per_packet=1 credit_clamped_samples=3354023 credit_clamp_events=11876 flush_frames=0 resync_drops=0 fill_ema=885 fill_min=12
a2dp: stop_credit=31983 stop_queue_full=15 stop_ring_empty=2066 stop_dwell=8251 fill_short_read=0
a2dp: WARNING stop_dwell rose by 1 this report window (total=8251) -- the dwell-safety backstop tripped; encode is NOT finishing inside its credit budget and pl_a2dp_fill is being force-stopped by PL_A2DP_MAX_ENCODE_DWELL_US, not by the credit clock. See a2dp.c:609's doc comment.
a2dp: payloads_sealed=82789 tx_depth_max=5 grants=82789 spurious_grants=0 dwell_max_us=7247
atr pc0=100036f3 b0=00047255 pc1=100036bd b1=00031337 pc2=10003713 b2=00028618                                                
wdt: USB_TIMER max_stale_ms=0 deadline_ms=100 enabled=1
wdt: USB_TASK max_stale_ms=0 deadline_ms=250 enabled=1
wdt: BTSTACK madrn c=00007079 s=00000000 z=00002207 bd=0000414132 bp=0000414132 dr=0000418071                                                
x_stale_ms=76 deadline_ms=1000 enabled=1
wdt: MEDIA max_stale_ms=0 deadline_ms=500 enabled=1
frame 7081: render=52906us blit=1ctr s=0000000602 u=0000635725 t=0000045422 e=0000165796 p=0000082898 d=0000008251 c=0000032051 o=0000000000                   
3476us total=66433us
usb-audio: streaming rate=48000Hz ch=2 bits=16 measured=105537 B/s (110828 bytes / 1050ms)
usb-pump: packets=441982 log_drops=418071 report_dt_us=1050125
usb-pump-race: pump_ticks_run=635107 sof_isr=635487
usb-sof-2ap: sof_streaming=478867 got=441982 miss_avail=6409 miss_unavail=30476 hw_unavail=37324
usb-audio-fix: fb_done=472603
usb-audio-okx: rx_bytes_total=84888016 rx_short_packets=6868
usb-pump-logring: backlog_hwm=8192
a2dp: codec=LDAC bitrate=990000 fill=464/4608 ovr_frames=0 und=2092 report_dt_us=1050125
a2dp: enc_max_us=1810 pkt_sent=82898 pkt_fail=0 misaligned=0
a2dp: tick_count=45422 worst_tick_interval_us=14467 enc_frames_total=165796
a2dp: frames_per_packet=1 credit_clamped_samples=3376844 credit_clamp_events=11970 flush_frames=0 resync_drops=0 fill_ema=581 fill_min=0
a2dp: stop_credit=32051 stop_queue_full=15 stop_ring_empty=2092 stop_dwell=8251 fill_short_read=0
a2dp: payloads_sealed=82898 tx_depth_max=5 grants=82898 spurious_grants=0 dwell_max_us=7247
atr pc0=100036f3 b0=00047353 pc1=100036bd b1=00031401 pc2=10003713 b2=00028680                                                
wdt: USB_TIMER max_stale_ms=0 deadline_ms=100 enabled=1
wdt: USB_TASK max_stale_ms=0 deadline_ms=250 enabled=1
wdt: BTSTACK madrn c=00007095 s=00000000 z=00002207 bd=0000415405 bp=0000415405 dr=0000418071                                                
x_stale_ms=67 deadline_ms=1000 enabled=1
wdt: MEDIA max_stale_ms=0 deadline_ms=500 enabled=1
ctr s=0000000603 u=0000636749 t=0000045513 e=0000166000 p=0000083000 d=0000008252 c=0000032109 o=0000000000                   
usb-audio: streaming rate=48000Hz ch=2 bits=16 measured=102267 B/s (104680 bytes / 1023ms)
usb-pump: packets=442527 log_drops=418071 report_dt_us=1023577
usb-pump-race: pump_ticks_run=636130 sof_isr=636511
usb-sof-2ap: sof_streaming=479891 got=442527 miss_avail=6467 miss_unavail=30897 hw_unavail=37870
usb-audio-fix: fb_done=473626
usb-audio-okx: rx_bytes_total=84992696 rx_short_packets=6878
usb-pump-logring: backlog_hwm=8192
a2dp: codec=LDAC bitrate=990000 fill=696/4608 ovr_frames=0 und=2124 report_dt_us=1023577
a2dp: enc_max_us=1810 pkt_sent=83000 pkt_fail=0 misaligned=0
a2dp: tick_count=45513 worst_tick_interval_us=14467 enc_frames_total=166000
a2dp: frames_per_packet=1 credit_clamped_samples=3399708 credit_clamp_events=12061 flush_frames=0 resync_drops=0 fill_ema=717 fill_min=24
a2dp: stop_credit=32109 stop_queue_full=15 stop_ring_empty=2124 stop_dwell=8252 fill_short_read=0
a2dp: WARNING stop_dwell rose by 1 this report window (total=8252) -- the dwell-safety backstop tripped; encode is NOT finishing inside its credit budget and pl_a2dp_fill is being force-stopped by PL_A2DP_MAX_ENCODE_DWELL_US, not by the credit clock. See a2dp.c:609's doc comment.
a2dp: payloads_sealed=83000 tx_depth_max=5 grants=83000 spurious_grants=0 dwell_max_us=7247
atr pc0=100036f3 b0=00047451 pc1=100036bd b1=00031465 pc2=10003713 b2=00028742                                                
wdt: USB_TIMER max_stale_ms=0 deadline_ms=100 enabled=1
wdt: USB_TASK max_stale_ms=0 deadline_ms=250 enabled=1
wdt: BTSTACK madrn c=00007111 s=00000000 z=00002207 bd=0000416906 bp=0000416906 dr=0000418071                                                
x_stale_ms=66 deadline_ms=1000 enabled=1
wdt: MEDIA max_stale_ms=0 deadline_ms=500 enabled=1
ctr s=0000000604 u=0000637775 t=0000045605 e=0000166194 p=0000083097 d=0000008252 c=0000032168 o=0000000000                   
usb-audio: streaming rate=48000Hz ch=2 bits=16 measured=96845 B/s (99320 bytes / 1025ms)
usb-pump: packets=443044 log_drops=418071 report_dt_us=1025563
usb-pump-race: pump_ticks_run=637153 sof_isr=637536
usb-sof-2ap: sof_streaming=480916 got=443043 miss_avail=6524 miss_unavail=31349 hw_unavail=38389
usb-audio-fix: fb_done=474647
usb-audio-okx: rx_bytes_total=85092016 rx_short_packets=6892
usb-pump-logring: backlog_hwm=8192
a2dp: codec=LDAC bitrate=990000 fill=688/4608 ovr_frames=0 und=2157 report_dt_us=1025563
a2dp: enc_max_us=1810 pkt_sent=83097 pkt_fail=0 misaligned=0
a2dp: tick_count=45605 worst_tick_interval_us=14467 enc_frames_total=166194
a2dp: frames_per_packet=1 credit_clamped_samples=3424119 credit_clamp_events=12153 flush_frames=0 resync_drops=0 fill_ema=747 fill_min=0
a2dp: stop_credit=32168 stop_queue_full=15 stop_ring_empty=2157 stop_dwell=8252 fill_short_read=0
a2dp: payloads_sealed=83097 tx_depth_max=5 grants=83097 spurious_grants=0 dwell_max_us=7247
atr pc0=100036f3 b0=00047549 pc1=100036bd b1=00031529 pc2=10003713 b2=00028804                                                
wdt: USB_TIMER max_stale_ms=0 deadline_ms=100 enabled=1
wdt: USB_TASK max_stale_ms=0 deadline_ms=250 enabled=1
wdt: BTSTACK madrn c=00007127 s=00000000 z=00002207 bd=0000418122 bp=0000418122 dr=0000418071                                                
x_stale_ms=66 deadline_ms=1000 enabled=1
wdt: MEDIA max_stale_ms=0 deadline_ms=500 enabled=1
ctr s=0000000605 u=0000638792 t=0000045696 e=0000166385 p=0000083192 d=0000008252 c=0000032226 o=0000000000                   
usb-audio: streaming rate=48000Hz ch=2 bits=16 measured=95881 B/s (97588 bytes / 1017ms)
usb-pump: packets=443552 log_drops=418071 report_dt_us=1017800
usb-pump-race: pump_ticks_run=638170 sof_isr=638554
usb-sof-2ap: sof_streaming=481934 got=443552 miss_avail=6530 miss_unavail=31852 hw_unavail=38898
usb-audio-fix: fb_done=475664
usb-audio-okx: rx_bytes_total=85189604 rx_short_packets=6905
usb-pump-logring: backlog_hwm=8192
a2dp: codec=LDAC bitrate=990000 fill=484/4608 ovr_frames=0 und=2190 report_dt_us=1017800
a2dp: enc_max_us=1810 pkt_sent=83192 pkt_fail=0 misaligned=0
a2dp: tick_count=45696 worst_tick_interval_us=14467 enc_frames_total=166385
a2dp: frames_per_packet=1 credit_clamped_samples=3448531 credit_clamp_events=12244 flush_frames=0 resync_drops=0 fill_ema=649 fill_min=4
a2dp: stop_credit=32226 stop_queue_full=15 stop_ring_empty=2190 stop_dwell=8252 fill_short_read=0
a2dp: payloads_sealed=83192 tx_depth_max=5 grants=83192 spurious_grants=0 dwell_max_us=7247
frame 7141: render=54877us blit=13474us total=68408us
atr pc0=100036f3 b0=00047647 pc1=100036bd b1=00031593 pc2=10003713 b2=00028866                                                
wdt: USB_TIMER max_stale_ms=0 deadline_ms=100 enabled=1
wdt: USB_TASK max_stale_ms=0 deadline_ms=250 enabled=1
wdt: BTSTACK madrn c=00007143 s=00000000 z=00002207 bd=0000419393 bp=0000419393 dr=0000418071                                                
x_stale_ms=67 deadline_ms=1000 enabled=1
wdt: MEDIA max_stale_ms=0 deadline_ms=500 enabled=1
ctr s=0000000606 u=0000639821 t=0000045787 e=0000166577 p=0000083288 d=0000008252 c=0000032280 o=0000000000                   
usb-audio: streaming rate=48000Hz ch=2 bits=16 measured=95754 B/s (98536 bytes / 1029ms)
usb-pump: packets=444065 log_drops=418071 report_dt_us=1029030
usb-pump-race: pump_ticks_run=639195 sof_isr=639583
usb-sof-2ap: sof_streaming=482963 got=444064 miss_avail=6530 miss_unavail=32369 hw_unavail=39415
usb-audio-fix: fb_done=476689
usb-audio-okx: rx_bytes_total=85288140 rx_short_packets=6915
usb-pump-logring: backlog_hwm=8192
a2dp: codec=LDAC bitrate=990000 fill=716/4608 ovr_frames=0 und=2227 report_dt_us=1029030
a2dp: enc_max_us=1810 pkt_sent=83288 pkt_fail=0 misaligned=0
a2dp: tick_count=45787 worst_tick_interval_us=14467 enc_frames_total=166577
a2dp: frames_per_packet=1 credit_clamped_samples=3473329 credit_clamp_events=12335 flush_frames=0 resync_drops=0 fill_ema=580 fill_min=0
a2dp: stop_credit=32280 stop_queue_full=15 stop_ring_empty=2227 stop_dwell=8252 fill_short_read=0
a2dp: payloads_sealed=83288 tx_depth_max=5 grants=83288 spurious_grants=0 dwell_max_us=7247
atr pc0=100036f3 b0=00047745 pc1=100036bd b1=00031657 pc2=10003713 b2=00028928                                                
wdt: USB_TIMER max_stale_ms=0 deadline_ms=100 enabled=1
wdt: USB_TASK max_stale_ms=0 deadline_ms=250 enabled=1
wdt: BTSTACK madrn c=00007159 s=00000000 z=00002207 bd=0000420609 bp=0000420609 dr=0000418071                                                
x_stale_ms=66 deadline_ms=1000 enabled=1
wdt: MEDIA max_stale_ms=0 deadline_ms=500 enabled=1
ctr s=0000000607 u=0000640838 t=0000045878 e=0000166768 p=0000083384 d=0000008252 c=0000032339 o=0000000000                   
usb-audio: streaming rate=48000Hz ch=2 bits=16 measured=95926 B/s (97000 bytes / 1011ms)
usb-pump: packets=444573 log_drops=418071 report_dt_us=1016527
usb-pump-race: pump_ticks_run=640211 sof_isr=640599
usb-sof-2ap: sof_streaming=483980 got=444573 miss_avail=6530 miss_unavail=32877 hw_unavail=39923
usb-audio-fix: fb_done=477706
usb-audio-okx: rx_bytes_total=85385716 rx_short_packets=6925
usb-pump-logring: backlog_hwm=8192
a2dp: codec=LDAC bitrate=990000 fill=500/4608 ovr_frames=0 und=2259 report_dt_us=1016527
a2dp: enc_max_us=1810 pkt_sent=83384 pkt_fail=0 misaligned=0
a2dp: tick_count=45878 worst_tick_interval_us=14467 enc_frames_total=166768
a2dp: frames_per_packet=1 credit_clamped_samples=3497811 credit_clamp_events=12426 flush_frames=0 resync_drops=0 fill_ema=688 fill_min=28
a2dp: stop_credit=32339 stop_queue_full=15 stop_ring_empty=2259 stop_dwell=8252 fill_short_read=0
a2dp: payloads_sealed=83384 tx_depth_max=5 grants=83384 spurious_grants=0 dwell_max_us=7247
atr pc0=100036f3 b0=00047843 pc1=100036bd b1=00031721 pc2=10003713 b2=00028990                                                
wdt: USB_TIMER max_stale_ms=0 deadline_ms=100 enabled=1
wdt: USB_TASK max_stale_ms=0 deadline_ms=250 enabled=1
wdt: BTSTACK madrn c=00007175 s=00000000 z=00002207 bd=0000421826 bp=0000421826 dr=0000418071                                                
x_stale_ms=66 deadline_ms=1000 enabled=1
wdt: MEDIA max_stale_ms=0 deadline_ms=500 enabled=1
ctr s=0000000608 u=0000641859 t=0000045969 e=0000166959 p=0000083479 d=0000008252 c=0000032397 o=0000000000                   
usb-audio: streaming rate=48000Hz ch=2 bits=16 measured=95933 B/s (98344 bytes / 1025ms)
usb-pump: packets=445082 log_drops=418071 report_dt_us=1019826
usb-pump-race: pump_ticks_run=641228 sof_isr=641619
usb-sof-2ap: sof_streaming=484999 got=445082 miss_avail=6530 miss_unavail=33387 hw_unavail=40433
usb-audio-fix: fb_done=478720
usb-audio-okx: rx_bytes_total=85483484 rx_short_packets=6935
usb-pump-logring: backlog_hwm=8192
a2dp: codec=LDAC bitrate=990000 fill=476/4608 ovr_frames=0 und=2292 report_dt_us=1019826
a2dp: enc_max_us=1810 pkt_sent=83479 pkt_fail=0 misaligned=0
a2dp: tick_count=45969 worst_tick_interval_us=14467 enc_frames_total=166959
a2dp: frames_per_packet=1 credit_clamped_samples=3522364 credit_clamp_events=12517 flush_frames=0 resync_drops=0 fill_ema=677 fill_min=4
a2dp: stop_credit=32397 stop_queue_full=15 stop_ring_empty=2292 stop_dwell=8252 fill_short_read=0
a2dp: payloads_sealed=83479 tx_depth_max=5 grants=83479 spurious_grants=0 dwell_max_us=7247
atr pc0=100036f3 b0=00047941 pc1=100036bd b1=00031785 pc2=10003713 b2=00029052                                                
wdt: USB_TIMER max_stale_ms=0 deadline_ms=100 enabled=1
wdt: USB_TASK max_stale_ms=0 deadline_ms=250 enabled=1
wdt: BTSTACK madrn c=00007191 s=00000000 z=00002207 bd=0000423042 bp=0000423042 dr=0000418071                                                
x_stale_ms=66 deadline_ms=1000 enabled=1
wdt: MEDIA max_stale_ms=0 deadline_ms=500 enabled=1
ctr s=0000000609 u=0000642869 t=0000046058 e=0000167147 p=0000083573 d=0000008252 c=0000032457 o=0000000000                   
usb-audio: streaming rate=48000Hz ch=2 bits=16 measured=95792 B/s (96800 bytes / 1010ms)
usb-pump: packets=445586 log_drops=418071 report_dt_us=1011191
usb-pump-race: pump_ticks_run=642235 sof_isr=642630
usb-sof-2ap: sof_streaming=486011 got=445586 miss_avail=6530 miss_unavail=33895 hw_unavail=40941
usb-audio-fix: fb_done=479726
usb-audio-okx: rx_bytes_total=85580284 rx_short_packets=6943
usb-pump-logring: backlog_hwm=8192
a2dp: codec=LDAC bitrate=990000 fill=1020/4608 ovr_frames=0 und=2321 report_dt_us=1011191
a2dp: enc_max_us=1810 pkt_sent=83573 pkt_fail=0 misaligned=0
a2dp: tick_count=46058 worst_tick_interval_us=14467 enc_frames_total=167147
a2dp: frames_per_packet=1 credit_clamped_samples=3546535 credit_clamp_events=12606 flush_frames=0 resync_drops=0 fill_ema=709 fill_min=32
a2dp: stop_credit=32457 stop_queue_full=15 stop_ring_empty=2321 stop_dwell=8252 fill_short_read=0
a2dp: payloads_sealed=83573 tx_depth_max=5 grants=83573 spurious_grants=0 dwell_max_us=7247
frame 7201: render=47269us blit=14922us total=62246us
atr pc0=100036f3 b0=00048039 pc1=100036bd b1=00031849 pc2=10003713 b2=00029114                                                
wdt: USB_TIMER max_stale_ms=0 deadline_ms=100 enabled=1
wdt: USB_TASK max_stale_ms=0 deadline_ms=250 enabled=1
wdt: BTSTACK madrn c=00007207 s=00000000 z=00002207 bd=0000424315 bp=0000424315 dr=0000418071                                                
x_stale_ms=66 deadline_ms=1000 enabled=1
wdt: MEDIA max_stale_ms=0 deadline_ms=500 enabled=1
ctr s=0000000610 u=0000643892 t=0000046150 e=0000167340 p=0000083670 d=0000008252 c=0000032520 o=0000000000                   
usb-audio: streaming rate=48000Hz ch=2 bits=16 measured=95880 B/s (98168 bytes / 1023ms)
usb-pump: packets=446098 log_drops=418071 report_dt_us=1023314
usb-pump-race: pump_ticks_run=643256 sof_isr=643654
usb-sof-2ap: sof_streaming=487034 got=446097 miss_avail=6530 miss_unavail=34407 hw_unavail=41453
usb-audio-fix: fb_done=480745
usb-audio-okx: rx_bytes_total=85678644 rx_short_packets=6957
usb-pump-logring: backlog_hwm=8192
a2dp: codec=LDAC bitrate=990000 fill=564/4608 ovr_frames=0 und=2350 report_dt_us=1023314
a2dp: enc_max_us=1810 pkt_sent=83670 pkt_fail=0 misaligned=0
a2dp: tick_count=46150 worst_tick_interval_us=14467 enc_frames_total=167340
a2dp: frames_per_packet=1 credit_clamped_samples=3571206 credit_clamp_events=12698 flush_frames=0 resync_drops=0 fill_ema=695 fill_min=4
a2dp: stop_credit=32520 stop_queue_full=15 stop_ring_empty=2350 stop_dwell=8252 fill_short_read=0
a2dp: payloads_sealed=83670 tx_depth_max=5 grants=83670 spurious_grants=0 dwell_max_us=7247
atr pc0=100036f3 b0=00048137 pc1=100036bd b1=00031913 pc2=10003713 b2=00029176                                                
wdt: USB_TIMER max_stale_ms=0 deadline_ms=100 enabled=1
wdt: USB_TASK max_stale_ms=0 deadline_ms=250 enabled=1
wdt: BTSTACK madrn c=00007223 s=00000000 z=00002207 bd=0000425531 bp=0000425531 dr=0000418071                                                
x_stale_ms=66 deadline_ms=1000 enabled=1
wdt: MEDIA max_stale_ms=0 deadline_ms=500 enabled=1
ctr s=0000000611 u=0000644908 t=0000046240 e=0000167530 p=0000083765 d=0000008252 c=0000032578 o=0000000000                   
usb-audio: streaming rate=48000Hz ch=2 bits=16 measured=96093 B/s (97584 bytes / 1015ms)
usb-pump: packets=446605 log_drops=418071 report_dt_us=1015374
usb-pump-race: pump_ticks_run=644270 sof_isr=644669
usb-sof-2ap: sof_streaming=488049 got=446605 miss_avail=6530 miss_unavail=34914 hw_unavail=41960
usb-audio-fix: fb_done=481754
usb-audio-okx: rx_bytes_total=85776036 rx_short_packets=6969
usb-pump-logring: backlog_hwm=8192
a2dp: codec=LDAC bitrate=990000 fill=676/4608 ovr_frames=0 und=2382 report_dt_us=1015374
a2dp: enc_max_us=1810 pkt_sent=83765 pkt_fail=0 misaligned=0
a2dp: tick_count=46240 worst_tick_interval_us=14467 enc_frames_total=167530
a2dp: frames_per_packet=1 credit_clamped_samples=3595451 credit_clamp_events=12788 flush_frames=0 resync_drops=0 fill_ema=671 fill_min=0
a2dp: stop_credit=32578 stop_queue_full=15 stop_ring_empty=2382 stop_dwell=8252 fill_short_read=0
a2dp: payloads_sealed=83765 tx_depth_max=5 grants=83765 spurious_grants=0 dwell_max_us=7247
atr pc0=100036f3 b0=00048235 pc1=100036bd b1=00031977 pc2=10003713 b2=00029238                                                
wdt: USB_TIMER max_stale_ms=0 deadline_ms=100 enabled=1
wdt: USB_TASK max_stale_ms=0 deadline_ms=250 enabled=1
wdt: BTSTACK madrn c=00007239 s=00000000 z=00002207 bd=0000426747 bp=0000426747 dr=0000418071                                                
x_stale_ms=66 deadline_ms=1000 enabled=1
wdt: MEDIA max_stale_ms=0 deadline_ms=500 enabled=1
ctr s=0000000612 u=0000645912 t=0000046330 e=0000167718 p=0000083859 d=0000008252 c=0000032635 o=0000000000                   
usb-audio: streaming rate=48000Hz ch=2 bits=16 measured=95979 B/s (96432 bytes / 1004ms)
usb-pump: packets=447107 log_drops=418071 report_dt_us=1004718
usb-pump-race: pump_ticks_run=645273 sof_isr=645674
usb-sof-2ap: sof_streaming=489054 got=447107 miss_avail=6530 miss_unavail=35417 hw_unavail=42463
usb-audio-fix: fb_done=482756
usb-audio-okx: rx_bytes_total=85872468 rx_short_packets=6981
usb-pump-logring: backlog_hwm=8192
a2dp: codec=LDAC bitrate=990000 fill=852/4608 ovr_frames=0 und=2415 report_dt_us=1004718
a2dp: enc_max_us=1810 pkt_sent=83859 pkt_fail=0 misaligned=0
a2dp: tick_count=46330 worst_tick_interval_us=14467 enc_frames_total=167718
a2dp: frames_per_packet=1 credit_clamped_samples=3619585 credit_clamp_events=12878 flush_frames=0 resync_drops=0 fill_ema=603 fill_min=0
a2dp: stop_credit=32635 stop_queue_full=15 stop_ring_empty=2415 stop_dwell=8252 fill_short_read=0
a2dp: payloads_sealed=83859 tx_depth_max=5 grants=83859 spurious_grants=0 dwell_max_us=7247
atr pc0=100036f3 b0=00048333 pc1=100036bd b1=00032041 pc2=10003713 b2=00029300                                                
wdt: USB_TIMER max_stale_ms=0 deadline_ms=100 enabled=1
wdt: USB_TASK max_stale_ms=0 deadline_ms=250 enabled=1
wdt: BTSTACK madrn c=00007255 s=00000000 z=00002207 bd=0000427963 bp=0000427963 dr=0000418071                                                
x_stale_ms=75 deadline_ms=1000 enabled=1
wdt: MEDIA max_stale_ms=0 deadline_ms=500 enabled=1
ctr s=0000000613 u=0000646956 t=0000046423 e=0000167914 p=0000083957 d=0000008252 c=0000032693 o=0000000000                   
usb-audio: streaming rate=48000Hz ch=2 bits=16 measured=95918 B/s (100088 bytes / 1043ms)
usb-pump: packets=447628 log_drops=418071 report_dt_us=1043471
usb-pump-race: pump_ticks_run=646314 sof_isr=646717
usb-sof-2ap: sof_streaming=490097 got=447627 miss_avail=6530 miss_unavail=35940 hw_unavail=42986
usb-audio-fix: fb_done=483797
usb-audio-okx: rx_bytes_total=85972556 rx_short_packets=6995
usb-pump-logring: backlog_hwm=8192
a2dp: codec=LDAC bitrate=990000 fill=588/4608 ovr_frames=0 und=2450 report_dt_us=1043471
a2dp: enc_max_us=1810 pkt_sent=83957 pkt_fail=0 misaligned=0
a2dp: tick_count=46423 worst_tick_interval_us=14467 enc_frames_total=167914
a2dp: frames_per_packet=1 credit_clamped_samples=3644663 credit_clamp_events=12971 flush_frames=0 resync_drops=0 fill_ema=665 fill_min=4
a2dp: stop_credit=32693 stop_queue_full=15 stop_ring_empty=2450 stop_dwell=8252 fill_short_read=0
a2dp: payloads_sealed=83957 tx_depth_max=5 grants=83957 spurious_grants=0 dwell_max_us=7247
frame 7261: render=46096us blit=16787us total=62933us
atr pc0=100036f3 b0=00048431 pc1=100036bd b1=00032105 pc2=10003713 b2=00029362                                                
wdt: USB_TIMER max_stale_ms=0 deadline_ms=100 enabled=1
wdt: USB_TASK max_stale_ms=0 deadline_ms=250 enabled=1
wdt: BTSTACK madrn c=00007271 s=00000000 z=00002207 bd=0000429235 bp=0000429235 dr=0000418071                                                
x_stale_ms=66 deadline_ms=1000 enabled=1
wdt: MEDIA max_stale_ms=0 deadline_ms=500 enabled=1
ctr s=0000000614 u=0000647966 t=0000046513 e=0000168104 p=0000084052 d=0000008252 c=0000032750 o=0000000000                   
usb-audio: streaming rate=48000Hz ch=2 bits=16 measured=95984 B/s (96440 bytes / 1004ms)
usb-pump: packets=448130 log_drops=418071 report_dt_us=1004738
usb-pump-race: pump_ticks_run=647318 sof_isr=647722
usb-sof-2ap: sof_streaming=491102 got=448130 miss_avail=6530 miss_unavail=36442 hw_unavail=43488
usb-audio-fix: fb_done=484800
usb-audio-okx: rx_bytes_total=86068996 rx_short_packets=7009
usb-pump-logring: backlog_hwm=8192
a2dp: codec=LDAC bitrate=990000 fill=772/4608 ovr_frames=0 und=2483 report_dt_us=1004738
a2dp: enc_max_us=1810 pkt_sent=84051 pkt_fail=0 misaligned=0
a2dp: tick_count=46513 worst_tick_interval_us=14467 enc_frames_total=168104
a2dp: frames_per_packet=1 credit_clamped_samples=3668985 credit_clamp_events=13061 flush_frames=0 resync_drops=0 fill_ema=595 fill_min=0
a2dp: stop_credit=32750 stop_queue_full=15 stop_ring_empty=2483 stop_dwell=8252 fill_short_read=0
a2dp: payloads_sealed=84052 tx_depth_max=5 grants=84052 spurious_grants=0 dwell_max_us=7247
atr pc0=100036f3 b0=00048529 pc1=100036bd b1=00032169 pc2=10003713 b2=00029424                                                
wdt: USB_TIMER max_stale_ms=0 deadline_ms=100 enabled=1
wdt: USB_TASK max_stale_ms=0 deadline_ms=250 enabled=1
wdt: BTSTACK madrn c=00007287 s=00000000 z=00002207 bd=0000430451 bp=0000430451 dr=0000418071                                                
x_stale_ms=68 deadline_ms=1000 enabled=1
wdt: MEDIA max_stale_ms=0 deadline_ms=500 enabled=1
ctr s=0000000615 u=0000648969 t=0000046602 e=0000168292 p=0000084146 d=0000008252 c=0000032804 o=0000000000                   
usb-audio: streaming rate=48000Hz ch=2 bits=16 measured=96031 B/s (96808 bytes / 1008ms)
usb-pump: packets=448634 log_drops=418071 report_dt_us=1008093
usb-pump-race: pump_ticks_run=648325 sof_isr=648730
usb-sof-2ap: sof_streaming=492110 got=448634 miss_avail=6530 miss_unavail=36946 hw_unavail=43992
usb-audio-fix: fb_done=485806
usb-audio-okx: rx_bytes_total=86165804 rx_short_packets=7019
usb-pump-logring: backlog_hwm=8192
a2dp: codec=LDAC bitrate=990000 fill=300/4608 ovr_frames=0 und=2518 report_dt_us=1008093
a2dp: enc_max_us=1810 pkt_sent=84146 pkt_fail=0 misaligned=0
a2dp: tick_count=46602 worst_tick_interval_us=14467 enc_frames_total=168292
a2dp: frames_per_packet=1 credit_clamped_samples=3692959 credit_clamp_events=13150 flush_frames=0 resync_drops=0 fill_ema=613 fill_min=4
a2dp: stop_credit=32804 stop_queue_full=15 stop_ring_empty=2518 stop_dwell=8252 fill_short_read=0
a2dp: payloads_sealed=84146 tx_depth_max=5 grants=84146 spurious_grants=0 dwell_max_us=7247
atr pc0=100036f3 b0=00048627 pc1=100036bd b1=00032233 pc2=10003713 b2=00029486                                                
wdt: USB_TIMER max_stale_ms=0 deadline_ms=100 enabled=1
wdt: USB_TASK max_stale_ms=0 deadline_ms=250 enabled=1
wdt: BTSTACK madrn c=00007303 s=00000000 z=00002207 bd=0000431667 bp=0000431667 dr=0000418071                                                
x_stale_ms=66 deadline_ms=1000 enabled=1
wdt: MEDIA max_stale_ms=0 deadline_ms=500 enabled=1
ctr s=0000000616 u=0000649994 t=0000046693 e=0000168484 p=0000084242 d=0000008252 c=0000032860 o=0000000000                   
usb-audio: streaming rate=48000Hz ch=2 bits=16 measured=96141 B/s (98544 bytes / 1024ms)
usb-pump: packets=449147 log_drops=418071 report_dt_us=1024987
usb-pump-race: pump_ticks_run=649350 sof_isr=649755
usb-sof-2ap: sof_streaming=493135 got=449146 miss_avail=6530 miss_unavail=37459 hw_unavail=44505
usb-audio-fix: fb_done=486828
usb-audio-okx: rx_bytes_total=86264348 rx_short_packets=7031
usb-pump-logring: backlog_hwm=8192
a2dp: codec=LDAC bitrate=990000 fill=540/4608 ovr_frames=0 und=2553 report_dt_us=1024987
a2dp: enc_max_us=1810 pkt_sent=84242 pkt_fail=0 misaligned=0
a2dp: tick_count=46693 worst_tick_interval_us=14467 enc_frames_total=168484
a2dp: frames_per_packet=1 credit_clamped_samples=3717548 credit_clamp_events=13241 flush_frames=0 resync_drops=0 fill_ema=635 fill_min=0
a2dp: stop_credit=32860 stop_queue_full=15 stop_ring_empty=2553 stop_dwell=8252 fill_short_read=0
a2dp: payloads_sealed=84242 tx_depth_max=5 grants=84242 spurious_grants=0 dwell_max_us=7247
atr pc0=100036f3 b0=00048725 pc1=100036bd b1=00032297 pc2=10003713 b2=00029548                                                
wdt: USB_TIMER max_stale_ms=0 deadline_ms=100 enabled=1
wdt: USB_TASK max_stale_ms=0 deadline_ms=250 enabled=1
wdt: BTSTACK madrn c=00007319 s=00000000 z=00002207 bd=0000432883 bp=0000432883 dr=0000418071                                                
x_stale_ms=66 deadline_ms=1000 enabled=1
wdt: MEDIA max_stale_ms=0 deadline_ms=500 enabled=1
frame 7321: render=46317us blit=1ctr s=0000000617 u=0000651017 t=0000046784 e=0000168676 p=0000084338 d=0000008252 c=0000032913 o=0000000000                   
4393us total=60764us
usb-audio: streaming rate=48000Hz ch=2 bits=16 measured=95945 B/s (98152 bytes / 1022ms)
usb-pump: packets=449658 log_drops=418071 report_dt_us=1022995
usb-pump-race: pump_ticks_run=650372 sof_isr=650778
usb-sof-2ap: sof_streaming=494158 got=449658 miss_avail=6530 miss_unavail=37970 hw_unavail=45016
usb-audio-fix: fb_done=487848
usb-audio-okx: rx_bytes_total=86362500 rx_short_packets=7041
usb-pump-logring: backlog_hwm=8192
a2dp: codec=LDAC bitrate=990000 fill=388/4608 ovr_frames=0 und=2591 report_dt_us=1022995
a2dp: enc_max_us=1810 pkt_sent=84338 pkt_fail=0 misaligned=0
a2dp: tick_count=46784 worst_tick_interval_us=14467 enc_frames_total=168676
a2dp: frames_per_packet=1 credit_clamped_samples=3742136 credit_clamp_events=13332 flush_frames=0 resync_drops=0 fill_ema=623 fill_min=4
a2dp: stop_credit=32913 stop_queue_full=15 stop_ring_empty=2591 stop_dwell=8252 fill_short_read=0
a2dp: payloads_sealed=84338 tx_depth_max=5 grants=84338 spurious_grants=0 dwell_max_us=7247
atr pc0=100036f3 b0=00048823 pc1=100036bd b1=00032361 pc2=10003713 b2=00029610                                                
wdt: USB_TIMER max_stadrn c=00007335 s=00000000 z=00002207 bd=0000434154 bp=0000434154 dr=0000418071                                                
le_ms=0 deadline_ms=100 enabled=1
wdt: USB_TASK max_stale_ms=0 deadline_ms=250 enabled=1
wdt: BTSTACK max_stale_ms=67 deadlinectr s=0000000618 u=0000652036 t=0000046875 e=0000168867 p=0000084433 d=0000008252 c=0000032973 o=0000000000                   
_ms=1000 enabled=1
wdt: MEDIA max_stale_ms=0 deadline_ms=500 enabled=1
usb-audio: streaming rate=48000Hz ch=2 bits=16 measured=96037 B/s (97768 bytes / 1018ms)
usb-pump: packets=450167 log_drops=418071 report_dt_us=1018026
usb-pump-race: pump_ticks_run=651389 sof_isr=651796
usb-sof-2ap: sof_streaming=495176 got=450167 miss_avail=6530 miss_unavail=38479 hw_unavail=45525
usb-audio-fix: fb_done=488866
usb-audio-okx: rx_bytes_total=86460460 rx_short_packets=7051
usb-pump-logring: backlog_hwm=8192
a2dp: codec=LDAC bitrate=990000 fill=556/4608 ovr_frames=0 und=2622 report_dt_us=1018026
a2dp: enc_max_us=1810 pkt_sent=84433 pkt_fail=0 misaligned=0
a2dp: tick_count=46875 worst_tick_interval_us=14467 enc_frames_total=168867
a2dp: frames_per_packet=1 credit_clamped_samples=3766657 credit_clamp_events=13423 flush_frames=0 resync_drops=0 fill_ema=620 fill_min=8
a2dp: stop_credit=32973 stop_queue_full=15 stop_ring_empty=2622 stop_dwell=8252 fill_short_read=0
a2dp: payloads_sealed=84433 tx_depth_max=5 grants=84433 spurious_grants=0 dwell_max_us=7247
atr pc0=100036f3 b0=00048921 pc1=100036bd b1=00032425 pc2=10003713 b2=00029672                                                
wdt: USB_TIMER max_stale_ms=0 deadline_ms=100 enabled=1
wdt: USB_TASK max_stale_ms=0 deadline_ms=250 enabled=1
wdt: BTSTACK madrn c=00007351 s=00000000 z=00002207 bd=0000435370 bp=0000435370 dr=0000418071                                                
x_stale_ms=67 deadline_ms=1000 enabled=1
wdt: MEDIA max_stale_ms=0 deadline_ms=500 enabled=1
ctr s=0000000619 u=0000653074 t=0000046967 e=0000169062 p=0000084531 d=0000008252 c=0000033030 o=0000000000                   
usb-audio: streaming rate=48000Hz ch=2 bits=16 measured=96065 B/s (99872 bytes / 1039ms)
usb-pump: packets=450687 log_drops=418071 report_dt_us=1039631
usb-pump-race: pump_ticks_run=652429 sof_isr=652836
usb-sof-2ap: sof_streaming=496216 got=450687 miss_avail=6530 miss_unavail=38999 hw_unavail=46045
usb-audio-fix: fb_done=489904
usb-audio-okx: rx_bytes_total=86560140 rx_short_packets=7059
usb-pump-logring: backlog_hwm=8192
a2dp: codec=LDAC bitrate=990000 fill=396/4608 ovr_frames=0 und=2657 report_dt_us=1039631
a2dp: enc_max_us=1810 pkt_sent=84531 pkt_fail=0 misaligned=0
a2dp: tick_count=46967 worst_tick_interval_us=14467 enc_frames_total=169062
a2dp: frames_per_packet=1 credit_clamped_samples=3791456 credit_clamp_events=13515 flush_frames=0 resync_drops=0 fill_ema=597 fill_min=4
a2dp: stop_credit=33030 stop_queue_full=15 stop_ring_empty=2657 stop_dwell=8252 fill_short_read=0
a2dp: payloads_sealed=84531 tx_depth_max=5 grants=84531 spurious_grants=0 dwell_max_us=7247
atr pc0=100036f3 b0=00049019 pc1=100036bd b1=00032489 pc2=10003713 b2=00029734                                                
wdt: USB_TIMER max_stale_ms=0 deadline_ms=100 enabled=1
wdt: USB_TASK max_stale_ms=0 deadline_ms=250 enabled=1
wdt: BTSTACK madrn c=00007367 s=00000000 z=00002207 bd=0000436586 bp=0000436586 dr=0000418071                                                
x_stale_ms=65 deadline_ms=1000 enabled=1
wdt: MEDIA max_stale_ms=0 deadline_ms=500 enabled=1
ctr s=0000000620 u=0000654088 t=0000047057 e=0000169252 p=0000084626 d=0000008252 c=0000033084 o=0000000000                   
usb-audio: streaming rate=48000Hz ch=2 bits=16 measured=96121 B/s (97408 bytes / 1013ms)
usb-pump: packets=451194 log_drops=418071 report_dt_us=1013374
usb-pump-race: pump_ticks_run=653440 sof_isr=653849
usb-sof-2ap: sof_streaming=497229 got=451193 miss_avail=6530 miss_unavail=39506 hw_unavail=46552
usb-audio-fix: fb_done=490913
usb-audio-okx: rx_bytes_total=86657548 rx_short_packets=7075
usb-pump-logring: backlog_hwm=8192
a2dp: codec=LDAC bitrate=990000 fill=524/4608 ovr_frames=0 und=2693 report_dt_us=1013374
a2dp: enc_max_us=1810 pkt_sent=84626 pkt_fail=0 misaligned=0
a2dp: tick_count=47057 worst_tick_interval_us=14467 enc_frames_total=169252
a2dp: frames_per_packet=1 credit_clamped_samples=3815853 credit_clamp_events=13605 flush_frames=0 resync_drops=0 fill_ema=683 fill_min=0
a2dp: stop_credit=33084 stop_queue_full=15 stop_ring_empty=2693 stop_dwell=8252 fill_short_read=0
a2dp: payloads_sealed=84626 tx_depth_max=5 grants=84626 spurious_grants=0 dwell_max_us=7247
frame 7381: render=51580us blit=13476us total=65110us
atr pc0=100036f3 b0=00049117 pc1=100036bd b1=00032553 pc2=10003713 b2=00029796                                                
wdt: USB_TIMER max_stale_ms=0 deadline_ms=100 enabled=1
wdt: USB_TASK max_stale_ms=0 deadline_ms=250 enabled=1
wdt: BTSTACK madrn c=00007383 s=00000000 z=00002207 bd=0000437857 bp=0000437857 dr=0000418071                                                
x_stale_ms=65 deadline_ms=1000 enabled=1
wdt: MEDIA max_stale_ms=0 deadline_ms=500 enabled=1
ctr s=0000000621 u=0000655093 t=0000047147 e=0000169440 p=0000084720 d=0000008252 c=0000033142 o=0000000000                   
usb-audio: streaming rate=48000Hz ch=2 bits=16 measured=95725 B/s (96236 bytes / 1005ms)
usb-pump: packets=451695 log_drops=418071 report_dt_us=1005313
usb-pump-race: pump_ticks_run=654444 sof_isr=654855
usb-sof-2ap: sof_streaming=498235 got=451695 miss_avail=6530 miss_unavail=40010 hw_unavail=47056
usb-audio-fix: fb_done=491916
usb-audio-okx: rx_bytes_total=86753976 rx_short_packets=7086
usb-pump-logring: backlog_hwm=8192
a2dp: codec=LDAC bitrate=990000 fill=696/4608 ovr_frames=0 und=2725 report_dt_us=1005313
a2dp: enc_max_us=1810 pkt_sent=84720 pkt_fail=0 misaligned=0
a2dp: tick_count=47147 worst_tick_interval_us=14467 enc_frames_total=169440
a2dp: frames_per_packet=1 credit_clamped_samples=3840004 credit_clamp_events=13695 flush_frames=0 resync_drops=0 fill_ema=652 fill_min=20
a2dp: stop_credit=33142 stop_queue_full=15 stop_ring_empty=2725 stop_dwell=8252 fill_short_read=0
a2dp: payloads_sealed=84720 tx_depth_max=5 grants=84720 spurious_grants=0 dwell_max_us=7247
atr pc0=100036f3 b0=00049215 pc1=100036bd b1=00032617 pc2=10003713 b2=00029858                                                
wdt: USB_TIMER max_stale_ms=0 deadline_ms=100 enabled=1
wdt: USB_TASK max_stale_ms=0 deadline_ms=250 enabled=1
wdt: BTSTACK madrn c=00007399 s=00000000 z=00002207 bd=0000439074 bp=0000439074 dr=0000418071                                                
x_stale_ms=67 deadline_ms=1000 enabled=1
wdt: MEDIA max_stale_ms=0 deadline_ms=500 enabled=1
ctr s=0000000622 u=0000656115 t=0000047238 e=0000169631 p=0000084815 d=0000008252 c=0000033201 o=0000000000                   
usb-audio: streaming rate=48000Hz ch=2 bits=16 measured=96025 B/s (98152 bytes / 1022ms)
usb-pump: packets=452207 log_drops=418071 report_dt_us=1022264
usb-pump-race: pump_ticks_run=655465 sof_isr=655877
usb-sof-2ap: sof_streaming=499257 got=452206 miss_avail=6530 miss_unavail=40521 hw_unavail=47567
usb-audio-fix: fb_done=492934
usb-audio-okx: rx_bytes_total=86852132 rx_short_packets=7097
usb-pump-logring: backlog_hwm=8192
a2dp: codec=LDAC bitrate=990000 fill=1060/4608 ovr_frames=0 und=2757 report_dt_us=1022264
a2dp: enc_max_us=1810 pkt_sent=84815 pkt_fail=0 misaligned=0
a2dp: tick_count=47238 worst_tick_interval_us=14467 enc_frames_total=169631
a2dp: frames_per_packet=1 credit_clamped_samples=3864381 credit_clamp_events=13786 flush_frames=0 resync_drops=0 fill_ema=633 fill_min=0
a2dp: stop_credit=33201 stop_queue_full=15 stop_ring_empty=2757 stop_dwell=8252 fill_short_read=0
a2dp: payloads_sealed=84815 tx_depth_max=5 grants=84815 spurious_grants=0 dwell_max_us=7247
atr pc0=100036f3 b0=00049313 pc1=100036bd b1=00032681 pc2=10003713 b2=00029920                                                
wdt: USB_TIMER max_stale_ms=0 deadline_ms=100 enabled=1
wdt: USB_TASK max_stale_ms=0 deadline_ms=250 enabled=1
wdt: BTSTACK madrn c=00007415 s=00000000 z=00002207 bd=0000440291 bp=0000440291 dr=0000418071                                                
x_stale_ms=65 deadline_ms=1000 enabled=1
wdt: MEDIA max_stale_ms=0 deadline_ms=500 enabled=1
ctr s=0000000623 u=0000657130 t=0000047328 e=0000169821 p=0000084910 d=0000008252 c=0000033254 o=0000000000                   
usb-audio: streaming rate=48000Hz ch=2 bits=16 measured=95734 B/s (97184 bytes / 1015ms)
usb-pump: packets=452712 log_drops=418071 report_dt_us=1015035
usb-pump-race: pump_ticks_run=656474 sof_isr=656892
usb-sof-2ap: sof_streaming=500272 got=452711 miss_avail=6530 miss_unavail=41031 hw_unavail=48077
usb-audio-fix: fb_done=493939
usb-audio-okx: rx_bytes_total=86949120 rx_short_packets=7104
usb-pump-logring: backlog_hwm=8192
a2dp: codec=LDAC bitrate=990000 fill=768/4608 ovr_frames=0 und=2794 report_dt_us=1015035
a2dp: enc_max_us=1810 pkt_sent=84910 pkt_fail=0 misaligned=0
a2dp: tick_count=47328 worst_tick_interval_us=14467 enc_frames_total=169821
a2dp: frames_per_packet=1 credit_clamped_samples=3888891 credit_clamp_events=13876 flush_frames=0 resync_drops=0 fill_ema=573 fill_min=0
a2dp: stop_credit=33254 stop_queue_full=15 stop_ring_empty=2794 stop_dwell=8252 fill_short_read=0
a2dp: payloads_sealed=84910 tx_depth_max=5 grants=84910 spurious_grants=0 dwell_max_us=7247
atr pc0=100036f3 b0=00049411 pc1=100036bd b1=00032745 pc2=10003713 b2=00029982                                                
wdt: USB_TIMER max_stale_ms=0 deadline_ms=100 enabled=1
wdt: USB_TASK max_stale_ms=0 deadline_ms=250 enabled=1
wdt: BTSTACK madrn c=00007431 s=00000000 z=00002207 bd=0000441507 bp=0000441507 dr=0000418071                                                
x_stale_ms=73 deadline_ms=1000 enabled=1
wdt: MEDIA max_stale_ms=0 deadline_ms=500 enabled=1
ctr s=0000000624 u=0000658163 t=0000047420 e=0000170014 p=0000085007 d=0000008252 c=0000033312 o=0000000000                   
usb-audio: streaming rate=48000Hz ch=2 bits=16 measured=95947 B/s (99120 bytes / 1033ms)
usb-pump: packets=453228 log_drops=418071 report_dt_us=1033057
usb-pump-race: pump_ticks_run=657505 sof_isr=657925
usb-sof-2ap: sof_streaming=501305 got=453228 miss_avail=6530 miss_unavail=41547 hw_unavail=48593
usb-audio-fix: fb_done=494968
usb-audio-okx: rx_bytes_total=87048240 rx_short_packets=7116
usb-pump-logring: backlog_hwm=8192
a2dp: codec=LDAC bitrate=990000 fill=1072/4608 ovr_frames=0 und=2828 report_dt_us=1033057
a2dp: enc_max_us=1810 pkt_sent=85007 pkt_fail=0 misaligned=0
a2dp: tick_count=47420 worst_tick_interval_us=14467 enc_frames_total=170014
a2dp: frames_per_packet=1 credit_clamped_samples=3913668 credit_clamp_events=13968 flush_frames=0 resync_drops=0 fill_ema=602 fill_min=12
a2dp: stop_credit=33312 stop_queue_full=15 stop_ring_empty=2828 stop_dwell=8252 fill_short_read=0
a2dp: payloads_sealed=85007 tx_depth_max=5 grants=85007 spurious_grants=0 dwell_max_us=7247
frame 7441: render=50970us blit=13474us total=64495us
atr pc0=100036f3 b0=00049509 pc1=100036bd b1=00032809 pc2=10003713 b2=00030044                                                
wdt: USB_TIMER max_stale_ms=0 deadline_ms=100 enabled=1
wdt: USB_TASK max_stale_ms=0 deadline_ms=250 enabled=1
wdt: BTSTACK madrn c=00007447 s=00000000 z=00002207 bd=0000442780 bp=0000442780 dr=0000418071                                                
x_stale_ms=66 deadline_ms=1000 enabled=1
wdt: MEDIA max_stale_ms=0 deadline_ms=500 enabled=1
ctr s=0000000625 u=0000659181 t=0000047511 e=0000170206 p=0000085103 d=0000008252 c=0000033366 o=0000000000                   
usb-audio: streaming rate=48000Hz ch=2 bits=16 measured=96044 B/s (97772 bytes / 1017ms)
usb-pump: packets=453737 log_drops=418071 report_dt_us=1017992
usb-pump-race: pump_ticks_run=658523 sof_isr=658943
usb-sof-2ap: sof_streaming=502323 got=453737 miss_avail=6530 miss_unavail=42056 hw_unavail=49102
usb-audio-fix: fb_done=495982
usb-audio-okx: rx_bytes_total=87146012 rx_short_packets=7127
usb-pump-logring: backlog_hwm=8192
a2dp: codec=LDAC bitrate=990000 fill=540/4608 ovr_frames=0 und=2865 report_dt_us=1017992
a2dp: enc_max_us=1810 pkt_sent=85103 pkt_fail=0 misaligned=0
a2dp: tick_count=47511 worst_tick_interval_us=14467 enc_frames_total=170206
a2dp: frames_per_packet=1 credit_clamped_samples=3938154 credit_clamp_events=14059 flush_frames=0 resync_drops=0 fill_ema=685 fill_min=0
a2dp: stop_credit=33366 stop_queue_full=15 stop_ring_empty=2865 stop_dwell=8252 fill_short_read=0
a2dp: payloads_sealed=85103 tx_depth_max=5 grants=85103 spurious_grants=0 dwell_max_us=7247
atr pc0=100036f3 b0=00049607 pc1=100036bd b1=00032873 pc2=10003713 b2=00030106                                                
wdt: USB_TIMER max_stale_ms=0 deadline_ms=100 enabled=1
wdt: USB_TASK max_stale_ms=0 deadline_ms=250 enabled=1
wdt: BTSTACK madrn c=00007463 s=00000000 z=00002207 bd=0000443996 bp=0000443996 dr=0000418071                                                
x_stale_ms=65 deadline_ms=1000 enabled=1
wdt: MEDIA max_stale_ms=0 deadline_ms=500 enabled=1
ctr s=0000000626 u=0000660204 t=0000047602 e=0000170397 p=0000085198 d=0000008252 c=0000033422 o=0000000000                   
usb-audio: streaming rate=48000Hz ch=2 bits=16 measured=96005 B/s (98144 bytes / 1022ms)
usb-pump: packets=454248 log_drops=418071 report_dt_us=1022272
usb-pump-race: pump_ticks_run=659544 sof_isr=659965
usb-sof-2ap: sof_streaming=503345 got=454247 miss_avail=6530 miss_unavail=42568 hw_unavail=49614
usb-audio-fix: fb_done=497001
usb-audio-okx: rx_bytes_total=87244156 rx_short_packets=7135
usb-pump-logring: backlog_hwm=8192
a2dp: codec=LDAC bitrate=990000 fill=892/4608 ovr_frames=0 und=2900 report_dt_us=1022272
a2dp: enc_max_us=1810 pkt_sent=85198 pkt_fail=0 misaligned=0
a2dp: tick_count=47602 worst_tick_interval_us=14467 enc_frames_total=170397
a2dp: frames_per_packet=1 credit_clamped_samples=3962647 credit_clamp_events=14150 flush_frames=0 resync_drops=0 fill_ema=618 fill_min=28
a2dp: stop_credit=33422 stop_queue_full=15 stop_ring_empty=2900 stop_dwell=8252 fill_short_read=0
a2dp: payloads_sealed=85198 tx_depth_max=5 grants=85198 spurious_grants=0 dwell_max_us=7247
atr pc0=100036f3 b0=00049705 pc1=100036bd b1=00032937 pc2=10003713 b2=00030168                                                
wdt: USB_TIMER max_stale_ms=0 deadline_ms=100 enabled=1
wdt: USB_TASK max_stale_ms=0 deadline_ms=250 enabled=1
wdt: BTSTACK madrn c=00007479 s=00000000 z=00002207 bd=0000445213 bp=0000445213 dr=0000418071                                                
x_stale_ms=65 deadline_ms=1000 enabled=1
wdt: MEDIA max_stale_ms=0 deadline_ms=500 enabled=1
ctr s=0000000627 u=0000661219 t=0000047693 e=0000170588 p=0000085294 d=0000008252 c=0000033477 o=0000000000                   
usb-audio: streaming rate=48000Hz ch=2 bits=16 measured=95952 B/s (97396 bytes / 1015ms)
usb-pump: packets=454755 log_drops=418071 report_dt_us=1015028
usb-pump-race: pump_ticks_run=660557 sof_isr=660980
usb-sof-2ap: sof_streaming=504360 got=454755 miss_avail=6530 miss_unavail=43075 hw_unavail=50121
usb-audio-fix: fb_done=498005
usb-audio-okx: rx_bytes_total=87341552 rx_short_packets=7148
usb-pump-logring: backlog_hwm=8192
a2dp: codec=LDAC bitrate=990000 fill=496/4608 ovr_frames=0 und=2936 report_dt_us=1015028
a2dp: enc_max_us=1810 pkt_sent=85294 pkt_fail=0 misaligned=0
a2dp: tick_count=47693 worst_tick_interval_us=14467 enc_frames_total=170588
a2dp: frames_per_packet=1 credit_clamped_samples=3987053 credit_clamp_events=14241 flush_frames=0 resync_drops=0 fill_ema=688 fill_min=4
a2dp: stop_credit=33477 stop_queue_full=15 stop_ring_empty=2936 stop_dwell=8252 fill_short_read=0
a2dp: payloads_sealed=85294 tx_depth_max=5 grants=85294 spurious_grants=0 dwell_max_us=7247
atr pc0=100036f3 b0=00049803 pc1=100036bd b1=00033001 pc2=10003713 b2=00030230                                                
wdt: USB_TIMER max_stale_ms=0 deadline_ms=100 enabled=1
wdt: USB_TASK max_stale_ms=0 deadline_ms=250 enabled=1
wdt: BTSTACK madrn c=00007495 s=00000000 z=00002207 bd=0000446429 bp=0000446429 dr=0000418071                                                
x_stale_ms=74 deadline_ms=1000 enabled=1
wdt: MEDIA max_stale_ms=0 deadline_ms=500 enabled=1
ctr s=0000000628 u=0000662226 t=0000047783 e=0000170776 p=0000085388 d=0000008252 c=0000033532 o=0000000000                   
usb-audio: streaming rate=48000Hz ch=2 bits=16 measured=96078 B/s (96816 bytes / 1007ms)
usb-pump: packets=455259 log_drops=418071 report_dt_us=1007674
usb-pump-race: pump_ticks_run=661565 sof_isr=661988
usb-sof-2ap: sof_streaming=505368 got=455259 miss_avail=6530 miss_unavail=43579 hw_unavail=50625
usb-audio-fix: fb_done=499010
usb-audio-okx: rx_bytes_total=87438368 rx_short_packets=7160
usb-pump-logring: backlog_hwm=8192
a2dp: codec=LDAC bitrate=990000 fill=1056/4608 ovr_frames=0 und=2971 report_dt_us=1007674
a2dp: enc_max_us=1810 pkt_sent=85388 pkt_fail=0 misaligned=0
a2dp: tick_count=47783 worst_tick_interval_us=14467 enc_frames_total=170776
a2dp: frames_per_packet=1 credit_clamped_samples=4011150 credit_clamp_events=14331 flush_frames=0 resync_drops=0 fill_ema=683 fill_min=16
a2dp: stop_credit=33532 stop_queue_full=15 stop_ring_empty=2971 stop_dwell=8252 fill_short_read=0
a2dp: payloads_sealed=85388 tx_depth_max=5 grants=85388 spurious_grants=0 dwell_max_us=7247
frame 7501: render=45856us blit=14806us total=60742us
atr pc0=100036f3 b0=00049901 pc1=100036bd b1=00033065 pc2=10003713 b2=00030292                                                
wdt: USB_TIMER max_stale_ms=0 deadline_ms=100 enabled=1
wdt: USB_TASK max_stale_ms=0 deadline_ms=250 enabled=1
wdt: BTSTACK madrn c=00007511 s=00000000 z=00002207 bd=0000447702 bp=0000447702 dr=0000418071                                                
x_stale_ms=66 deadline_ms=1000 enabled=1
wdt: MEDIA max_stale_ms=0 deadline_ms=500 enabled=1
ctr s=0000000629 u=0000663231 t=0000047872 e=0000170965 p=0000085482 d=0000008252 c=0000033591 o=0000000000                   
usb-audio: streaming rate=48000Hz ch=2 bits=16 measured=96137 B/s (96612 bytes / 1004ms)
usb-pump: packets=455762 log_drops=418071 report_dt_us=1004962
usb-pump-race: pump_ticks_run=662569 sof_isr=662993
usb-sof-2ap: sof_streaming=506373 got=455761 miss_avail=6530 miss_unavail=44082 hw_unavail=51128
usb-audio-fix: fb_done=500003
usb-audio-okx: rx_bytes_total=87534980 rx_short_packets=7169
usb-pump-logring: backlog_hwm=8192
a2dp: codec=LDAC bitrate=990000 fill=900/4608 ovr_frames=0 und=3001 report_dt_us=1004962
a2dp: enc_max_us=1810 pkt_sent=85482 pkt_fail=0 misaligned=0
a2dp: tick_count=47872 worst_tick_interval_us=14467 enc_frames_total=170965
a2dp: frames_per_packet=1 credit_clamped_samples=4035267 credit_clamp_events=14420 flush_frames=0 resync_drops=0 fill_ema=586 fill_min=32
a2dp: stop_credit=33591 stop_queue_full=15 stop_ring_empty=3001 stop_dwell=8252 fill_short_read=0
a2dp: payloads_sealed=85482 tx_depth_max=5 grants=85482 spurious_grants=0 dwell_max_us=7247
atr pc0=100036f3 b0=00049999 pc1=100036bd b1=00033129 pc2=10003713 b2=00030354                                                
wdt: USB_TIMER max_stale_ms=0 deadline_ms=100 enabled=1
wdt: USB_TASK max_stale_ms=0 deadline_ms=250 enabled=1
wdt: BTSTACK madrn c=00007527 s=00000000 z=00002207 bd=0000448919 bp=0000448919 dr=0000418071                                                
x_stale_ms=67 deadline_ms=1000 enabled=1
wdt: MEDIA max_stale_ms=0 deadline_ms=500 enabled=1
ctr s=0000000630 u=0000664237 t=0000047961 e=0000171154 p=0000085577 d=0000008252 c=0000033648 o=0000000000                   
usb-audio: streaming rate=48000Hz ch=2 bits=16 measured=96000 B/s (96604 bytes / 1006ms)
usb-pump: packets=456265 log_drops=418071 report_dt_us=1006271
usb-pump-race: pump_ticks_run=663574 sof_isr=663999
usb-sof-2ap: sof_streaming=507379 got=456264 miss_avail=6530 miss_unavail=44585 hw_unavail=51631
usb-audio-fix: fb_done=500996
usb-audio-okx: rx_bytes_total=87631584 rx_short_packets=7176
usb-pump-logring: backlog_hwm=8192
a2dp: codec=LDAC bitrate=990000 fill=736/4608 ovr_frames=0 und=3033 report_dt_us=1006271
a2dp: enc_max_us=1810 pkt_sent=85577 pkt_fail=0 misaligned=0
a2dp: tick_count=47961 worst_tick_interval_us=14467 enc_frames_total=171154
a2dp: frames_per_packet=1 credit_clamped_samples=4059437 credit_clamp_events=14509 flush_frames=0 resync_drops=0 fill_ema=679 fill_min=4
a2dp: stop_credit=33648 stop_queue_full=15 stop_ring_empty=3033 stop_dwell=8252 fill_short_read=0
a2dp: payloads_sealed=85577 tx_depth_max=5 grants=85577 spurious_grants=0 dwell_max_us=7247
atr pc0=100036f3 b0=00050097 pc1=100036bd b1=00033193 pc2=10003713 b2=00030416                                                
wdt: USB_TIMER max_stale_ms=0 deadline_ms=100 enabled=1
wdt: USB_TASK max_stale_ms=0 deadline_ms=250 enabled=1
wdt: BTSTACK madrn c=00007543 s=00000000 z=00002207 bd=0000450135 bp=0000450135 dr=0000418071                                                
x_stale_ms=67 deadline_ms=1000 enabled=1
wdt: MEDIA max_stale_ms=0 deadline_ms=500 enabled=1
ctr s=0000000631 u=0000665304 t=0000048056 e=0000171355 p=0000085677 d=0000008252 c=0000033706 o=0000000000                   
usb-audio: streaming rate=48000Hz ch=2 bits=16 measured=96036 B/s (102376 bytes / 1066ms)
usb-pump: packets=456798 log_drops=418071 report_dt_us=1066025
usb-pump-race: pump_ticks_run=664640 sof_isr=665065
usb-sof-2ap: sof_streaming=508445 got=456797 miss_avail=6530 miss_unavail=45118 hw_unavail=52164
usb-audio-fix: fb_done=502048
usb-audio-okx: rx_bytes_total=87733960 rx_short_packets=7186
usb-pump-logring: backlog_hwm=8192
a2dp: codec=LDAC bitrate=990000 fill=200/4608 ovr_frames=0 und=3070 report_dt_us=1066025
a2dp: enc_max_us=1810 pkt_sent=85677 pkt_fail=0 misaligned=0
a2dp: tick_count=48056 worst_tick_interval_us=14467 enc_frames_total=171355
a2dp: frames_per_packet=1 credit_clamped_samples=4085040 credit_clamp_events=14604 flush_frames=0 resync_drops=0 fill_ema=672 fill_min=0
a2dp: stop_credit=33706 stop_queue_full=15 stop_ring_empty=3070 stop_dwell=8252 fill_short_read=0
a2dp: payloads_sealed=85677 tx_depth_max=5 grants=85677 spurious_grants=0 dwell_max_us=7247
atr pc0=100036f3 b0=00050195 pc1=100036bd b1=00033257 pc2=10003713 b2=00030478                                                
wdt: USB_TIMER max_stale_ms=0 deadline_ms=100 enabled=1
wdt: USB_TASK max_stale_ms=0 deadline_ms=250 enabled=1
wdt: BTSTACK madrn c=00007559 s=00000000 z=00002207 bd=0000451352 bp=0000451352 dr=0000418071                                                
x_stale_ms=67 deadline_ms=1000 enabled=1
wdt: MEDIA max_stale_ms=0 deadline_ms=500 enabled=1
frame 7561: render=45879us blit=18069us total=63998us
ctr s=0000000632 u=0000666320 t=0000048146 e=0000171543 p=0000085771 d=0000008252 c=0000033764 o=0000000000                   
usb-audio: streaming rate=48000Hz ch=2 bits=16 measured=95443 B/s (97000 bytes / 1016ms)
usb-pump: packets=457303 log_drops=418071 report_dt_us=1016305
usb-pump-race: pump_ticks_run=665650 sof_isr=666081
usb-sof-2ap: sof_streaming=509461 got=457303 miss_avail=6530 miss_unavail=45628 hw_unavail=52674
usb-audio-fix: fb_done=503036
usb-audio-okx: rx_bytes_total=87830960 rx_short_packets=7196
usb-pump-logring: backlog_hwm=8192
a2dp: codec=LDAC bitrate=990000 fill=1136/4608 ovr_frames=0 und=3102 report_dt_us=1016305
a2dp: enc_max_us=1810 pkt_sent=85771 pkt_fail=0 misaligned=0
a2dp: tick_count=48146 worst_tick_interval_us=14467 enc_frames_total=171543
a2dp: frames_per_packet=1 credit_clamped_samples=4109494 credit_clamp_events=14694 flush_frames=0 resync_drops=0 fill_ema=645 fill_min=12
a2dp: stop_credit=33764 stop_queue_full=15 stop_ring_empty=3102 stop_dwell=8252 fill_short_read=0
a2dp: payloads_sealed=85771 tx_depth_max=5 grants=85771 spurious_grants=0 dwell_max_us=7247
atr pc0=100036f3 b0=00050293 pc1=100036bd b1=00033321 pc2=10003713 b2=00030540                                                
wdt: USB_TIMER max_stale_ms=0 deadline_ms=100 enabled=1
wdt: USB_TASK max_stale_ms=0 deadline_ms=250 enabled=1
wdt: BTSTACK madrn c=00007575 s=00000000 z=00002207 bd=0000452625 bp=0000452625 dr=0000418071                                                
x_stale_ms=66 deadline_ms=1000 enabled=1
wdt: MEDIA max_stale_ms=0 deadline_ms=500 enabled=1
ctr s=0000000633 u=0000667357 t=0000048239 e=0000171739 p=0000085869 d=0000008252 c=0000033821 o=0000000000                   
usb-audio: streaming rate=48000Hz ch=2 bits=16 measured=96206 B/s (99120 bytes / 1030ms)
usb-pump: packets=457819 log_drops=418071 report_dt_us=1030312
usb-pump-race: pump_ticks_run=666687 sof_isr=667118
usb-sof-2ap: sof_streaming=510498 got=457822 miss_avail=6530 miss_unavail=46146 hw_unavail=53192
usb-audio-fix: fb_done=504058
usb-audio-okx: rx_bytes_total=87930656 rx_short_packets=7208
usb-pump-logring: backlog_hwm=8192
a2dp: codec=LDAC bitrate=990000 fill=288/4608 ovr_frames=0 und=3138 report_dt_us=1030312
a2dp: enc_max_us=1810 pkt_sent=85869 pkt_fail=0 misaligned=0
a2dp: tick_count=48239 worst_tick_interval_us=14467 enc_frames_total=171739
a2dp: frames_per_packet=1 credit_clamped_samples=4134425 credit_clamp_events=14787 flush_frames=0 resync_drops=0 fill_ema=633 fill_min=4
a2dp: stop_credit=33821 stop_queue_full=15 stop_ring_empty=3138 stop_dwell=8252 fill_short_read=0
a2dp: payloads_sealed=85869 tx_depth_max=5 grants=85869 spurious_grants=0 dwell_max_us=7247
atr pc0=100036f3 b0=00050391 pc1=100036bd b1=00033385 pc2=10003713 b2=00030602                                                
wdt: USB_TIMER max_stale_ms=0 deadline_ms=100 enabled=1
wdt: USB_TASK max_stale_ms=0 deadline_ms=250 enabled=1
wdt: BTSTACK madrn c=00007591 s=00000000 z=00002207 bd=0000453841 bp=0000453841 dr=0000418071                                                
x_stale_ms=66 deadline_ms=1000 enabled=1
wdt: MEDIA max_stale_ms=0 deadline_ms=500 enabled=1
ctr s=0000000634 u=0000668375 t=0000048329 e=0000171929 p=0000085964 d=0000008252 c=0000033878 o=0000000000                   
usb-audio: streaming rate=48000Hz ch=2 bits=16 measured=96104 B/s (98536 bytes / 1025ms)
usb-pump: packets=458332 log_drops=418071 report_dt_us=1025251
usb-pump-race: pump_ticks_run=667706 sof_isr=668137
usb-sof-2ap: sof_streaming=511517 got=458331 miss_avail=6530 miss_unavail=46656 hw_unavail=53702
usb-audio-fix: fb_done=505054
usb-audio-okx: rx_bytes_total=88028616 rx_short_packets=7218
usb-pump-logring: backlog_hwm=8192
a2dp: codec=LDAC bitrate=990000 fill=968/4608 ovr_frames=0 und=3171 report_dt_us=1025251
a2dp: enc_max_us=1810 pkt_sent=85964 pkt_fail=0 misaligned=0
a2dp: tick_count=48329 worst_tick_interval_us=14467 enc_frames_total=171929
a2dp: frames_per_packet=1 credit_clamped_samples=4158776 credit_clamp_events=14877 flush_frames=0 resync_drops=0 fill_ema=678 fill_min=4
a2dp: stop_credit=33878 stop_queue_full=15 stop_ring_empty=3171 stop_dwell=8252 fill_short_read=0
a2dp: payloads_sealed=85964 tx_depth_max=5 grants=85964 spurious_grants=0 dwell_max_us=7247
atr pc0=100036f3 b0=00050489 pc1=100036bd b1=00033449 pc2=10003713 b2=00030664                                                
wdt: USB_TIMER max_stale_ms=0 deadline_ms=100 enabled=1
wdt: USB_TASK max_stale_ms=0 deadline_ms=250 enabled=1
wdt: BTSTACK madrn c=00007607 s=00000000 z=00002207 bd=0000455057 bp=0000455057 dr=0000418071                                                
x_stale_ms=67 deadline_ms=1000 enabled=1
wdt: MEDIA max_stale_ms=0 deadline_ms=500 enabled=1
ctr s=0000000635 u=0000669395 t=0000048420 e=0000172121 p=0000086060 d=0000008252 c=0000033932 o=0000000000                   
usb-audio: streaming rate=48000Hz ch=2 bits=16 measured=95879 B/s (97772 bytes / 1019ms)
usb-pump: packets=458842 log_drops=418071 report_dt_us=1019784
usb-pump-race: pump_ticks_run=668724 sof_isr=669157
usb-sof-2ap: sof_streaming=512537 got=458841 miss_avail=6530 miss_unavail=47166 hw_unavail=54212
usb-audio-fix: fb_done=506048
usb-audio-okx: rx_bytes_total=88126580 rx_short_packets=7229
usb-pump-logring: backlog_hwm=8192
a2dp: codec=LDAC bitrate=990000 fill=628/4608 ovr_frames=0 und=3208 report_dt_us=1019784
a2dp: enc_max_us=1810 pkt_sent=86060 pkt_fail=0 misaligned=0
a2dp: tick_count=48420 worst_tick_interval_us=14467 enc_frames_total=172121
a2dp: frames_per_packet=1 credit_clamped_samples=4183244 credit_clamp_events=14968 flush_frames=0 resync_drops=0 fill_ema=637 fill_min=8
a2dp: stop_credit=33932 stop_queue_full=15 stop_ring_empty=3208 stop_dwell=8252 fill_short_read=0
a2dp: payloads_sealed=86060 tx_depth_max=5 grants=86060 spurious_grants=0 dwell_max_us=7247
frame 7621: render=46377us blit=13621us total=60061us
atr pc0=100036f3 b0=00050587 pc1=100036bd b1=00033513 pc2=10003713 b2=00030726                                                
wdt: USB_TIMER max_stale_ms=0 deadline_ms=100 enabled=1
wdt: USB_TASK max_stale_ms=0 deadline_ms=250 enabled=1
wdt: BTSTACK madrn c=00007623 s=00000000 z=00002207 bd=0000456328 bp=0000456328 dr=0000418071                                                
x_stale_ms=65 deadline_ms=1000 enabled=1
wdt: MEDIA max_stale_ms=0 deadline_ms=500 enabled=1
ctr s=0000000636 u=0000670418 t=0000048512 e=0000172313 p=0000086156 d=0000008252 c=0000033988 o=0000000000                   
usb-audio: streaming rate=48000Hz ch=2 bits=16 measured=95994 B/s (97568 bytes / 1016ms)
usb-pump: packets=459349 log_drops=418071 report_dt_us=1016358
usb-pump-race: pump_ticks_run=669737 sof_isr=670173
usb-sof-2ap: sof_streaming=513560 got=459352 miss_avail=6530 miss_unavail=47678 hw_unavail=54724
usb-audio-fix: fb_done=507035
usb-audio-okx: rx_bytes_total=88224532 rx_short_packets=7237
usb-pump-logring: backlog_hwm=8192
a2dp: codec=LDAC bitrate=990000 fill=276/4608 ovr_frames=0 und=3244 report_dt_us=1016358
a2dp: enc_max_us=1810 pkt_sent=86156 pkt_fail=0 misaligned=0
a2dp: tick_count=48512 worst_tick_interval_us=14467 enc_frames_total=172313
a2dp: frames_per_packet=1 credit_clamped_samples=4207905 credit_clamp_events=15060 flush_frames=0 resync_drops=0 fill_ema=654 fill_min=8
a2dp: stop_credit=33988 stop_queue_full=15 stop_ring_empty=3244 stop_dwell=8252 fill_short_read=0
a2dp: payloads_sealed=86156 tx_depth_max=5 grants=86156 spurious_grants=0 dwell_max_us=7247
atr pc0=100036f3 b0=00050685 pc1=100036bd b1=00033577 pc2=10003713 b2=00030788                                                
wdt: USB_TIMER max_stale_ms=0 deadline_ms=100 enabled=1
wdt: USB_TASK max_stale_ms=0 deadline_ms=250 enabled=1
wdt: BTSTACK madrn c=00007639 s=00000000 z=00002207 bd=0000457544 bp=0000457544 dr=0000418071                                                
x_stale_ms=67 deadline_ms=1000 enabled=1
wdt: MEDIA max_stale_ms=0 deadline_ms=500 enabled=1
ctr s=0000000637 u=0000671423 t=0000048601 e=0000172501 p=0000086250 d=0000008252 c=0000034041 o=0000000000                   
usb-audio: streaming rate=48000Hz ch=2 bits=16 measured=96148 B/s (97204 bytes / 1010ms)
usb-pump: packets=459855 log_drops=418071 report_dt_us=1010982
usb-pump-race: pump_ticks_run=670747 sof_isr=671184
usb-sof-2ap: sof_streaming=514564 got=459855 miss_avail=6530 miss_unavail=48179 hw_unavail=55225
usb-audio-fix: fb_done=507981
usb-audio-okx: rx_bytes_total=88321160 rx_short_packets=7250
usb-pump-logring: backlog_hwm=8192
a2dp: codec=LDAC bitrate=990000 fill=648/4608 ovr_frames=0 und=3280 report_dt_us=1010982
a2dp: enc_max_us=1810 pkt_sent=86250 pkt_fail=0 misaligned=0
a2dp: tick_count=48601 worst_tick_interval_us=14467 enc_frames_total=172501
a2dp: frames_per_packet=1 credit_clamped_samples=4231926 credit_clamp_events=15149 flush_frames=0 resync_drops=0 fill_ema=579 fill_min=4
a2dp: stop_credit=34041 stop_queue_full=15 stop_ring_empty=3280 stop_dwell=8252 fill_short_read=0
a2dp: payloads_sealed=86250 tx_depth_max=5 grants=86250 spurious_grants=0 dwell_max_us=7247
atr pc0=100036f3 b0=00050783 pc1=100036bd b1=00033641 pc2=10003713 b2=00030850                                                
wdt: USB_TIMER max_stale_ms=0 deadline_ms=100 enabled=1
wdt: USB_TASK max_stale_ms=0 deadline_ms=250 enabled=1
wdt: BTSTACK madrn c=00007655 s=00000000 z=00002207 bd=0000458760 bp=0000458760 dr=0000418071                                                
x_stale_ms=67 deadline_ms=1000 enabled=1
wdt: MEDIA max_stale_ms=0 deadline_ms=500 enabled=1
ctr s=0000000638 u=0000672471 t=0000048695 e=0000172699 p=0000086349 d=0000008252 c=0000034097 o=0000000000                   
usb-audio: streaming rate=48000Hz ch=2 bits=16 measured=96354 B/s (100468 bytes / 1042ms)
usb-pump: packets=460378 log_drops=418071 report_dt_us=1042699
usb-pump-race: pump_ticks_run=671789 sof_isr=672227
usb-sof-2ap: sof_streaming=515607 got=460378 miss_avail=6530 miss_unavail=48699 hw_unavail=55745
usb-audio-fix: fb_done=508951
usb-audio-okx: rx_bytes_total=88421628 rx_short_packets=7263
usb-pump-logring: backlog_hwm=8192
a2dp: codec=LDAC bitrate=990000 fill=764/4608 ovr_frames=0 und=3318 report_dt_us=1042699
a2dp: enc_max_us=1810 pkt_sent=86348 pkt_fail=0 misaligned=0
a2dp: tick_count=48694 worst_tick_interval_us=14467 enc_frames_total=172697
a2dp: frames_per_packet=1 credit_clamped_samples=4256839 credit_clamp_events=15242 flush_frames=0 resync_drops=0 fill_ema=638 fill_min=16
a2dp: stop_credit=34096 stop_queue_full=15 stop_ring_empty=3318 stop_dwell=8252 fill_short_read=0
a2dp: payloads_sealed=86348 tx_depth_max=5 grants=86348 spurious_grants=0 dwell_max_us=7247
atr pc0=100036f3 b0=00050881 pc1=100036bd b1=00033705 pc2=10003713 b2=00030912                                                
wdt: USB_TIMER max_stale_ms=0 deadline_ms=100 enabled=1
wdt: USB_TASK max_stale_ms=0 deadline_ms=250 enabled=1
wdt: BTSTACK madrn c=00007671 s=00000000 z=00002207 bd=0000459978 bp=0000459978 dr=0000418071                                                
x_stale_ms=66 deadline_ms=1000 enabled=1
wdt: MEDIA max_stale_ms=0 deadline_ms=500 enabled=1
ctr s=0000000639 u=0000673485 t=0000048785 e=0000172889 p=0000086444 d=0000008252 c=0000034153 o=0000000000                   
usb-audio: streaming rate=48000Hz ch=2 bits=16 measured=96417 B/s (98340 bytes / 1019ms)
usb-pump: packets=460890 log_drops=418071 report_dt_us=1019969
usb-pump-race: pump_ticks_run=672807 sof_isr=673247
usb-sof-2ap: sof_streaming=516627 got=460890 miss_avail=6530 miss_unavail=49207 hw_unavail=56253
usb-audio-fix: fb_done=509890
usb-audio-okx: rx_bytes_total=88519968 rx_short_packets=7272
usb-pump-logring: backlog_hwm=8192
a2dp: codec=LDAC bitrate=990000 fill=800/4608 ovr_frames=0 und=3352 report_dt_us=1019969
a2dp: enc_max_us=1810 pkt_sent=86444 pkt_fail=0 misaligned=0
a2dp: tick_count=48785 worst_tick_interval_us=14467 enc_frames_total=172889
a2dp: frames_per_packet=1 credit_clamped_samples=4281182 credit_clamp_events=15333 flush_frames=0 resync_drops=0 fill_ema=599 fill_min=4
a2dp: stop_credit=34153 stop_queue_full=15 stop_ring_empty=3352 stop_dwell=8252 fill_short_read=0
a2dp: payloads_sealed=86444 tx_depth_max=5 grants=86444 spurious_grants=0 dwell_max_us=7247
frame 7681: render=45786us blit=16954us total=62794us
atr pc0=100036f3 b0=00050979 pc1=100036bd b1=00033769 pc2=10003713 b2=00030974                                                
wdt: USB_TIMER max_stale_ms=0 deadline_ms=100 enabled=1
wdt: USB_TASK max_stale_ms=0 deadline_ms=250 enabled=1
wdt: BTSTACK madrn c=00007687 s=00000000 z=00002207 bd=0000461249 bp=0000461249 dr=0000418071                                                
x_stale_ms=67 deadline_ms=1000 enabled=1
wdt: MEDIA max_stale_ms=0 deadline_ms=500 enabled=1
ctr s=0000000640 u=0000674515 t=0000048877 e=0000173084 p=0000086542 d=0000008252 c=0000034209 o=0000000000                   
usb-audio: streaming rate=48000Hz ch=2 bits=16 measured=96653 B/s (99492 bytes / 1029ms)
usb-pump: packets=461408 log_drops=418071 report_dt_us=1029319
usb-pump-race: pump_ticks_run=673836 sof_isr=674276
usb-sof-2ap: sof_streaming=517656 got=461408 miss_avail=6530 miss_unavail=49718 hw_unavail=56764
usb-audio-fix: fb_done=510802
usb-audio-okx: rx_bytes_total=88619460 rx_short_packets=7281
usb-pump-logring: backlog_hwm=8192
a2dp: codec=LDAC bitrate=990000 fill=452/4608 ovr_frames=0 und=3388 report_dt_us=1029319
a2dp: enc_max_us=1810 pkt_sent=86542 pkt_fail=0 misaligned=0
a2dp: tick_count=48877 worst_tick_interval_us=14467 enc_frames_total=173084
a2dp: frames_per_packet=1 credit_clamped_samples=4305881 credit_clamp_events=15425 flush_frames=0 resync_drops=0 fill_ema=582 fill_min=4
a2dp: stop_credit=34209 stop_queue_full=15 stop_ring_empty=3388 stop_dwell=8252 fill_short_read=0
a2dp: payloads_sealed=86542 tx_depth_max=5 grants=86542 spurious_grants=0 dwell_max_us=7247
atr pc0=100036f3 b0=00051077 pc1=100036bd b1=00033833 pc2=10003713 b2=00031036                                                
wdt: USB_TIMER max_stale_ms=0 deadline_ms=100 enabled=1
wdt: USB_TASK max_stale_ms=0 deadline_ms=250 enabled=1
wdt: BTSTACK madrn c=00007703 s=00000000 z=00002207 bd=0000462465 bp=0000462465 dr=0000418071                                                
x_stale_ms=66 deadline_ms=1000 enabled=1
wdt: MEDIA max_stale_ms=0 deadline_ms=500 enabled=1
ctr s=0000000641 u=0000675543 t=0000048968 e=0000173276 p=0000086638 d=0000008252 c=0000034267 o=0000000000                   
usb-audio: streaming rate=48000Hz ch=2 bits=16 measured=95839 B/s (98544 bytes / 1028ms)
usb-pump: packets=461921 log_drops=418071 report_dt_us=1028225
usb-pump-race: pump_ticks_run=674858 sof_isr=675304
usb-sof-2ap: sof_streaming=518684 got=461920 miss_avail=6530 miss_unavail=50234 hw_unavail=57280
usb-audio-fix: fb_done=511685
usb-audio-okx: rx_bytes_total=88718004 rx_short_packets=7293
usb-pump-logring: backlog_hwm=8192
a2dp: codec=LDAC bitrate=990000 fill=692/4608 ovr_frames=0 und=3421 report_dt_us=1028225
a2dp: enc_max_us=1810 pkt_sent=86638 pkt_fail=0 misaligned=0
a2dp: tick_count=48968 worst_tick_interval_us=14467 enc_frames_total=173276
a2dp: frames_per_packet=1 credit_clamped_samples=4330507 credit_clamp_events=15516 flush_frames=0 resync_drops=0 fill_ema=750 fill_min=4
a2dp: stop_credit=34267 stop_queue_full=15 stop_ring_empty=3421 stop_dwell=8252 fill_short_read=0
a2dp: payloads_sealed=86638 tx_depth_max=5 grants=86638 spurious_grants=0 dwell_max_us=7247
atr pc0=100036f3 b0=00051175 pc1=100036bd b1=00033897 pc2=10003713 b2=00031098                                                
wdt: USB_TIMER max_stale_ms=0 deadline_ms=100 enabled=1
wdt: USB_TASK max_stale_ms=0 deadline_ms=250 enabled=1
wdt: BTSTACK madrn c=00007719 s=00000000 z=00002207 bd=0000463681 bp=0000463681 dr=0000418071                                                
x_stale_ms=64 deadline_ms=1000 enabled=1
wdt: MEDIA max_stale_ms=0 deadline_ms=500 enabled=1
ctr s=0000000642 u=0000676551 t=0000049057 e=0000173466 p=0000086733 d=0000008252 c=0000034324 o=0000000000                   
usb-audio: streaming rate=48000Hz ch=2 bits=16 measured=96394 B/s (97204 bytes / 1008ms)
usb-pump: packets=462427 log_drops=418071 report_dt_us=1008458
usb-pump-race: pump_ticks_run=675867 sof_isr=676313
usb-sof-2ap: sof_streaming=519693 got=462427 miss_avail=6530 miss_unavail=50736 hw_unavail=57782
usb-audio-fix: fb_done=512508
usb-audio-okx: rx_bytes_total=88815208 rx_short_packets=7306
usb-pump-logring: backlog_hwm=8192
a2dp: codec=LDAC bitrate=990000 fill=616/4608 ovr_frames=0 und=3453 report_dt_us=1008458
a2dp: enc_max_us=1810 pkt_sent=86733 pkt_fail=0 misaligned=0
a2dp: tick_count=49057 worst_tick_interval_us=14467 enc_frames_total=173466
a2dp: frames_per_packet=1 credit_clamped_samples=4354606 credit_clamp_events=15605 flush_frames=0 resync_drops=0 fill_ema=693 fill_min=4
a2dp: stop_credit=34324 stop_queue_full=15 stop_ring_empty=3453 stop_dwell=8252 fill_short_read=0
a2dp: payloads_sealed=86733 tx_depth_max=5 grants=86733 spurious_grants=0 dwell_max_us=7247
atr pc0=100036f3 b0=00051273 pc1=100036bd b1=00033961 pc2=10003713 b2=00031160                                                
wdt: USB_TIMER max_stale_ms=0 deadline_ms=100 enabled=1
wdt: USB_TASK max_stale_ms=0 deadline_ms=250 enabled=1
wdt: BTSTACK madrn c=00007735 s=00000000 z=00002207 bd=0000464897 bp=0000464897 dr=0000418071                                                
x_stale_ms=69 deadline_ms=1000 enabled=1
wdt: MEDIA max_stale_ms=0 deadline_ms=500 enabled=1
ctr s=0000000643 u=0000677564 t=0000049147 e=0000173656 p=0000086828 d=0000008252 c=0000034382 o=0000000000                   
usb-audio: streaming rate=48000Hz ch=2 bits=16 measured=96044 B/s (97196 bytes / 1011ms)
usb-pump: packets=462934 log_drops=418071 report_dt_us=1012631
usb-pump-race: pump_ticks_run=676878 sof_isr=677325
usb-sof-2ap: sof_streaming=520705 got=462933 miss_avail=6530 miss_unavail=51242 hw_unavail=58288
usb-audio-fix: fb_done=513307
usb-audio-okx: rx_bytes_total=88912596 rx_short_packets=7317
usb-pump-logring: backlog_hwm=8192
a2dp: codec=LDAC bitrate=990000 fill=724/4608 ovr_frames=0 und=3485 report_dt_us=1012631
a2dp: enc_max_us=1810 pkt_sent=86828 pkt_fail=0 misaligned=0
a2dp: tick_count=49147 worst_tick_interval_us=14467 enc_frames_total=173656
a2dp: frames_per_packet=1 credit_clamped_samples=4378815 credit_clamp_events=15695 flush_frames=0 resync_drops=0 fill_ema=661 fill_min=0
a2dp: stop_credit=34382 stop_queue_full=15 stop_ring_empty=3485 stop_dwell=8252 fill_short_read=0
a2dp: payloads_sealed=86828 tx_depth_max=5 grants=86828 spurious_grants=0 dwell_max_us=7247
frame 7741: render=48338us blit=13765us total=62154us
atr pc0=100036f3 b0=00051371 pc1=100036bd b1=00034025 pc2=10003713 b2=00031222                                                
wdt: USB_TIMER max_stale_ms=0 deadline_ms=100 enabled=1
wdt: USB_TASK max_stale_ms=0 deadline_ms=250 enabled=1
wdt: BTSTACK madrn c=00007751 s=00000000 z=00002207 bd=0000466168 bp=0000466168 dr=0000418071                                                
x_stale_ms=66 deadline_ms=1000 enabled=1
wdt: MEDIA max_stale_ms=0 deadline_ms=500 enabled=1
ctr s=0000000644 u=0000678581 t=0000049238 e=0000173848 p=0000086924 d=0000008252 c=0000034441 o=0000000000                   
usb-audio: streaming rate=48000Hz ch=2 bits=16 measured=96772 B/s (98540 bytes / 1018ms)
usb-pump: packets=463446 log_drops=418071 report_dt_us=1017572
usb-pump-race: pump_ticks_run=677894 sof_isr=678343
usb-sof-2ap: sof_streaming=521723 got=463445 miss_avail=6530 miss_unavail=51748 hw_unavail=58794
usb-audio-fix: fb_done=514088
usb-audio-okx: rx_bytes_total=89010944 rx_short_packets=7328
usb-pump-logring: backlog_hwm=8192
a2dp: codec=LDAC bitrate=990000 fill=768/4608 ovr_frames=0 und=3517 report_dt_us=1017572
a2dp: enc_max_us=1810 pkt_sent=86924 pkt_fail=0 misaligned=0
a2dp: tick_count=49238 worst_tick_interval_us=14467 enc_frames_total=173848
a2dp: frames_per_packet=1 credit_clamped_samples=4403175 credit_clamp_events=15786 flush_frames=0 resync_drops=0 fill_ema=697 fill_min=20
a2dp: stop_credit=34441 stop_queue_full=15 stop_ring_empty=3517 stop_dwell=8252 fill_short_read=0
a2dp: payloads_sealed=86924 tx_depth_max=5 grants=86924 spurious_grants=0 dwell_max_us=7247
atr pc0=100036f3 b0=00051469 pc1=100036bd b1=00034089 pc2=10003713 b2=00031284                                                
wdt: USB_TIMER max_stale_ms=0 deadline_ms=100 enabled=1
wdt: USB_TASK max_stale_ms=0 deadline_ms=250 enabled=1
wdt: BTSTACK madrn c=00007767 s=00000000 z=00002207 bd=0000467385 bp=0000467385 dr=0000418071                                                
x_stale_ms=67 deadline_ms=1000 enabled=1
wdt: MEDIA max_stale_ms=0 deadline_ms=500 enabled=1
ctr s=0000000645 u=0000679594 t=0000049329 e=0000174039 p=0000087019 d=0000008252 c=0000034500 o=0000000000                   
usb-audio: streaming rate=48000Hz ch=2 bits=16 measured=96269 B/s (97388 bytes / 1011ms)
usb-pump: packets=463954 log_drops=418071 report_dt_us=1011741
usb-pump-race: pump_ticks_run=678905 sof_isr=679355
usb-sof-2ap: sof_streaming=522736 got=463954 miss_avail=6530 miss_unavail=52252 hw_unavail=59298
usb-audio-fix: fb_done=514842
usb-audio-okx: rx_bytes_total=89108524 rx_short_packets=7339
usb-pump-logring: backlog_hwm=8192
a2dp: codec=LDAC bitrate=990000 fill=556/4608 ovr_frames=0 und=3549 report_dt_us=1011741
a2dp: enc_max_us=1810 pkt_sent=87019 pkt_fail=0 misaligned=0
a2dp: tick_count=49329 worst_tick_interval_us=14467 enc_frames_total=174039
a2dp: frames_per_packet=1 credit_clamped_samples=4427452 credit_clamp_events=15877 flush_frames=0 resync_drops=0 fill_ema=617 fill_min=20
a2dp: stop_credit=34500 stop_queue_full=15 stop_ring_empty=3549 stop_dwell=8252 fill_short_read=0
a2dp: payloads_sealed=87019 tx_depth_max=5 grants=87019 spurious_grants=0 dwell_max_us=7247
atr pc0=100036f3 b0=00051567 pc1=100036bd b1=00034153 pc2=10003713 b2=00031346                                                
wdt: USB_TIMER max_stale_ms=0 deadline_ms=100 enabled=1
wdt: USB_TASK max_stale_ms=0 deadline_ms=250 enabled=1
wdt: BTSTACK madrn c=00007783 s=00000000 z=00002207 bd=0000468602 bp=0000468602 dr=0000418071                                                
x_stale_ms=66 deadline_ms=1000 enabled=1
wdt: MEDIA max_stale_ms=0 deadline_ms=500 enabled=1
ctr s=0000000646 u=0000680600 t=0000049418 e=0000174229 p=0000087114 d=0000008252 c=0000034555 o=0000000000                   
usb-audio: streaming rate=48000Hz ch=2 bits=16 measured=96548 B/s (97204 bytes / 1006ms)
usb-pump: packets=464459 log_drops=418071 report_dt_us=1006677
usb-pump-race: pump_ticks_run=679906 sof_isr=680361
usb-sof-2ap: sof_streaming=523741 got=464458 miss_avail=6530 miss_unavail=52753 hw_unavail=59799
usb-audio-fix: fb_done=515595
usb-audio-okx: rx_bytes_total=89205536 rx_short_packets=7352
usb-pump-logring: backlog_hwm=8192
a2dp: codec=LDAC bitrate=990000 fill=288/4608 ovr_frames=0 und=3583 report_dt_us=1006677
a2dp: enc_max_us=1810 pkt_sent=87114 pkt_fail=0 misaligned=0
a2dp: tick_count=49418 worst_tick_interval_us=14467 enc_frames_total=174229
a2dp: frames_per_packet=1 credit_clamped_samples=4451371 credit_clamp_events=15966 flush_frames=0 resync_drops=0 fill_ema=603 fill_min=0
a2dp: stop_credit=34555 stop_queue_full=15 stop_ring_empty=3583 stop_dwell=8252 fill_short_read=0
a2dp: payloads_sealed=87114 tx_depth_max=5 grants=87114 spurious_grants=0 dwell_max_us=7247
atr pc0=100036f3 b0=00051665 pc1=100036bd b1=00034217 pc2=10003713 b2=00031408                                                
wdt: USB_TIMER max_stale_ms=0 deadline_ms=100 enabled=1
wdt: USB_TASK max_stale_ms=0 deadline_ms=250 enabled=1
wdt: BTSTACK madrn c=00007799 s=00000000 z=00002207 bd=0000469818 bp=0000469818 dr=0000418071                                                
x_stale_ms=66 deadline_ms=1000 enabled=1
wdt: MEDIA max_stale_ms=0 deadline_ms=500 enabled=1
frame 7801: render=47033us blit=13521us total=60605us
ctr s=0000000647 u=0000681611 t=0000049508 e=0000174421 p=0000087210 d=0000008252 c=0000034610 o=0000000000                   
usb-audio: streaming rate=48000Hz ch=2 bits=16 measured=97602 B/s (98724 bytes / 1011ms)
usb-pump: packets=464973 log_drops=418071 report_dt_us=1011463
usb-pump-race: pump_ticks_run=680917 sof_isr=681373
usb-sof-2ap: sof_streaming=524753 got=464973 miss_avail=6530 miss_unavail=53250 hw_unavail=60296
usb-audio-fix: fb_done=516339
usb-audio-okx: rx_bytes_total=89304260 rx_short_packets=7361
usb-pump-logring: backlog_hwm=8192
a2dp: codec=LDAC bitrate=990000 fill=708/4608 ovr_frames=0 und=3618 report_dt_us=1011463
a2dp: enc_max_us=1810 pkt_sent=87210 pkt_fail=0 misaligned=0
a2dp: tick_count=49508 worst_tick_interval_us=14467 enc_frames_total=174421
a2dp: frames_per_packet=1 credit_clamped_samples=4475169 credit_clamp_events=16056 flush_frames=0 resync_drops=0 fill_ema=616 fill_min=32
a2dp: stop_credit=34610 stop_queue_full=15 stop_ring_empty=3618 stop_dwell=8252 fill_short_read=0
a2dp: payloads_sealed=87210 tx_depth_max=5 grants=87210 spurious_grants=0 dwell_max_us=7247
atr pc0=100036f3 b0=00051763 pc1=100036bd b1=00034281 pc2=10003713 b2=00031470                                                
wdt: USB_TIMER max_stale_ms=0 deadline_ms=100 enabled=1
wdt: USB_TASK max_stale_ms=0 deadline_ms=250 enabled=1
wdt: BTSTACK madrn c=00007815 s=00000000 z=00002207 bd=0000471090 bp=0000471090 dr=0000418071                                                
x_stale_ms=67 deadline_ms=1000 enabled=1
wdt: MEDIA max_stale_ms=0 deadline_ms=500 enabled=1
ctr s=0000000648 u=0000682668 t=0000049602 e=0000174622 p=0000087311 d=0000008252 c=0000034670 o=0000000000                   
usb-audio: streaming rate=48000Hz ch=2 bits=16 measured=97036 B/s (102576 bytes / 1057ms)
usb-pump: packets=465507 log_drops=418071 report_dt_us=1057108
usb-pump-race: pump_ticks_run=681974 sof_isr=682430
usb-sof-2ap: sof_streaming=525810 got=465507 miss_avail=6530 miss_unavail=53773 hw_unavail=60819
usb-audio-fix: fb_done=517100
usb-audio-okx: rx_bytes_total=89406836 rx_short_packets=7373
usb-pump-logring: backlog_hwm=8192
a2dp: codec=LDAC bitrate=990000 fill=372/4608 ovr_frames=0 und=3652 report_dt_us=1057108
a2dp: enc_max_us=1810 pkt_sent=87311 pkt_fail=0 misaligned=0
a2dp: tick_count=49602 worst_tick_interval_us=14467 enc_frames_total=174622
a2dp: frames_per_packet=1 credit_clamped_samples=4500327 credit_clamp_events=16150 flush_frames=0 resync_drops=0 fill_ema=635 fill_min=24
a2dp: stop_credit=34670 stop_queue_full=15 stop_ring_empty=3652 stop_dwell=8252 fill_short_read=0
a2dp: payloads_sealed=87311 tx_depth_max=5 grants=87311 spurious_grants=0 dwell_max_us=7247
atr pc0=100036f3 b0=00051861 pc1=100036bd b1=00034345 pc2=10003713 b2=00031532                                                
wdt: USB_TIMER max_stale_ms=0 deadline_ms=100 enabled=1
wdt: USB_TASK max_stale_ms=0 deadline_ms=250 enabled=1
wdt: BTSTACK madrn c=00007831 s=00000000 z=00002207 bd=0000472308 bp=0000472308 dr=0000418071                                                
x_stale_ms=67 deadline_ms=1000 enabled=1
wdt: MEDIA max_stale_ms=0 deadline_ms=500 enabled=1
ctr s=0000000649 u=0000683695 t=0000049693 e=0000174815 p=0000087407 d=0000008252 c=0000034730 o=0000000000                   
usb-audio: streaming rate=48000Hz ch=2 bits=16 measured=96709 B/s (99304 bytes / 1026ms)
usb-pump: packets=466024 log_drops=418071 report_dt_us=1026828
usb-pump-race: pump_ticks_run=682993 sof_isr=683457
usb-sof-2ap: sof_streaming=526837 got=466023 miss_avail=6530 miss_unavail=54284 hw_unavail=61330
usb-audio-fix: fb_done=517826
usb-audio-okx: rx_bytes_total=89506140 rx_short_packets=7383
usb-pump-logring: backlog_hwm=8192
a2dp: codec=LDAC bitrate=990000 fill=860/4608 ovr_frames=0 und=3683 report_dt_us=1026828
a2dp: enc_max_us=1810 pkt_sent=87407 pkt_fail=0 misaligned=0
a2dp: tick_count=49693 worst_tick_interval_us=14467 enc_frames_total=174815
a2dp: frames_per_packet=1 credit_clamped_samples=4524745 credit_clamp_events=16241 flush_frames=0 resync_drops=0 fill_ema=672 fill_min=0
a2dp: stop_credit=34730 stop_queue_full=15 stop_ring_empty=3683 stop_dwell=8252 fill_short_read=0
a2dp: payloads_sealed=87407 tx_depth_max=5 grants=87407 spurious_grants=0 dwell_max_us=7247
atr pc0=100036f3 b0=00051959 pc1=100036bd b1=00034409 pc2=10003713 b2=00031594                                                
wdt: USB_TIMER max_stale_ms=0 deadline_ms=100 enabled=1
wdt: USB_TASK max_stale_ms=0 deadline_ms=250 enabled=1
wdt: BTSTACK madrn c=00007847 s=00000000 z=00002207 bd=0000473524 bp=0000473524 dr=0000418071                                                
x_stale_ms=66 deadline_ms=1000 enabled=1
wdt: MEDIA max_stale_ms=0 deadline_ms=500 enabled=1
ctr s=0000000650 u=0000684721 t=0000049785 e=0000175009 p=0000087504 d=0000008252 c=0000034787 o=0000000000                   
usb-audio: streaming rate=48000Hz ch=2 bits=16 measured=96250 B/s (98732 bytes / 1025ms)
usb-pump: packets=466538 log_drops=418071 report_dt_us=1025870
usb-pump-race: pump_ticks_run=684015 sof_isr=684483
usb-sof-2ap: sof_streaming=527863 got=466538 miss_avail=6530 miss_unavail=54795 hw_unavail=61841
usb-audio-fix: fb_done=518547
usb-audio-okx: rx_bytes_total=89604872 rx_short_packets=7394
usb-pump-logring: backlog_hwm=8192
a2dp: codec=LDAC bitrate=990000 fill=264/4608 ovr_frames=0 und=3718 report_dt_us=1025870
a2dp: enc_max_us=1810 pkt_sent=87504 pkt_fail=0 misaligned=0
a2dp: tick_count=49785 worst_tick_interval_us=14467 enc_frames_total=175009
a2dp: frames_per_packet=1 credit_clamped_samples=4549361 credit_clamp_events=16333 flush_frames=0 resync_drops=0 fill_ema=579 fill_min=0
a2dp: stop_credit=34787 stop_queue_full=15 stop_ring_empty=3718 stop_dwell=8252 fill_short_read=0
a2dp: payloads_sealed=87504 tx_depth_max=5 grants=87504 spurious_grants=0 dwell_max_us=7247
frame 7861: render=45460us blit=18461us total=63988us
atr pc0=100036f3 b0=00052057 pc1=100036bd b1=00034473 pc2=10003713 b2=00031656                                                
wdt: USB_TIMER max_stale_ms=0 deadline_ms=100 enabled=1
wdt: USB_TASK max_stale_ms=0 deadline_ms=250 enabled=1
wdt: BTSTACK madrn c=00007864 s=00000000 z=00002207 bd=0000474795 bp=0000474795 dr=0000418071                                                
x_stale_ms=66 deadline_ms=1000 enabled=1
wdt: MEDIA max_stale_ms=0 deadline_ms=500 enabled=1
ctr s=0000000651 u=0000685776 t=0000049878 e=0000175209 p=0000087604 d=0000008252 c=0000034847 o=0000000000                   
usb-audio: streaming rate=48000Hz ch=2 bits=16 measured=97061 B/s (102356 bytes / 1054ms)
usb-pump: packets=467071 log_drops=418071 report_dt_us=1054452
usb-pump-race: pump_ticks_run=685068 sof_isr=685537
usb-sof-2ap: sof_streaming=528917 got=467071 miss_avail=6530 miss_unavail=55316 hw_unavail=62362
usb-audio-fix: fb_done=519283
usb-audio-okx: rx_bytes_total=89707228 rx_short_packets=7399
usb-pump-logring: backlog_hwm=8192
a2dp: codec=LDAC bitrate=990000 fill=220/4608 ovr_frames=0 und=3751 report_dt_us=1054452
a2dp: enc_max_us=1810 pkt_sent=87604 pkt_fail=0 misaligned=0
a2dp: tick_count=49878 worst_tick_interval_us=14467 enc_frames_total=175209
a2dp: frames_per_packet=1 credit_clamped_samples=4574389 credit_clamp_events=16426 flush_frames=0 resync_drops=0 fill_ema=627 fill_min=12
a2dp: stop_credit=34847 stop_queue_full=15 stop_ring_empty=3751 stop_dwell=8252 fill_short_read=0
a2dp: payloads_sealed=87604 tx_depth_max=5 grants=87604 spurious_grants=0 dwell_max_us=7247
atr pc0=100036f3 b0=00052155 pc1=100036bd b1=00034537 pc2=10003713 b2=00031718                                                
wdt: USB_TIMER max_stale_ms=0 deadline_ms=100 enabled=1
wdt: USB_TASK max_stale_ms=0 deadline_ms=250 enabled=1
wdt: BTSTACK madrn c=00007880 s=00000000 z=00002207 bd=0000476013 bp=0000476013 dr=0000418071                                                
x_stale_ms=73 deadline_ms=1000 enabled=1
wdt: MEDIA max_stale_ms=0 deadline_ms=500 enabled=1
ctr s=0000000652 u=0000686796 t=0000049969 e=0000175404 p=0000087702 d=0000008252 c=0000034906 o=0000000000                   
usb-audio: streaming rate=48000Hz ch=2 bits=16 measured=98036 B/s (100068 bytes / 1020ms)
usb-pump: packets=467592 log_drops=418071 report_dt_us=1020702
usb-pump-race: pump_ticks_run=686088 sof_isr=686558
usb-sof-2ap: sof_streaming=529938 got=467592 miss_avail=6530 miss_unavail=55816 hw_unavail=62862
usb-audio-fix: fb_done=519978
usb-audio-okx: rx_bytes_total=89807296 rx_short_packets=7408
usb-pump-logring: backlog_hwm=8192
a2dp: codec=LDAC bitrate=990000 fill=448/4608 ovr_frames=0 und=3783 report_dt_us=1020702
a2dp: enc_max_us=1810 pkt_sent=87702 pkt_fail=0 misaligned=0
a2dp: tick_count=49969 worst_tick_interval_us=14467 enc_frames_total=175404
a2dp: frames_per_packet=1 credit_clamped_samples=4598447 credit_clamp_events=16517 flush_frames=0 resync_drops=0 fill_ema=571 fill_min=0
a2dp: stop_credit=34906 stop_queue_full=15 stop_ring_empty=3783 stop_dwell=8252 fill_short_read=0
a2dp: payloads_sealed=87702 tx_depth_max=5 grants=87702 spurious_grants=0 dwell_max_us=7247
atr pc0=100036f3 b0=00052253 pc1=100036bd b1=00034601 pc2=10003713 b2=00031780                                                
wdt: USB_TIMER max_stale_ms=0 deadline_ms=100 enabled=1
wdt: USB_TASK max_stale_ms=0 deadline_ms=250 enabled=1
wdt: BTSTACK madrn c=00007896 s=00000000 z=00002207 bd=0000477230 bp=0000477230 dr=0000418071                                                
x_stale_ms=69 deadline_ms=1000 enabled=1
wdt: MEDIA max_stale_ms=0 deadline_ms=500 enabled=1
ctr s=0000000653 u=0000687847 t=0000050062 e=0000175606 p=0000087803 d=0000008252 c=0000034967 o=0000000000                   
usb-audio: streaming rate=48000Hz ch=2 bits=16 measured=98385 B/s (103348 bytes / 1050ms)
usb-pump: packets=468130 log_drops=418071 report_dt_us=1050454
usb-pump-race: pump_ticks_run=687137 sof_isr=687608
usb-sof-2ap: sof_streaming=530988 got=468130 miss_avail=6530 miss_unavail=56328 hw_unavail=63374
usb-audio-fix: fb_done=520702
usb-audio-okx: rx_bytes_total=89910644 rx_short_packets=7421
usb-pump-logring: backlog_hwm=8192
a2dp: codec=LDAC bitrate=990000 fill=372/4608 ovr_frames=0 und=3815 report_dt_us=1050454
a2dp: enc_max_us=1810 pkt_sent=87803 pkt_fail=0 misaligned=0
a2dp: tick_count=50062 worst_tick_interval_us=14467 enc_frames_total=175606
a2dp: frames_per_packet=1 credit_clamped_samples=4622981 credit_clamp_events=16610 flush_frames=0 resync_drops=0 fill_ema=669 fill_min=4
a2dp: stop_credit=34967 stop_queue_full=15 stop_ring_empty=3815 stop_dwell=8252 fill_short_read=0
a2dp: payloads_sealed=87803 tx_depth_max=5 grants=87803 spurious_grants=0 dwell_max_us=7247
atr pc0=100036f3 b0=00052351 pc1=100036bd b1=00034665 pc2=10003713 b2=00031842                                                
wdt: USB_TIMER max_stale_ms=0 deadline_ms=100 enabled=1
wdt: USB_TASK max_stale_ms=0 deadline_ms=250 enabled=1
wdt: BTSTACK madrn c=00007912 s=00000000 z=00002207 bd=0000478447 bp=0000478447 dr=0000418071                                                
x_stale_ms=72 deadline_ms=1000 enabled=1
wdt: MEDIA max_stale_ms=0 deadline_ms=500 enabled=1
ctr s=0000000654 u=0000688885 t=0000050154 e=0000175805 p=0000087902 d=0000008252 c=0000035031 o=0000000000                   
usb-audio: streaming rate=48000Hz ch=2 bits=16 measured=98777 B/s (102576 bytes / 1038ms)
usb-pump: packets=468665 log_drops=418071 report_dt_us=1038494
usb-pump-race: pump_ticks_run=688172 sof_isr=688647
usb-sof-2ap: sof_streaming=532027 got=468664 miss_avail=6530 miss_unavail=56833 hw_unavail=63879
usb-audio-fix: fb_done=521405
usb-audio-okx: rx_bytes_total=90013412 rx_short_packets=7433
usb-pump-logring: backlog_hwm=8192
a2dp: codec=LDAC bitrate=990000 fill=1252/4608 ovr_frames=0 und=3843 report_dt_us=1038494
a2dp: enc_max_us=1810 pkt_sent=87902 pkt_fail=0 misaligned=0
a2dp: tick_count=50154 worst_tick_interval_us=14467 enc_frames_total=175805
a2dp: frames_per_packet=1 credit_clamped_samples=4647020 credit_clamp_events=16702 flush_frames=0 resync_drops=0 fill_ema=704 fill_min=4
a2dp: stop_credit=35031 stop_queue_full=15 stop_ring_empty=3843 stop_dwell=8252 fill_short_read=0
a2dp: payloads_sealed=87902 tx_depth_max=5 grants=87902 spurious_grants=0 dwell_max_us=7247
frame 7921: render=46125us blit=13475us total=59653us
atr pc0=100036f3 b0=00052449 pc1=100036bd b1=00034729 pc2=10003713 b2=00031904                                                
wdt: USB_TIMER max_stale_ms=0 deadline_ms=100 enabled=1
wdt: USB_TASK max_stale_ms=0 deadline_ms=250 enabled=1
wdt: BTSTACK madrn c=00007928 s=00000000 z=00002207 bd=0000479720 bp=0000479720 dr=0000418071                                                
x_stale_ms=67 deadline_ms=1000 enabled=1
wdt: MEDIA max_stale_ms=0 deadline_ms=500 enabled=1
ctr s=0000000655 u=0000689933 t=0000050247 e=0000176010 p=0000088005 d=0000008252 c=0000035096 o=0000000000                   
usb-audio: streaming rate=48000Hz ch=2 bits=16 measured=100061 B/s (104856 bytes / 1047ms)
usb-pump: packets=469211 log_drops=418071 report_dt_us=1048078
usb-pump-race: pump_ticks_run=689216 sof_isr=689695
usb-sof-2ap: sof_streaming=533075 got=469210 miss_avail=6530 miss_unavail=57335 hw_unavail=64381
usb-audio-fix: fb_done=522097
usb-audio-okx: rx_bytes_total=90118268 rx_short_packets=7439
usb-pump-logring: backlog_hwm=8192
a2dp: codec=LDAC bitrate=990000 fill=1148/4608 ovr_frames=0 und=3871 report_dt_us=1048078
a2dp: enc_max_us=1810 pkt_sent=88005 pkt_fail=0 misaligned=0
a2dp: tick_count=50247 worst_tick_interval_us=14467 enc_frames_total=176010
a2dp: frames_per_packet=1 credit_clamped_samples=4671139 credit_clamp_events=16795 flush_frames=0 resync_drops=0 fill_ema=649 fill_min=36
a2dp: stop_credit=35096 stop_queue_full=15 stop_ring_empty=3871 stop_dwell=8252 fill_short_read=0
a2dp: payloads_sealed=88005 tx_depth_max=5 grants=88005 spurious_grants=0 dwell_max_us=7247
atr pc0=100036f3 b0=00052547 pc1=100036bd b1=00034793 pc2=10003713 b2=00031966                                                
wdt: USB_TIMER max_stale_ms=0 deadline_ms=100 enabled=1
wdt: USB_TASK max_stale_ms=0 deadline_ms=250 enabled=1
wdt: BTSTACK madrn c=00007944 s=00000000 z=00002207 bd=0000480940 bp=0000480940 dr=0000418071                                                
x_stale_ms=67 deadline_ms=1000 enabled=1
wdt: MEDIA max_stale_ms=0 deadline_ms=500 enabled=1
ctr s=0000000656 u=0000690935 t=0000050336 e=0000176205 p=0000088102 d=0000008252 c=0000035155 o=0000000000                   
usb-audio: streaming rate=48000Hz ch=2 bits=16 measured=99463 B/s (99696 bytes / 1002ms)
usb-pump: packets=469729 log_drops=418071 report_dt_us=1002133
usb-pump-race: pump_ticks_run=690213 sof_isr=690697
usb-sof-2ap: sof_streaming=534077 got=469729 miss_avail=6530 miss_unavail=57818 hw_unavail=64864
usb-audio-fix: fb_done=522753
usb-audio-okx: rx_bytes_total=90217772 rx_short_packets=7451
usb-pump-logring: backlog_hwm=8192
a2dp: codec=LDAC bitrate=990000 fill=812/4608 ovr_frames=0 und=3901 report_dt_us=1002133
a2dp: enc_max_us=1810 pkt_sent=88102 pkt_fail=0 misaligned=0
a2dp: tick_count=50336 worst_tick_interval_us=14467 enc_frames_total=176205
a2dp: frames_per_packet=1 credit_clamped_samples=4694348 credit_clamp_events=16884 flush_frames=0 resync_drops=0 fill_ema=599 fill_min=4
a2dp: stop_credit=35155 stop_queue_full=15 stop_ring_empty=3901 stop_dwell=8252 fill_short_read=0
a2dp: payloads_sealed=88102 tx_depth_max=5 grants=88102 spurious_grants=0 dwell_max_us=7247
atr pc0=100036f3 b0=00052645 pc1=100036bd b1=00034857 pc2=10003713 b2=00032028                                                
wdt: USB_TIMER max_stale_ms=0 deadline_ms=100 enabled=1
wdt: USB_TASK max_stale_ms=0 deadline_ms=250 enabled=1
wdt: BTSTACK madrn c=00007960 s=00000000 z=00002207 bd=0000482156 bp=0000482156 dr=0000418071                                                
x_stale_ms=71 deadline_ms=1000 enabled=1
wdt: MEDIA max_stale_ms=0 deadline_ms=500 enabled=1
ctr s=0000000657 u=0000691996 t=0000050431 e=0000176414 p=0000088207 d=0000008252 c=0000035222 o=0000000000                   
usb-audio: streaming rate=48000Hz ch=2 bits=16 measured=100500 B/s (106604 bytes / 1060ms)
usb-pump: packets=470285 log_drops=418071 report_dt_us=1060870
usb-pump-race: pump_ticks_run=691272 sof_isr=691758
usb-sof-2ap: sof_streaming=535138 got=470284 miss_avail=6530 miss_unavail=58324 hw_unavail=65370
usb-audio-fix: fb_done=523451
usb-audio-okx: rx_bytes_total=90324568 rx_short_packets=7462
usb-pump-logring: backlog_hwm=8192
a2dp: codec=LDAC bitrate=990000 fill=600/4608 ovr_frames=0 und=3929 report_dt_us=1060870
a2dp: enc_max_us=1810 pkt_sent=88207 pkt_fail=0 misaligned=0
a2dp: tick_count=50431 worst_tick_interval_us=14467 enc_frames_total=176414
a2dp: frames_per_packet=1 credit_clamped_samples=4718719 credit_clamp_events=16979 flush_frames=0 resync_drops=0 fill_ema=604 fill_min=0
a2dp: stop_credit=35222 stop_queue_full=15 stop_ring_empty=3929 stop_dwell=8252 fill_short_read=0
a2dp: payloads_sealed=88207 tx_depth_max=5 grants=88207 spurious_grants=0 dwell_max_us=7247
atr pc0=100036f3 b0=00052743 pc1=100036bd b1=00034921 pc2=10003713 b2=00032090                                                
wdt: USB_TIMER max_stale_ms=0 deadline_ms=100 enabled=1
wdt: USB_TASK max_stale_ms=0 deadline_ms=250 enabled=1
wdt: BTSTACK madrn c=00007976 s=00000000 z=00002207 bd=0000483374 bp=0000483374 dr=0000418071                                                
x_stale_ms=72 deadline_ms=1000 enabled=1
wdt: MEDIA max_stale_ms=0 deadline_ms=500 enabled=1
ctr s=0000000658 u=0000693046 t=0000050524 e=0000176618 p=0000088309 d=0000008252 c=0000035281 o=0000000000                   
usb-audio: streaming rate=48000Hz ch=2 bits=16 measured=100100 B/s (105072 bytes / 1049ms)
usb-pump: packets=470831 log_drops=418071 report_dt_us=1049519
usb-pump-race: pump_ticks_run=692320 sof_isr=692807
usb-sof-2ap: sof_streaming=536187 got=470830 miss_avail=6530 miss_unavail=58827 hw_unavail=65873
usb-audio-fix: fb_done=524141
usb-audio-okx: rx_bytes_total=90429448 rx_short_packets=7474
usb-pump-logring: backlog_hwm=8192
a2dp: codec=LDAC bitrate=990000 fill=1032/4608 ovr_frames=0 und=3963 report_dt_us=1049519
a2dp: enc_max_us=1810 pkt_sent=88309 pkt_fail=0 misaligned=0
a2dp: tick_count=50524 worst_tick_interval_us=14467 enc_frames_total=176618
a2dp: frames_per_packet=1 credit_clamped_samples=4742783 credit_clamp_events=17072 flush_frames=0 resync_drops=0 fill_ema=603 fill_min=0
a2dp: stop_credit=35281 stop_queue_full=15 stop_ring_empty=3963 stop_dwell=8252 fill_short_read=0
a2dp: payloads_sealed=88309 tx_depth_max=5 grants=88309 spurious_grants=0 dwell_max_us=7247
frame 7981: render=57029us blit=13476us total=70557us
atr pc0=100036f3 b0=00052841 pc1=100036bd b1=00034985 pc2=10003713 b2=00032152                                                
wdt: USB_TIMER max_stale_ms=0 deadline_ms=100 enabled=1
wdt: USB_TASK max_stale_ms=0 deadline_ms=250 enabled=1
wdt: BTSTACK madrn c=00007992 s=00000000 z=00002207 bd=0000484648 bp=0000484648 dr=0000418071                                                
x_stale_ms=67 deadline_ms=1000 enabled=1
wdt: MEDIA max_stale_ms=0 deadline_ms=500 enabled=1
ctr s=0000000659 u=0000694087 t=0000050617 e=0000176826 p=0000088413 d=0000008252 c=0000035340 o=0000000000                   
usb-audio: streaming rate=48000Hz ch=2 bits=16 measured=101693 B/s (105840 bytes / 1040ms)
usb-pump: packets=471382 log_drops=418071 report_dt_us=1040785
usb-pump-race: pump_ticks_run=693360 sof_isr=693848
usb-sof-2ap: sof_streaming=537228 got=471382 miss_avail=6530 miss_unavail=59316 hw_unavail=66362
usb-audio-fix: fb_done=524809
usb-audio-okx: rx_bytes_total=90535288 rx_short_packets=7486
usb-pump-logring: backlog_hwm=8192
a2dp: codec=LDAC bitrate=990000 fill=376/4608 ovr_frames=0 und=3997 report_dt_us=1040785
a2dp: enc_max_us=1810 pkt_sent=88413 pkt_fail=0 misaligned=0
a2dp: tick_count=50617 worst_tick_interval_us=14467 enc_frames_total=176826
a2dp: frames_per_packet=1 credit_clamped_samples=4766325 credit_clamp_events=17165 flush_frames=0 resync_drops=0 fill_ema=678 fill_min=8
a2dp: stop_credit=35340 stop_queue_full=15 stop_ring_empty=3997 stop_dwell=8252 fill_short_read=0
a2dp: payloads_sealed=88413 tx_depth_max=5 grants=88413 spurious_grants=0 dwell_max_us=7247
atr pc0=100036f3 b0=00052939 pc1=100036bd b1=00035049 pc2=10003713 b2=00032214                                                
wdt: USB_TIMER max_stale_ms=0 deadline_ms=100 enabled=1
wdt: USB_TASK max_stale_ms=0 deadline_ms=250 enabled=1
wdt: BTSTACK madrn c=00008007 s=00000000 z=00002207 bd=0000485866 bp=0000485866 dr=0000418071                                                
x_stale_ms=73 deadline_ms=1000 enabled=1
wdt: MEDIA max_stale_ms=0 deadline_ms=500 enabled=1
ctr s=0000000660 u=0000695100 t=0000050707 e=0000177029 p=0000088514 d=0000008252 c=0000035408 o=0000000000                   
usb-audio: streaming rate=48000Hz ch=2 bits=16 measured=102871 B/s (104296 bytes / 1013ms)
usb-pump: packets=471925 log_drops=418071 report_dt_us=1013846
usb-pump-race: pump_ticks_run=694374 sof_isr=694862
usb-sof-2ap: sof_streaming=538242 got=471925 miss_avail=6530 miss_unavail=59787 hw_unavail=66833
usb-audio-fix: fb_done=525462
usb-audio-okx: rx_bytes_total=90639584 rx_short_packets=7496
usb-pump-logring: backlog_hwm=8192
a2dp: codec=LDAC bitrate=990000 fill=736/4608 ovr_frames=0 und=4019 report_dt_us=1013846
a2dp: enc_max_us=1810 pkt_sent=88514 pkt_fail=0 misaligned=0
a2dp: tick_count=50707 worst_tick_interval_us=14467 enc_frames_total=177029
a2dp: frames_per_packet=1 credit_clamped_samples=4788823 credit_clamp_events=17255 flush_frames=0 resync_drops=0 fill_ema=594 fill_min=0
a2dp: stop_credit=35408 stop_queue_full=15 stop_ring_empty=4019 stop_dwell=8252 fill_short_read=0
a2dp: payloads_sealed=88514 tx_depth_max=5 grants=88514 spurious_grants=0 dwell_max_us=7247
atr pc0=100036f3 b0=00053037 pc1=100036bd b1=00035113 pc2=10003713 b2=00032276                                                
wdt: USB_TIMER max_stale_ms=0 deadline_ms=100 enabled=1
wdt: USB_TASK max_stale_ms=0 deadline_ms=250 enabled=1
wdt: BTSTACK madrn c=00008022 s=00000000 z=00002207 bd=0000487084 bp=0000487084 dr=0000418071                                                
x_stale_ms=76 deadline_ms=1000 enabled=1
wdt: MEDIA max_stale_ms=0 deadline_ms=500 enabled=1
ctr s=0000000661 u=0000696122 t=0000050798 e=0000177235 p=0000088617 d=0000008252 c=0000035471 o=0000000000                   
usb-audio: streaming rate=48000Hz ch=2 bits=16 measured=103425 B/s (105644 bytes / 1021ms)
usb-pump: packets=472475 log_drops=418071 report_dt_us=1021452
usb-pump-race: pump_ticks_run=695387 sof_isr=695884
usb-sof-2ap: sof_streaming=539264 got=472475 miss_avail=6530 miss_unavail=60259 hw_unavail=67305
usb-audio-fix: fb_done=526113
usb-audio-okx: rx_bytes_total=90745228 rx_short_packets=7507
usb-pump-logring: backlog_hwm=8192
a2dp: codec=LDAC bitrate=990000 fill=908/4608 ovr_frames=0 und=4047 report_dt_us=1021452
a2dp: enc_max_us=1810 pkt_sent=88617 pkt_fail=0 misaligned=0
a2dp: tick_count=50798 worst_tick_interval_us=14467 enc_frames_total=177235
a2dp: frames_per_packet=1 credit_clamped_samples=4811446 credit_clamp_events=17346 flush_frames=0 resync_drops=0 fill_ema=737 fill_min=32
a2dp: stop_credit=35471 stop_queue_full=15 stop_ring_empty=4047 stop_dwell=8252 fill_short_read=0
a2dp: payloads_sealed=88617 tx_depth_max=5 grants=88617 spurious_grants=0 dwell_max_us=7247
atr pc0=100036f3 b0=00053135 pc1=100036bd b1=00035177 pc2=10003713 b2=00032338                                                
wdt: USB_TIMER max_stale_ms=0 deadline_ms=100 enabled=1
wdt: USB_TASK max_stale_ms=0 deadline_ms=250 enabled=1
wdt: BTSTACK madrn c=00008037 s=00000000 z=00002207 bd=0000488303 bp=0000488303 dr=0000418071                                                
x_stale_ms=69 deadline_ms=1000 enabled=1
wdt: MEDIA max_stale_ms=0 deadline_ms=500 enabled=1
ctr s=0000000662 u=0000697134 t=0000050889 e=0000177442 p=0000088721 d=0000008252 c=0000035538 o=0000000000                   
usb-audio: streaming rate=48000Hz ch=2 bits=16 measured=104224 B/s (105452 bytes / 1011ms)
frame 8041: render=46809us blit=16937us total=63797us
usb-pump: packets=473024 log_drops=418071 report_dt_us=1011837
usb-pump-race: pump_ticks_run=696399 sof_isr=696895
usb-sof-2ap: sof_streaming=540275 got=473024 miss_avail=6530 miss_unavail=60721 hw_unavail=67767
usb-audio-fix: fb_done=526760
usb-audio-okx: rx_bytes_total=90850680 rx_short_packets=7518
usb-pump-logring: backlog_hwm=8192
a2dp: codec=LDAC bitrate=990000 fill=376/4608 ovr_frames=0 und=4071 report_dt_us=1011837
a2dp: enc_max_us=1810 pkt_sent=88721 pkt_fail=0 misaligned=0
a2dp: tick_count=50889 worst_tick_interval_us=14467 enc_frames_total=177442
a2dp: frames_per_packet=1 credit_clamped_samples=4833787 credit_clamp_events=17437 flush_frames=0 resync_drops=0 fill_ema=712 fill_min=24
a2dp: stop_credit=35538 stop_queue_full=15 stop_ring_empty=4071 stop_dwell=8252 fill_short_read=0
a2dp: payloads_sealed=88721 tx_depth_max=5 grants=88721 spurious_grants=0 dwell_max_us=7247
atr pc0=100036f3 b0=00053233 pc1=100036bd b1=00035241 pc2=10003713 b2=00032400                                                
wdt: USB_TIMER max_stale_ms=0 deadline_ms=100 enabled=1
wdt: USB_TASK max_stale_ms=0 deadline_ms=250 enabled=1
wdt: BTSTACK madrn c=00008052 s=00000000 z=00002207 bd=0000489577 bp=0000489577 dr=0000418071                                                
x_stale_ms=74 deadline_ms=1000 enabled=1
wdt: MEDIA max_stale_ms=0 deadline_ms=500 enabled=1
ctr s=0000000663 u=0000698163 t=0000050981 e=0000177661 p=0000088830 d=0000008252 c=0000035613 o=0000000000                   
usb-audio: streaming rate=48000Hz ch=2 bits=16 measured=108794 B/s (111980 bytes / 1029ms)
usb-pump: packets=473607 log_drops=418071 report_dt_us=1029221
usb-pump-race: pump_ticks_run=697427 sof_isr=697925
usb-sof-2ap: sof_streaming=541305 got=473607 miss_avail=6530 miss_unavail=61168 hw_unavail=68214
usb-audio-fix: fb_done=527428
usb-audio-okx: rx_bytes_total=90962852 rx_short_packets=7529
usb-pump-logring: backlog_hwm=8192
a2dp: codec=LDAC bitrate=990000 fill=420/4608 ovr_frames=0 und=4088 report_dt_us=1029221
a2dp: enc_max_us=1810 pkt_sent=88830 pkt_fail=0 misaligned=0
a2dp: tick_count=50981 worst_tick_interval_us=14467 enc_frames_total=177661
a2dp: frames_per_packet=1 credit_clamped_samples=4855160 credit_clamp_events=17529 flush_frames=0 resync_drops=0 fill_ema=727 fill_min=8
a2dp: stop_credit=35613 stop_queue_full=15 stop_ring_empty=4088 stop_dwell=8252 fill_short_read=0
a2dp: payloads_sealed=88830 tx_depth_max=5 grants=88830 spurious_grants=0 dwell_max_us=7247
atr pc0=100036f3 b0=00053331 pc1=100036bd b1=00035305 pc2=10003713 b2=00032462                                                
wdt: USB_TIMER max_stale_ms=0 deadline_ms=100 enabled=1
wdt: USB_TASK max_stale_ms=0 deadline_ms=250 enabled=1
wdt: BTSTACK madrn c=00008066 s=00000000 z=00002207 bd=0000490795 bp=0000490795 dr=0000418071                                                
x_stale_ms=74 deadline_ms=1000 enabled=1
wdt: MEDIA max_stale_ms=0 deadline_ms=500 enabled=1
ctr s=0000000664 u=0000699201 t=0000051073 e=0000177895 p=0000088947 d=0000008253 c=0000035688 o=0000000000                   
usb-audio: streaming rate=48000Hz ch=2 bits=16 measured=116023 B/s (120428 bytes / 1037ms)
usb-pump: packets=474234 log_drops=418071 report_dt_us=1037960
usb-pump-race: pump_ticks_run=698465 sof_isr=698963
usb-sof-2ap: sof_streaming=542343 got=474234 miss_avail=6530 miss_unavail=61579 hw_unavail=68625
usb-audio-fix: fb_done=528123
usb-audio-okx: rx_bytes_total=91083280 rx_short_packets=7540
usb-pump-logring: backlog_hwm=8192
a2dp: codec=LDAC bitrate=990000 fill=1040/4608 ovr_frames=0 und=4104 report_dt_us=1037960
a2dp: enc_max_us=1810 pkt_sent=88947 pkt_fail=0 misaligned=0
a2dp: tick_count=51073 worst_tick_interval_us=14467 enc_frames_total=177895
a2dp: frames_per_packet=1 credit_clamped_samples=4874757 credit_clamp_events=17621 flush_frames=0 resync_drops=0 fill_ema=796 fill_min=56
a2dp: stop_credit=35688 stop_queue_full=15 stop_ring_empty=4104 stop_dwell=8253 fill_short_read=0
a2dp: WARNING stop_dwell rose by 1 this report window (total=8253) -- the dwell-safety backstop tripped; encode is NOT finishing inside its credit budget and pl_a2dp_fill is being force-stopped by PL_A2DP_MAX_ENCODE_DWELL_US, not by the credit clock. See a2dp.c:609's doc comment.
a2dp: payloads_sealed=88947 tx_depth_max=5 grants=88947 spurious_grants=0 dwell_max_us=7247
atr pc0=100036f3 b0=00053429 pc1=100036bd b1=00035369 pc2=10003713 b2=00032524                                                
wdt: USB_TIMER max_stale_ms=0 deadline_ms=100 enabled=1
wdt: USB_TASK max_stale_ms=0 deadline_ms=250 enabled=1
wdt: BTSTACK madrn c=00008079 s=00000000 z=00002207 bd=0000492297 bp=0000492297 dr=0000418071                                                
x_stale_ms=86 deadline_ms=1000 enabled=1
wdt: MEDIA max_stale_ms=0 deadline_ms=500 enabled=1
ctr s=0000000665 u=0000700263 t=0000051168 e=0000178152 p=0000089076 d=0000008254 c=0000035779 o=0000000000                   
usb-audio: streaming rate=48000Hz ch=2 bits=16 measured=123638 B/s (130616 bytes / 1056ms)
usb-pump: packets=474914 log_drops=418071 report_dt_us=1056412
usb-pump-race: pump_ticks_run=699521 sof_isr=700019
usb-sof-2ap: sof_streaming=543399 got=474914 miss_avail=6530 miss_unavail=61955 hw_unavail=69001
usb-audio-fix: fb_done=528853
usb-audio-okx: rx_bytes_total=91214472 rx_short_packets=7554
usb-pump-logring: backlog_hwm=8192
a2dp: codec=LDAC bitrate=990000 fill=648/4608 ovr_frames=0 und=4107 report_dt_us=1056412
a2dp: enc_max_us=1810 pkt_sent=89076 pkt_fail=0 misaligned=0
a2dp: tick_count=51168 worst_tick_interval_us=14467 enc_frames_total=178152
a2dp: frames_per_packet=1 credit_clamped_samples=4893066 credit_clamp_events=17716 flush_frames=0 resync_drops=0 fill_ema=824 fill_min=32
a2dp: stop_credit=35779 stop_queue_full=15 stop_ring_empty=4107 stop_dwell=8254 fill_short_read=0
a2dp: WARNING stop_dwell rose by 1 this report window (total=8254) -- the dwell-safety backstop tripped; encode is NOT finishing inside its credit budget and pl_a2dp_fill is being force-stopped by PL_A2DP_MAX_ENCODE_DWELL_US, not by the credit clock. See a2dp.c:609's doc comment.
a2dp: payloads_sealed=89076 tx_depth_max=5 grants=89076 spurious_grants=0 dwell_max_us=7247
atr pc0=100036f3 b0=00053527 pc1=100036bd b1=00035433 pc2=10003713 b2=00032586                                                
wdt: USB_TIMER max_stale_ms=0 deadline_ms=100 enabled=1
wdt: USB_TASK max_stale_ms=0 deadline_ms=250 enabled=1
wdt: BTSTACK madrn c=00008091 s=00000000 z=00002207 bd=0000493798 bp=0000493798 dr=0000418071                                                
x_stale_ms=80 deadline_ms=1000 enabled=1
wdt: MEDIA max_stale_ms=0 deadline_ms=500 enabled=1
ctr s=0000000666 u=0000701272 t=0000051258 e=0000178421 p=0000089210 d=0000008255 c=0000035868 o=0000000000                   
usb-audio: streaming rate=48000Hz ch=2 bits=16 measured=137113 B/s (139056 bytes / 1014ms)
usb-pump: packets=475638 log_drops=418071 report_dt_us=1014196
usb-pump-race: pump_ticks_run=700534 sof_isr=701033
usb-sof-2ap: sof_streaming=544413 got=475637 miss_avail=6530 miss_unavail=62246 hw_unavail=69292
usb-audio-fix: fb_done=529598
usb-audio-okx: rx_bytes_total=91352760 rx_short_packets=7566
usb-pump-logring: backlog_hwm=8192
a2dp: codec=LDAC bitrate=990000 fill=1208/4608 ovr_frames=0 und=4107 report_dt_us=1014196
a2dp: enc_max_us=1810 pkt_sent=89210 pkt_fail=0 misaligned=0
a2dp: tick_count=51258 worst_tick_interval_us=14467 enc_frames_total=178421
a2dp: frames_per_packet=1 credit_clamped_samples=4906871 credit_clamp_events=17806 flush_frames=0 resync_drops=0 fill_ema=1124 fill_min=80
a2dp: stop_credit=35868 stop_queue_full=15 stop_ring_empty=4107 stop_dwell=8255 fill_short_read=0
a2dp: WARNING stop_dwell rose by 1 this report window (total=8255) -- the dwell-safety backstop tripped; encode is NOT finishing inside its credit budget and pl_a2dp_fill is being force-stopped by PL_A2DP_MAX_ENCODE_DWELL_US, not by the credit clock. See a2dp.c:609's doc comment.
a2dp: payloads_sealed=89210 tx_depth_max=5 grants=89210 spurious_grants=0 dwell_max_us=7247
atr pc0=100036f3 b0=00053625 pc1=100036bd b1=00035497 pc2=10003713 b2=00032648                                                
frame 8101: render=88774us blit=20907us total=109741us
drn c=00008101 s=00000000 z=00002207 bd=0000495301 bp=0000495357 dr=0000418071                                                
wdt: USB_TIMER max_stale_ms=0 deadline_ms=100 enabled=1
wdt: USB_TASK max_stale_ms=0 deadline_ms=250 enabled=1
wdt: BTSTACK mactr s=0000000667 u=0000702319 t=0000051352 e=0000178739 p=0000089369 d=0000008256 c=0000035960 o=0000000000                   
x_stale_ms=0 deadline_ms=1000 enabled=1
wdt: MEDIA max_stale_ms=0 deadline_ms=500 enabled=1
usb-audio: streaming rate=48000Hz ch=2 bits=16 measured=155671 B/s (163068 bytes / 1047ms)
usb-pump: packets=476488 log_drops=418071 report_dt_us=1047653
usb-pump-race: pump_ticks_run=701575 sof_isr=702081
usb-sof-2ap: sof_streaming=545461 got=476487 miss_avail=6530 miss_unavail=62444 hw_unavail=69490
usb-audio-fix: fb_done=530461
usb-audio-okx: rx_bytes_total=91516020 rx_short_packets=7581
usb-pump-logring: backlog_hwm=8192
a2dp: codec=LDAC bitrate=990000 fill=1652/4608 ovr_frames=0 und=4108 report_dt_us=1047653
a2dp: enc_max_us=1810 pkt_sent=89369 pkt_fail=0 misaligned=0
a2dp: tick_count=51352 worst_tick_interval_us=14467 enc_frames_total=178739
a2dp: frames_per_packet=1 credit_clamped_samples=4916447 credit_clamp_events=17896 flush_frames=0 resync_drops=0 fill_ema=1453 fill_min=252
a2dp: stop_credit=35960 stop_queue_full=15 stop_ring_empty=4108 stop_dwell=8256 fill_short_read=0
a2dp: WARNING stop_dwell rose by 1 this report window (total=8256) -- the dwell-safety backstop tripped; encode is NOT finishing inside its credit budget and pl_a2dp_fill is being force-stopped by PL_A2DP_MAX_ENCODE_DWELL_US, not by the credit clock. See a2dp.c:609's doc comment.
a2dp: payloads_sealed=89369 tx_depth_max=5 grants=89369 spurious_grants=0 dwell_max_us=7247
atr pc0=100036f3 b0=00053723 pc1=100036bd b1=00035561 pc2=10003713 b2=00032710                                                
wdt: USB_TIMER max_stale_ms=0 deadline_ms=100 enabled=1
wdt: USB_TASK max_stale_ms=0 deadline_ms=250 enabled=1
wdt: BTSTACK madrn c=00008109 s=00000000 z=00002207 bd=0000496860 bp=0000496860 dr=0000418071                                                
x_stale_ms=0 deadline_ms=1000 enabled=1
wdt: MEDIA max_stale_ms=0 deadline_ms=500 enabled=1
usb-audio: streaming rate=48000Hz ctr s=0000000668 u=0000703461 t=0000051453 e=0000179114 p=0000089557 d=0000008260 c=0000036057 o=0000000000                   
ch=2 bits=16 measured=167964 B/s (191868 bytes / 1142ms)
usb-pump: packets=477486 log_drops=418071 report_dt_us=1142166
usb-pump-race: pump_ticks_run=702717 sof_isr=703223
usb-sof-2ap: sof_streaming=546603 got=477485 miss_avail=6530 miss_unavail=62588 hw_unavail=69634
usb-audio-fix: fb_done=531469
usb-audio-okx: rx_bytes_total=91707696 rx_short_packets=7596
usb-pump-logring: backlog_hwm=8192
a2dp: codec=LDAC bitrate=990000 fill=1328/4608 ovr_frames=0 und=4108 report_dt_us=1142166
a2dp: enc_max_us=1810 pkt_sent=89557 pkt_fail=0 misaligned=0
a2dp: tick_count=51453 worst_tick_interval_us=14467 enc_frames_total=179114
a2dp: frames_per_packet=1 credit_clamped_samples=4923321 credit_clamp_events=17985 flush_frames=0 resync_drops=0 fill_ema=1424 fill_min=640
a2dp: stop_credit=36057 stop_queue_full=15 stop_ring_empty=4108 stop_dwell=8260 fill_short_read=0
a2dp: WARNING stop_dwellatr pc0=100036f3 b0=00053821 pc1=100036bd b1=00035625 pc2=10003713 b2=00032772                                                
 rose by 4 this report window (total=8260) -- the dwell-safety backstop tripped; encode is NOT finishing inside its credit budgedrn c=00008116 s=00000000 z=00002207 bd=0000498012 bp=0000498363 dr=0000418071                                                
t and pl_a2dp_fill is being force-stopped by PL_A2DP_MAX_ENCODE_DWELL_US, not by the credit clock. See a2dp.c:609's doc comment.ctr s=0000000669 u=0000704465 t=0000051542 e=0000179458 p=0000089729 d=0000008267 c=0000036139 o=0000000000                   

a2dp: payloads_sealed=89557 tx_depth_max=5 grants=89557 spurious_grants=0 dwell_max_us=7247
wdt: USB_TIMER max_stale_ms=0 deadline_ms=100 enabled=1
wdt: USB_TASK max_stale_ms=0 deadline_ms=250 enabled=1
wdt: BTSTACK max_stale_ms=0 deadline_ms=1000 enabled=1
wdt: MEDIA max_stale_ms=0 deadline_ms=500 enabled=1
usb-audio: streaming rate=48000Hz ch=2 bits=16 measured=175468 B/s (176132 bytes / 1003ms)
usb-pump: packets=478404 log_drops=418071 report_dt_us=1003913
usb-pump-race: pump_ticks_run=703719 sof_isr=704227
usb-sof-2ap: sof_streaming=547607 got=478403 miss_avail=6530 miss_unavail=62674 hw_unavail=69720
usb-audio-fix: fb_done=532390
usb-audio-okx: rx_bytes_total=91884020 rx_short_packets=7613
usb-pump-logring: backlog_hwm=8192
a2dp: codec=LDAC bitrate=990000 fill=1524/4608 ovr_frames=0 und=4108 report_dt_us=1003913
a2dp: enc_max_us=1810 pkt_sent=89729 pkt_fail=0 misaatr pc0=100036f3 b0=00053919 pc1=100036bd b1=00035689 pc2=10003713 b2=00032834                                                
ligned=0
a2dp: tick_count=51542 worst_tick_interval_us=14467 enc_frames_total=179458
a2dp: frames_per_packet=1 credit_clamped_drn c=00008122 s=00000000 z=00002207 bd=0000499164 bp=0000499866 dr=0000418071                                                
samples=4927476 credit_clamp_events=18058 flush_frames=0 resync_drops=0 fill_ema=1460 fill_min=660
a2dp: stop_credit=36139 stopctr s=0000000670 u=0000705579 t=0000051641 e=0000179850 p=0000089925 d=0000008275 c=0000036230 o=0000000000                   
_queue_full=15 stop_ring_empty=4108 stop_dwell=8267 fill_short_read=0
a2dp: WARNING stop_dwell rose by 7 this report window (total=8267) -- the dwell-safety backstop tripped; encode is NOT finishing inside its credit budget and pl_a2dp_fill is being force-stopped by PL_A2DP_MAX_ENCODE_DWELL_US, not by the credit clock. See a2dp.c:609's doc comment.
a2dp: payloads_sealed=89729 tx_depth_max=5 grants=89729 spurious_grants=0 dwell_max_us=7247
wdt: USB_TIMER max_stale_ms=0 deadline_ms=100 enabled=1
wdt: USB_TASK max_stale_ms=0 deadline_ms=250 atr pc0=100036f3 b0=00054017 pc1=100036bd b1=00035753 pc2=10003713 b2=00032896                                                
enabled=1
wdt: BTSTACK max_stale_ms=0 deadline_ms=1000 enabled=1
wdt: MEDIA max_stale_ms=0 deadline_ms=500 enabled=1
usb-audidrn c=00008127 s=00000000 z=00002207 bd=0000499968 bp=0000501369 dr=0000418071                                                
o: streaming rate=48000Hz ch=2 bits=16 measured=180366 B/s (200896 bytes / 1113ms)
usb-pump: packets=479449 log_drops=418071 rectr s=0000000671 u=0000706639 t=0000051735 e=0000180230 p=0000090115 d=0000008284 c=0000036315 o=0000000000                   
port_dt_us=1113684
usb-pump-race: pump_ticks_run=704829 sof_isr=705341
usb-sof-2ap: sof_streaming=548721 got=479449 miss_avail=6530 miss_unavail=62742 hw_unavail=69788
usb-audio-fix: fb_done=533437
usb-audio-okx: rx_bytes_total=92084916 rx_short_packets=7629
usb-pump-logring: backlog_hwm=8192
a2dp: codec=LDAC bitrate=990000 fill=1716/4608 ovr_frames=0 und=4108 report_dt_us=1113684
a2dp: enc_max_us=1810 pkt_sent=89925 pkt_fail=0 misaligned=0
a2dp: tick_count=51641 worst_tick_interval_us=14467 enc_frames_total=179850
a2dp: frames_per_packet=1 credit_clamped_samples=4930710 credit_clamp_events=18123 flush_frames=0 resync_drops=0 fill_ema=1556 fill_min=644
a2dp: stop_credit=36230 stop_queue_full=15 stop_ring_empty=4108 stop_dwell=8275 fill_short_read=0
a2dp: WARNING stop_dwell rose by 8 this report window (total=8275) -- the dwell-safety backstop tripped; encode is NOT finishiatr pc0=100036f3 b0=00054213 pc1=100036bd b1=00035881 pc2=10003713 b2=00033020                                                
ng inside its credit budget and pl_a2dp_fill is being force-stopped by PL_A2DP_MAX_ENCODE_DWELL_US, not by the credit clock. Seedrn c=00008133 s=00000000 z=00002207 bd=0000501120 bp=0000504153 dr=0000418071                                                
 a2dp.c:609's doc comment.
a2dp: payloads_sealed=89925 tx_depth_max=5 grants=89925 spurious_grants=0 dwell_max_us=7247
wdt: USctr s=0000000672 u=0000707650 t=0000051825 e=0000180592 p=0000090296 d=0000008293 c=0000036396 o=0000000000                   
B_TIMER max_stale_ms=0 deadline_ms=100 enabled=1
wdt: USB_TASK max_stale_ms=0 deadline_ms=250 enabled=1
wdt: BTSTACK max_stale_ms=0 deadline_ms=1000 enabled=1
wdt: MEDIA max_stale_ms=0 deadline_ms=500 enabled=1
usb-audio: streaming rate=48000Hz ch=2 bits=16 measured=183625 B/s (194560 bytes / 1059ms)
usb-pump: packets=480462 log_drops=418071 report_dt_us=1059554
usb-pump-race: pump_ticks_run=705889 sof_isr=706400
usb-sof-2ap: sof_streaming=549780 got=480461 miss_avail=6530 miss_unavail=62789 hw_unavail=69835
usb-audio-fix: fb_done=534449
usb-audio-okx: rx_bytes_total=92279284 rx_short_packets=7645
usb-pump-logring: backlogatr pc0=100036f3 b0=00054311 pc1=100036bd b1=00035945 pc2=10003713 b2=00033082                                                
_hwm=8192
a2dp: codec=LDAC bitrate=990000 fill=1524/4608 ovr_frames=0 und=4108 report_dt_us=1059554
a2dp: enc_max_us=1810 pkt_drn c=00008138 s=00000000 z=00002207 bd=0000502016 bp=0000505657 dr=0000418071                                                
sent=90115 pkt_fail=0 misaligned=0
a2dp: tick_count=51735 worst_tick_interval_us=14467 enc_frames_total=180230
a2dp: frames_pectr s=0000000673 u=0000708791 t=0000051926 e=0000181006 p=0000090503 d=0000008306 c=0000036484 o=0000000000                   
r_packet=1 credit_clamped_samples=4932962 credit_clamp_events=18182 flush_frames=0 resync_drops=0 fill_ema=1537 fill_min=760
a2dp: stop_credit=36315 stop_queue_full=15 stop_ring_empty=4108 stop_dwell=8284 fill_short_read=0
a2dp: WARNING stop_dwell rose by 9 this report window (total=8284) -- the dwell-safety backstop tripped; encode is NOT finishing inside its credit budget and pl_a2dp_fill is being force-stopped by PL_A2DP_MAX_ENCODE_DWELL_US, not by the credit clock. See a2dp.c:609's doc comment.
a2dp: payloads_sealed=90115 tx_depth_max=5 grants=90115 spurious_grants=0 dwell_max_us=7247
usb-audio: streaming rate=48000Hz ch=2 batr pc0=100036f3 b0=00054409 pc1=100036bd b1=00036009 pc2=10003713 b2=00033144                                                
its=16 measured=183014 B/s (183424 bytes / 1002ms)
usb-pump: packets=481417 log_drops=418071 report_dt_us=1002218
usb-pump-racdrn c=00008143 s=00000000 z=00002207 bd=0000502912 bp=0000507161 dr=0000418071                                                
e: pump_ticks_run=706890 sof_isr=707402
usb-sof-2ap: sof_streaming=550782 got=481416 miss_avail=6530 miss_unavail=62836 hw_unavctr s=0000000674 u=0000709922 t=0000052026 e=0000181419 p=0000090709 d=0000008321 c=0000036569 o=0000000000                   
ail=69882
usb-audio-fix: fb_done=535406
usb-audio-okx: rx_bytes_total=92462708 rx_short_packets=7661
usb-pump-logring: backlog_hwm=8192
a2dp: codec=LDAC bitrate=990000 fill=1652/4608 ovr_frames=0 und=4108 report_dt_us=1002218
a2dp: enc_max_us=1810 pkt_sent=90294 pkt_fail=0 misaligned=0
a2dp: tick_count=51824 worst_tick_interval_us=14467 enc_frames_total=180588
a2dp: frames_per_packet=1 credit_clamped_samples=4935208 credit_clamp_events=18233 flush_frames=0 resync_drops=0 fill_ema=1616 fill_min=708
a2dp: stop_credit=36395 stop_queue_full=15 stop_ring_empty=4108 stop_dwell=8293 fill_short_read=0
a2dp: WARNING stop_dwell rose atr pc0=100036f3 b0=00054507 pc1=100036bd b1=00036073 pc2=10003713 b2=00033206                                                
by 9 this report window (total=8293) -- the dwell-safety backstop tripped; encode is NOT finishing inside its credit budget and drn c=00008148 s=00000000 z=00002207 bd=0000503808 bp=0000508665 dr=0000418071                                                
pl_a2dp_fill is being force-stopped by PL_A2DP_MAX_ENCODE_DWELL_US, not by the credit clock. See a2dp.c:609's doc comment.
a2dpctr s=0000000675 u=0000711098 t=0000052130 e=0000181859 p=0000090929 d=0000008345 c=0000036649 o=0000000000                   
: payloads_sealed=90294 tx_depth_max=5 grants=90294 spurious_grants=0 dwell_max_us=7247
wdt: USB_TIMER max_stale_ms=0 deadline_ms=100 enabled=1
wdt: USB_TASK max_stale_ms=0 deadline_ms=250 enabled=1
wdt: BTSTACK max_stale_ms=0 deadline_ms=1000 enabled=1
wdt: MEDIA max_stale_ms=0 deadline_ms=500 enabled=1
usb-audio: streaming rate=48000Hz ch=2 bits=16 measured=185856 B/s (21376atr pc0=100036f3 b0=00054605 pc1=100036bd b1=00036137 pc2=10003713 b2=00033268                                                
8 bytes / 1150ms)
usb-pump: packets=482530 log_drops=418071 report_dt_us=1150204
usb-pump-race: pump_ticks_run=708039 sof_isr=drn c=00008152 s=00000000 z=00002207 bd=0000504448 bp=0000510169 dr=0000418071                                                
708553
usb-sof-2ap: sof_streaming=551933 got=482530 miss_avail=6530 miss_unavail=62873 hw_unavail=69919
usb-audio-fix: fb_donectr s=0000000676 u=0000712130 t=0000052221 e=0000182246 p=0000091123 d=0000008368 c=0000036717 o=0000000000                   
=536520
usb-audio-okx: rx_bytes_total=92676668 rx_short_packets=7679
usb-pump-logring: backlog_hwm=8192
a2dp: codec=LDAC bitrate=990000 fill=1596/4608 ovr_frames=0 und=4108 report_dt_us=1150204
a2dp: enc_max_us=1810 pkt_sent=90503 pkt_fail=0 misaligned=0
a2dp: tick_count=51926 worst_tick_interval_us=14467 enc_frames_total=181006
a2dp: frames_per_packet=1 credit_clamped_sampleatr pc0=100036f3 b0=00054703 pc1=100036bd b1=00036201 pc2=10003713 b2=00033330                                                
s=4936944 credit_clamp_events=18276 flush_frames=0 resync_drops=0 fill_ema=1652 fill_min=764
a2dp: stop_credit=36484 stop_queuedrn c=00008156 s=00000000 z=00002207 bd=0000505088 bp=0000511674 dr=0000418071                                                
_full=15 stop_ring_empty=4108 stop_dwell=8306 fill_short_read=0
a2dp: WARNING stop_dwell rose by 13 this report window (total=8ctr s=0000000677 u=0000713160 t=0000052312 e=0000182632 p=0000091316 d=0000008390 c=0000036786 o=0000000000                   
306) -- the dwell-safety backstop tripped; encode is NOT finishing inside its credit budget and pl_a2dp_fill is being force-stopped by PL_A2DP_MAX_ENCODE_DWELL_US, not by the credit clock. See a2dp.c:609's doc comment.
a2dp: payloads_sealed=90503 tx_depth_max=5 grants=90503 spurious_grants=0 dwell_max_us=7247
wdt: USB_TIMER max_stale_ms=0 deadline_ms=100 enabled=1
wdt: USB_TASK atr pc0=100036f3 b0=00054801 pc1=100036bd b1=00036265 pc2=10003713 b2=00033392                                                
max_stale_ms=0 deadline_ms=250 enabled=1
wdt: BTSTACK max_stale_ms=0 deadline_ms=1000 enabled=1
wdt: MEDIA max_stale_ms=0 deaddrn c=00008160 s=00000000 z=00002207 bd=0000505728 bp=0000513178 dr=0000418071                                                
line_ms=500 enabled=1
usb-audio: streaming rate=48000Hz ch=2 bits=16 measured=187210 B/s (211656 bytes / 1130ms)
usb-pump: pacctr s=0000000678 u=0000714228 t=0000052407 e=0000183032 p=0000091516 d=0000008410 c=0000036861 o=0000000000                   
kets=483632 log_drops=418071 report_dt_us=1130566
usb-pump-race: pump_ticks_run=709168 sof_isr=709683
usb-sof-2ap: sof_streaming=553063 got=483631 miss_avail=6530 miss_unavail=62902 hw_unavail=69948
usb-audio-fix: fb_done=537621
usb-audio-okx: rx_bytes_total=92888132 rx_short_packets=7697
usb-pump-logring: backlog_hwm=8192
a2dp: codec=LDAC bitrate=990000 fill=1604/4608 ovr_fratr pc0=100036f3 b0=00054899 pc1=100036bd b1=00036329 pc2=10003713 b2=00033454                                                
ames=0 und=4108 report_dt_us=1130566
a2dp: enc_max_us=1810 pkt_sent=90709 pkt_fail=0 misaligned=0
a2dp: tick_count=52026 worstdrn c=00008164 s=00000000 z=00002207 bd=0000506368 bp=0000514456 dr=0000418354                                                
_tick_interval_us=14467 enc_frames_total=181419
a2dp: frames_per_packet=1 credit_clamped_samples=4938305 credit_clamp_events=18ctr s=0000000679 u=0000715284 t=0000052501 e=0000183428 p=0000091714 d=0000008431 c=0000036934 o=0000000000                   
321 flush_frames=0 resync_drops=0 fill_ema=1591 fill_min=816
a2dp: stop_credit=36569 stop_queue_full=15 stop_ring_empty=4108 stop_dwell=8321 fill_short_read=0
a2dp: WARNING stop_dwell rose by 15 this report window (total=8321) -- the dwell-safety backstop tripped; encode is NOT finishing inside its credit budget and pl_a2dp_fill is being force-stopped by PL_A2DP_MAX_ENCODE_DWELL_atr pc0=100036f3 b0=00054997 pc1=100036bd b1=00036393 pc2=10003713 b2=00033516                                                
US, not by the credit clock. See a2dp.c:609's doc comment.
a2dp: payloads_sealed=90709 tx_depth_max=5 grants=90709 spurious_gradrn c=00008168 s=00000000 z=00002207 bd=0000507008 bp=0000515176 dr=0000419138                                                
nts=0 dwell_max_us=7247
wdt: USB_TIMER max_stale_ms=0 deadline_ms=100 enabled=1
wdt: USB_TASK max_stale_ms=0 deadline_ms=250 ectr s=0000000680 u=0000716301 t=0000052591 e=0000183808 p=0000091904 d=0000008451 c=0000037004 o=0000000000                   
nabled=1
wdt: BTSTACK max_stale_ms=0 deadline_ms=1000 enabled=1
wdt: MEDIA max_stale_ms=0 deadline_ms=500 enabled=1
usb-audio: streaming rate=48000Hz ch=2 bits=16 measured=191562 B/s (223560 bytes / 1167ms)
usb-pump: packets=484796 log_drops=418071 report_dt_us=1167039
usb-pump-race: pump_ticks_run=710334 sof_isr=710850
usb-sof-2ap: sof_streaming=554230 got=484795 miss_avail=atr pc0=100036f3 b0=00055095 pc1=100036bd b1=00036457 pc2=10003713 b2=00033578                                                
6530 miss_unavail=62905 hw_unavail=69951
usb-audio-fix: fb_done=538785
usb-audio-okx: rx_bytes_total=93111692 rx_short_packetsdrn c=00008172 s=00000000 z=00002207 bd=0000507648 bp=0000515816 dr=0000420002                                                
=7715
usb-pump-logring: backlog_hwm=8192
a2dp: codec=LDAC bitrate=990000 fill=1932/4608 ovr_frames=0 und=4108 report_dt_us=116ctr s=0000000681 u=0000717377 t=0000052686 e=0000184212 p=0000092106 d=0000008475 c=0000037075 o=0000000000                   
7039
a2dp: enc_max_us=1810 pkt_sent=90927 pkt_fail=0 misaligned=0
a2dp: tick_count=52129 worst_tick_interval_us=14467 enc_frames_total=181855
a2dp: frames_per_packet=1 credit_clamped_samples=4938475 credit_clamp_events=18334 flush_frames=0 resync_drops=0 fill_ema=1672 fill_min=868
a2dp: stop_credit=36648 stop_queue_full=15 stop_ring_empty=4108 stop_dwell=8345 fill_short_read=0atr pc0=100036f3 b0=00055193 pc1=100036bd b1=00036521 pc2=10003713 b2=00033640                                                

a2dp: WARNING stop_dwell rose by 24 this report window (total=8345) -- the dwell-safety backstop tripped; encode is NOT finishidrn c=00008176 s=00000000 z=00002207 bd=0000508288 bp=0000516456 dr=0000420866                                                
ng inside its credit budget and pl_a2dp_fill is being force-stopped by PL_A2DP_MAX_ENCODE_DWELL_US, not by the credit clock. Seectr s=0000000682 u=0000718384 t=0000052775 e=0000184589 p=0000092294 d=0000008497 c=0000037142 o=0000000000                   
 a2dp.c:609's doc comment.
a2dp: payloads_sealed=90927 tx_depth_max=5 grants=90927 spurious_grants=0 dwell_max_us=7247
wdt: USB_TIMER max_stale_ms=0 deadline_ms=100 enabled=1
wdt: USB_TASK max_stale_ms=0 deadline_ms=250 enabled=1
wdt: BTSTACK max_stale_ms=0 deadline_ms=1000 enabled=1
wdt: MEDIA max_stale_ms=0 deadline_ms=500 enabled=1
usb-audio: streaming rate=48000Hz ch=2 biatr pc0=100036f3 b0=00055291 pc1=100036bd b1=00036585 pc2=10003713 b2=00033702                                                
ts=16 measured=191987 B/s (199936 bytes / 1041ms)
usb-pump: packets=485837 log_drops=418071 report_dt_us=1041413
usb-pump-racedrn c=00008180 s=00000000 z=00002207 bd=0000508928 bp=0000517096 dr=0000421731                                                
: pump_ticks_run=711375 sof_isr=711892
usb-sof-2ap: sof_streaming=555272 got=485837 miss_avail=6530 miss_unavail=62905 hw_unavactr s=0000000683 u=0000719475 t=0000052871 e=0000184998 p=0000092499 d=0000008523 c=0000037212 o=0000000000                   
il=69951
usb-audio-fix: fb_done=539827
usb-audio-okx: rx_bytes_total=93311820 rx_short_packets=7731
usb-pump-logring: backlog_hwm=8192
a2dp: codec=LDAC bitrate=990000 fill=1868/4608 ovr_frames=0 und=4108 report_dt_us=1041413
a2dp: enc_max_us=1810 pkt_sent=91123 pkt_fail=0 misaligned=0
a2dp: tick_count=52221 worst_tick_interval_us=14467 enc_frames_total=182246
a2dp: frames_peatr pc0=100036f3 b0=00055389 pc1=100036bd b1=00036649 pc2=10003713 b2=00033764                                                
r_packet=1 credit_clamped_samples=4938475 credit_clamp_events=18334 flush_frames=0 resync_drops=0 fill_ema=1768 fill_min=988
a2drn c=00008184 s=00000000 z=00002207 bd=0000509568 bp=0000517736 dr=0000422596                                                
dp: stop_credit=36717 stop_queue_full=15 stop_ring_empty=4108 stop_dwell=8368 fill_short_read=0
a2dp: WARNING stop_dwell rose bctr s=0000000684 u=0000720526 t=0000052964 e=0000185392 p=0000092696 d=0000008545 c=0000037283 o=0000000000                   
y 23 this report window (total=8368) -- the dwell-safety backstop tripped; encode is NOT finishing inside its credit budget and pl_a2dp_fill is being force-stopped by PL_A2DP_MAX_ENCODE_DWELL_US, not by the credit clock. See a2dp.c:609's doc comment.
a2dp: payloads_sealed=91123 tx_depth_max=5 grants=91123 spurious_grants=0 dwell_max_us=7247
wdt: USB_TIMER max_stale_ms=0 deadline_atr pc0=100036f3 b0=00055487 pc1=100036bd b1=00036713 pc2=10003713 b2=00033826                                                
ms=100 enabled=1
wdt: USB_TASK max_stale_ms=0 deadline_ms=250 enabled=1
wdt: BTSTACK max_stale_ms=0 deadline_ms=1000 enabled=1drn c=00008188 s=00000000 z=00002207 bd=0000510208 bp=0000518376 dr=0000423461                                                

wdt: MEDIA max_stale_ms=0 deadline_ms=500 enabled=1
usb-audio: streaming rate=48000Hz ch=2 bits=16 measured=192046 B/s (19762ctr s=0000000685 u=0000721547 t=0000053054 e=0000185775 p=0000092887 d=0000008568 c=0000037350 o=0000000000                   
8 bytes / 1029ms)
usb-pump: packets=486866 log_drops=418071 report_dt_us=1029070
usb-pump-race: pump_ticks_run=712405 sof_isr=712922
usb-sof-2ap: sof_streaming=556302 got=486867 miss_avail=6530 miss_unavail=62905 hw_unavail=69951
usb-audio-fix: fb_done=540856
usb-audio-okx: rx_bytes_total=93509448 rx_short_packets=7746
usb-pump-logring: backlog_hwm=8192
a2dp: codec=LDAC bitratr pc0=100036f3 b0=00055585 pc1=100036bd b1=00036777 pc2=10003713 b2=00033888                                                
ate=990000 fill=2056/4608 ovr_frames=0 und=4108 report_dt_us=1029070
a2dp: enc_max_us=1810 pkt_sent=91316 pkt_fail=0 misaligneddrn c=00008192 s=00000000 z=00002207 bd=0000510848 bp=0000519016 dr=0000424326                                                
=0
a2dp: tick_count=52312 worst_tick_interval_us=14467 enc_frames_total=182632
a2dp: frames_per_packet=1 credit_clamped_samplectr s=0000000686 u=0000722576 t=0000053145 e=0000186160 p=0000093080 d=0000008590 c=0000037419 o=0000000000                   
s=4938475 credit_clamp_events=18334 flush_frames=0 resync_drops=0 fill_ema=1796 fill_min=1004
a2dp: stop_credit=36786 stop_queue_full=15 stop_ring_empty=4108 stop_dwell=8390 fill_short_read=0
a2dp: WARNING stop_dwell rose by 22 this report window (total=8390) -- the dwell-safety backstop tripped; encode is NOT finishing inside its credit budget and pl_a2dp_fill is being force-stoatr pc0=100036f3 b0=00055683 pc1=100036bd b1=00036841 pc2=10003713 b2=00033950                                                
pped by PL_A2DP_MAX_ENCODE_DWELL_US, not by the credit clock. See a2dp.c:609's doc comment.
a2dp: payloads_sealed=91316 tx_deptdrn c=00008196 s=00000000 z=00002207 bd=0000511488 bp=0000519656 dr=0000425190                                                
h_max=5 grants=91316 spurious_grants=0 dwell_max_us=7247
wdt: USB_TIMER max_stale_ms=0 deadline_ms=100 enabled=1
wdt: USB_TASKctr s=0000000687 u=0000723659 t=0000053241 e=0000186566 p=0000093283 d=0000008612 c=0000037493 o=0000000000                   
 max_stale_ms=0 deadline_ms=250 enabled=1
wdt: BTSTACK max_stale_ms=0 deadline_ms=1000 enabled=1
wdt: MEDIA max_stale_ms=0 deadline_ms=500 enabled=1
usb-audio: streaming rate=48000Hz ch=2 bits=16 measured=191671 B/s (204736 bytes / 1068ms)
usb-pump: packets=487933 log_drops=418071 report_dt_us=1068247
usb-pump-race: pump_ticks_run=713471 sof_isr=713989
usb-sof-2ap: sof_streamatr pc0=100036f3 b0=00055781 pc1=100036bd b1=00036905 pc2=10003713 b2=00034012                                                
ing=557369 got=487932 miss_avail=6530 miss_unavail=62907 hw_unavail=69953
usb-audio-fix: fb_done=541922
usb-audio-okx: rx_bytedrn c=00008200 s=00000000 z=00002207 bd=0000512128 bp=0000520296 dr=0000426055                                                
s_total=93714184 rx_short_packets=7762
usb-pump-logring: backlog_hwm=8192
a2dp: codec=LDAC bitrate=990000 fill=1800/4608 ovr_fctr s=0000000688 u=0000724684 t=0000053331 e=0000186950 p=0000093475 d=0000008637 c=0000037558 o=0000000000                   
rames=0 und=4108 report_dt_us=1068247
a2dp: enc_max_us=1810 pkt_sent=91516 pkt_fail=0 misaligned=0
a2dp: tick_count=52407 worst_tick_interval_us=14467 enc_frames_total=183032
a2dp: frames_per_packet=1 credit_clamped_samples=4938531 credit_clamp_events=18336 flush_frames=0 resync_drops=0 fill_ema=1673 fill_min=972
a2dp: stop_credit=36861 stop_queue_full=15 stop_ring_empty=4108 satr pc0=100036f3 b0=00055879 pc1=100036bd b1=00036969 pc2=10003713 b2=00034074                                                
top_dwell=8410 fill_short_read=0
a2dp: WARNING stop_dwell rose by 20 this report window (total=8410) -- the dwell-safety backstdrn c=00008204 s=00000000 z=00002207 bd=0000512768 bp=0000520936 dr=0000426919                                                
op tripped; encode is NOT finishing inside its credit budget and pl_a2dp_fill is being force-stopped by PL_A2DP_MAX_ENCODE_DWELLctr s=0000000689 u=0000725710 t=0000053422 e=0000187335 p=0000093667 d=0000008658 c=0000037628 o=0000000000                   
_US, not by the credit clock. See a2dp.c:609's doc comment.
a2dp: payloads_sealed=91516 tx_depth_max=5 grants=91516 spurious_grants=0 dwell_max_us=7247
wdt: USB_TIMER max_stale_ms=0 deadline_ms=100 enabled=1
wdt: USB_TASK max_stale_ms=0 deadline_ms=250 enabled=1
wdt: BTSTACK max_stale_ms=0 deadline_ms=1000 enabled=1
wdt: MEDIA max_stale_ms=0 deadline_ms=500 enabled=1
frame 81atr pc0=100036f3 b0=00055977 pc1=100036bd b1=00037033 pc2=10003713 b2=00034136                                                
61: render=235468us blit=20751us total=256266us
usb-audio: streaming rate=48000Hz ch=2 bits=16 measured=191884 B/s (202624 bytedrn c=00008208 s=00000000 z=00002207 bd=0000513408 bp=0000521576 dr=0000427784                                                
s / 1055ms)
usb-pump: packets=488988 log_drops=418071 report_dt_us=1056625
usb-pump-race: pump_ticks_run=714526 sof_isr=715046ctr s=0000000690 u=0000726796 t=0000053518 e=0000187742 p=0000093871 d=0000008681 c=0000037701 o=0000000000                   

usb-sof-2ap: sof_streaming=558426 got=488988 miss_avail=6530 miss_unavail=62908 hw_unavail=69954
usb-audio-fix: fb_done=542978
usb-audio-okx: rx_bytes_total=93917000 rx_short_packets=7778
usb-pump-logring: backlog_hwm=8192
a2dp: codec=LDAC bitrate=990000 fill=1864/4608 ovr_frames=0 und=4108 report_dt_us=1056625
a2dp: enc_max_us=1810 pkt_sent=91714 pkt_fail=0 misaligned=0
a2dp: tick_count=52501 worst_tick_interval_us=14467 enc_frames_total=183428
a2dp: frames_per_packet=1 credit_clamped_samples=4938563 credit_clamp_events=18339 flush_frames=0 resync_drops=0 fill_ema=1646 fill_min=844
a2dp: stop_credit=36934 stop_queue_full=atr pc0=100036f3 b0=00056075 pc1=100036bd b1=00037097 pc2=10003713 b2=00034198                                                
15 stop_ring_empty=4108 stop_dwell=8431 fill_short_read=0
a2dp: payloads_sealed=91714 tx_depth_max=5 grants=91714 spurious_grandrn c=00008213 s=00000000 z=00002207 bd=0000514304 bp=0000522496 dr=0000428368                                                
ts=0 dwell_max_us=7247
wdt: USB_TIMER max_stale_ms=0 deadline_ms=100 enabled=1
wdt: USB_TASK max_stale_ms=0 deadline_ms=250 enctr s=0000000691 u=0000728013 t=0000053626 e=0000188195 p=0000094097 d=0000008706 c=0000037782 o=0000000000                   
abled=1
wdt: BTSTACK max_stale_ms=0 deadline_ms=1000 enabled=1
wdt: MEDIA max_stale_ms=0 deadline_ms=500 enabled=1
usb-audio: streaming rate=48000Hz ch=2 bits=16 measured=191571 B/s (194752 bytes / 1016ms)
usb-pump: packets=490001 log_drops=418354 report_dt_us=1015837
usb-pump-race: pump_ticks_run=715539 sof_isr=716061
usb-sof-2ap: sof_streaming=559441 got=490000 miss_avail=6atr pc0=100036f3 b0=00056173 pc1=100036bd b1=00037161 pc2=10003713 b2=00034260                                                
530 miss_unavail=62911 hw_unavail=69957
usb-audio-fix: fb_done=543990
usb-audio-okx: rx_bytes_total=94111368 rx_short_packets=drn c=00008217 s=00000000 z=00002207 bd=0000514944 bp=0000523136 dr=0000429233                                                
7794
usb-pump-logring: backlog_hwm=8192
a2dp: enc_max_us=1810 pkt_sent=91904 pkt_fail=0 misaligned=0
wdt: USB_TIMER max_stalectr s=0000000692 u=0000729092 t=0000053722 e=0000188599 p=0000094299 d=0000008726 c=0000037858 o=0000000000                   
_ms=0 deadline_ms=100 enabled=1
wdt: USB_TASK max_stale_ms=0 deadline_ms=250 enabled=1
usb-audio: streaming rate=48000Hz ch=2 bits=16 measured=191802 B/s (206656 bytes / 1077ms)
usb-pump: packets=491078 log_drops=419247 report_dt_us=1077569
usb-pump-race: pump_ticks_run=716616 sof_isr=717139
usb-sof-2ap: sof_streaming=560519 got=491077 miss_avail=6530 miss_unavail=62912 hw_unaatr pc0=100036f3 b0=00056271 pc1=100036bd b1=00037225 pc2=10003713 b2=00034322                                                
vail=69958
usb-audio-fix: fb_done=545067
usb-audio-okx: rx_bytes_total=94318216 rx_short_packets=7810
usb-pump-logring: backldrn c=00008221 s=00000000 z=00002207 bd=0000515584 bp=0000523742 dr=0000430188                                                
og_hwm=8192
a2dp: codec=LDAC bitrate=990000 fill=1672/4608 ovr_frames=0 und=4108 report_dt_us=1077569
wdt: USB_TIMER max_stalectr s=0000000693 u=0000730104 t=0000053811 e=0000188979 p=0000094489 d=0000008751 c=0000037922 o=0000000000                   
_ms=0 deadline_ms=100 enabled=1
wdt: USB_TASK max_stale_ms=0 deadline_ms=250 enabled=1
usb-audio: streaming rate=48000Hz ch=2 bits=16 measured=191929 B/s (193212 bytes / 1006ms)
usb-pump: packets=492083 log_drops=420111 report_dt_us=1006566
usb-pump-raatr pc0=100036f3 b0=00056369 pc1=100036bd b1=00037289 pc2=10003713 b2=00034384                                                
ce: pump_ticks_run=717621 sof_isr=718146
usb-sof-2ap: sof_streaming=561526 got=492083 miss_avail=6530 miss_unavail=62913 hw_unadrn c=00008225 s=00000000 z=00002207 bd=0000516096 bp=0000524255 dr=0000431179                                                
vail=69959
usb-audio-fix: fb_done=546072
usb-audio-okx: rx_bytes_total=94511236 rx_short_packets=7825
usb-pump-logring: backlctr s=0000000694 u=0000731158 t=0000053904 e=0000189373 p=0000094686 d=0000008773 c=0000037993 o=0000000000                   
og_hwm=8192
a2dp: codec=LDAC bitrate=990000 fill=1860/4608 ovr_frames=0 und=4108 report_dt_us=1006566
wdt: USB_TIMER max_stale_ms=0 deadline_ms=100 enabled=1
wdt: USB_TASK max_stale_ms=0 deadline_ms=250 enabled=1
usb-audio: streaming rate=48000Hz ch=2 bits=16 measured=192114 B/s (209540 bytes / 1090ms)
usb-pump: packets=493174 log_drops=420975 report_dt_us=1090696
usb-pump-raatr pc0=100036f3 b0=00056467 pc1=100036bd b1=00037353 pc2=10003713 b2=00034446                                                
ce: pump_ticks_run=718712 sof_isr=719236
usb-sof-2ap: sof_streaming=562616 got=493173 miss_avail=6530 miss_unavail=62913 hw_unadrn c=00008229 s=00000000 z=00002207 bd=0000516736 bp=0000524895 dr=0000432043                                                
vail=69959
usb-audio-fix: fb_done=547163
usb-audio-okx: rx_bytes_total=94720776 rx_short_packets=7842
usb-pump-logring: backlctr s=0000000695 u=0000732222 t=0000053998 e=0000189772 p=0000094886 d=0000008796 c=0000038064 o=0000000000                   
og_hwm=8192
a2dp: codec=LDAC bitrate=990000 fill=1800/4608 ovr_frames=0 und=4108 report_dt_us=1090696
wdt: USB_TIMER max_stale_ms=0 deadline_ms=100 enabled=1
wdt: USB_TASK max_stale_ms=0 deadline_ms=250 enabled=1
usb-audio: streaming rate=48000Hz ch=2 bits=16 measured=191787 B/s (201660 bytes / 1051ms)
usb-pump: packets=494225 log_drops=421840 report_dt_us=1051611
usb-pump-raatr pc0=100036f3 b0=00056565 pc1=100036bd b1=00037417 pc2=10003713 b2=00034508                                                
ce: pump_ticks_run=719763 sof_isr=720288
usb-sof-2ap: sof_streaming=563668 got=494224 miss_avail=6530 miss_unavail=62914 hw_unadrn c=00008233 s=00000000 z=00002207 bd=0000517376 bp=0000525535 dr=0000432908                                                
vail=69960
usb-audio-fix: fb_done=548214
usb-audio-okx: rx_bytes_total=94922628 rx_short_packets=7857
usb-pump-logring: backlctr s=0000000696 u=0000733252 t=0000054089 e=0000190158 p=0000095079 d=0000008818 c=0000038133 o=0000000000                   
og_hwm=8192
a2dp: codec=LDAC bitrate=990000 fill=1924/4608 ovr_frames=0 und=4108 report_dt_us=1051611
wdt: USB_TIMER max_stale_ms=0 deadline_ms=100 enabled=1
wdt: USB_TASK max_stale_ms=0 deadline_ms=250 enabled=1
usb-audio: streaming rate=48000Hz ch=2 bits=16 measured=191774 B/s (193984 bytes / 1011ms)
usb-pump: packets=495234 log_drops=422705 report_dt_us=1011388
usb-pump-raatr pc0=100036f3 b0=00056663 pc1=100036bd b1=00037481 pc2=10003713 b2=00034570                                                
ce: pump_ticks_run=720772 sof_isr=721299
usb-sof-2ap: sof_streaming=564679 got=495233 miss_avail=6530 miss_unavail=62916 hw_unadrn c=00008237 s=00000000 z=00002207 bd=0000518016 bp=0000526175 dr=0000433773                                                
vail=69962
usb-audio-fix: fb_done=549223
usb-audio-okx: rx_bytes_total=95116420 rx_short_packets=7873
usb-pump-logring: backlctr s=0000000697 u=0000734301 t=0000054182 e=0000190551 p=0000095275 d=0000008839 c=0000038205 o=0000000000                   
og_hwm=8192
a2dp: codec=LDAC bitrate=990000 fill=1668/4608 ovr_frames=0 und=4108 report_dt_us=1011388
wdt: USB_TIMER max_stale_ms=0 deadline_ms=100 enabled=1
wdt: USB_TASK max_stale_ms=0 deadline_ms=250 enabled=1
usb-audio: streaming rate=48000Hz ch=2 bits=16 measured=191870 B/s (199164 bytes / 1038ms)
usb-pump: packets=496271 log_drops=423570 report_dt_us=1038015
usb-pump-raatr pc0=100036f3 b0=00056761 pc1=100036bd b1=00037545 pc2=10003713 b2=00034632                                                
ce: pump_ticks_run=721809 sof_isr=722337
usb-sof-2ap: sof_streaming=565717 got=496270 miss_avail=6530 miss_unavail=62917 hw_unadrn c=00008241 s=00000000 z=00002207 bd=0000518656 bp=0000526815 dr=0000434638                                                
vail=69963
usb-audio-fix: fb_done=550260
usb-audio-okx: rx_bytes_total=95315584 rx_short_packets=7888
usb-pump-logring: backlctr s=0000000698 u=0000735360 t=0000054276 e=0000190949 p=0000095474 d=0000008861 c=0000038277 o=0000000000                   
og_hwm=8192
a2dp: codec=LDAC bitrate=990000 fill=1664/4608 ovr_frames=0 und=4108 report_dt_us=1038015
wdt: USB_TIMER max_stale_ms=0 deadline_ms=100 enabled=1
wdt: USB_TASK max_stale_ms=0 deadline_ms=250 enabled=1
usb-audio: streaming rate=48000Hz ch=2 bits=16 measured=191864 B/s (203780 bytes / 1062ms)
usb-pump: packets=497332 log_drops=424435 report_dt_us=1062163
usb-pump-ractr s=0000000699 u=0000736358 t=0000054364 e=0000191323 p=0000095661 d=0000008883 c=0000038343 o=0000000000                   
ce: pump_ticks_run=722870 sof_isr=723399
usb-sof-2ap: sof_streaming=566779 got=497331 miss_avail=6530 miss_unavail=62918 hw_unaatr pc0=100036f3 b0=00056859 pc1=100036bd b1=00037609 pc2=10003713 b2=00034694                                                
vail=69964
usb-audio-fix: fb_done=551321
usb-audio-okx: rx_bytes_total=95523396 rx_short_packets=7905
usb-pump-logring: backldrn c=00008246 s=00000000 z=00002207 bd=0000519424 bp=0000527455 dr=0000435503                                                
og_hwm=8192
a2dp: codec=LDAC bitrate=990000 fill=1796/4608 ovr_frames=0 und=4108 report_dt_us=1062163
wdt: USB_TIMER max_stale_ms=0 deadline_ms=100 enabled=1
wdt: USB_TASK max_stale_ms=0 deadline_ms=250 enabled=1
usb-audio: streaming rate=48000Hz ch=2 bits=16 measured=191796 B/s (200700 bytes / 1046ms)
usb-pump: packets=498378 log_drops=425299 report_dt_us=1046495
usb-pump-ractr s=0000000700 u=0000737393 t=0000054455 e=0000191711 p=0000095855 d=0000008907 c=0000038410 o=0000000000                   
ce: pump_ticks_run=723916 sof_isr=724446
usb-sof-2ap: sof_streaming=567826 got=498377 miss_avail=6530 miss_unavail=62919 hw_unaatr pc0=100036f3 b0=00056957 pc1=100036bd b1=00037673 pc2=10003713 b2=00034756                                                
vail=69965
usb-audio-fix: fb_done=552367
usb-audio-okx: rx_bytes_total=95720256 rx_short_packets=7920
usb-pump-logring: backldrn c=00008250 s=00000000 z=00002207 bd=0000520064 bp=0000528113 dr=0000436350                                                
og_hwm=8192
a2dp: codec=LDAC bitrate=990000 fill=1856/4608 ovr_frames=0 und=4108 report_dt_us=1046495
wdt: USB_TIMER max_stale_ms=0 deadline_ms=100 enabled=1
wdt: USB_TASK max_stale_ms=0 deadline_ms=250 enabled=1
usb-audio: streaming rate=48000Hz ch=2 bits=16 measured=192136 B/s (195136 bytes / 1015ms)
usb-pump: packets=499393 log_drops=426164 report_dt_us=1015486
usb-pump-ractr s=0000000701 u=0000738428 t=0000054547 e=0000192099 p=0000096049 d=0000008929 c=0000038480 o=0000000000                   
ce: pump_ticks_run=724931 sof_isr=725461
usb-sof-2ap: sof_streaming=568841 got=499392 miss_avail=6530 miss_unavail=62919 hw_unaatr pc0=100036f3 b0=00057055 pc1=100036bd b1=00037737 pc2=10003713 b2=00034818                                                
vail=69965
usb-audio-fix: fb_done=553382
usb-audio-okx: rx_bytes_total=95915200 rx_short_packets=7936
usb-pump-logring: backldrn c=00008254 s=00000000 z=00002207 bd=0000520704 bp=0000528735 dr=0000437233                                                
og_hwm=8192
a2dp: codec=LDAC bitrate=990000 fill=1728/4608 ovr_frames=0 und=4108 report_dt_us=1015486
wdt: USB_TIMER max_stale_ms=0 deadline_ms=100 enabled=1
wdt: USB_TASK max_stale_ms=0 deadline_ms=250 enabled=1
usb-audio: streaming rate=48000Hz ch=2 bits=16 measured=192005 B/s (210496 bytes / 1096ms)
usb-pump: packets=500490 log_drops=427028 report_dt_us=1096316
usb-pump-ractr s=0000000702 u=0000739499 t=0000054642 e=0000192501 p=0000096250 d=0000008951 c=0000038553 o=0000000000                   
ce: pump_ticks_run=726028 sof_isr=726558
usb-sof-2ap: sof_streaming=569938 got=500489 miss_avail=6530 miss_unavail=62919 hw_unaatr pc0=100036f3 b0=00057153 pc1=100036bd b1=00037801 pc2=10003713 b2=00034880                                                
vail=69965
usb-audio-fix: fb_done=554479
usb-audio-okx: rx_bytes_total=96125888 rx_short_packets=7952
usb-pump-logring: backldrn c=00008258 s=00000000 z=00002207 bd=0000521344 bp=0000529393 dr=0000438079                                                
og_hwm=8192
a2dp: codec=LDAC bitrate=990000 fill=1984/4608 ovr_frames=0 und=4108 report_dt_us=1096316
wdt: USB_TIMER max_stale_ms=0 deadline_ms=100 enabled=1
wdt: USB_TASK max_stale_ms=0 deadline_ms=250 enabled=1
usb-audio: streaming rate=48000Hz ch=2 bits=16 measured=190502 B/s (231816 bytes / 1216ms)
usb-pump: packets=501696 log_drops=427893 report_dt_us=1216859
usb-pump-ractr s=0000000703 u=0000740592 t=0000054739 e=0000192911 p=0000096455 d=0000008973 c=0000038628 o=0000000000                   
ce: pump_ticks_run=727234 sof_isr=727775
usb-sof-2ap: sof_streaming=571155 got=501696 miss_avail=6530 miss_unavail=62929 hw_unaatr pc0=100036f3 b0=00057251 pc1=100036bd b1=00037865 pc2=10003713 b2=00034942                                                
vail=69975
usb-audio-fix: fb_done=555685
usb-audio-okx: rx_bytes_total=96357704 rx_short_packets=7970
usb-pump-logring: backldrn c=00008262 s=00000000 z=00002207 bd=0000521984 bp=0000530015 dr=0000438962                                                
og_hwm=8192
a2dp: codec=LDAC bitrate=990000 fill=1864/4608 ovr_frames=0 und=4110 report_dt_us=1216859
a2dp: enc_max_us=1810 pkt_sent=94097 pkt_fail=0 misaligned=0
a2dp: tick_count=53626 worst_tick_interval_us=14467 enc_frames_total=188195
a2dp: frames_per_packet=1 credit_clamped_samples=4939373 credit_clamp_events=18379 flush_frames=0 resync_drops=0 fill_ema=1670 fill_min=220
wdt: USB_TIMER max_stale_ms=0 deadline_ms=100 enabled=1
wdt: USB_TASK max_stale_ms=0 deadline_ms=250 enabled=1
usb-audio: streaming rate=48000Hz ch=2 bits=16 measured=191836 B/s (207044 bytes / 1079ms)
usb-pump: packets=502775 log_drops=428477 report_dtctr s=0000000704 u=0000741809 t=0000054847 e=0000193366 p=0000096683 d=0000008996 c=0000038713 o=0000000000                   
_us=1079391
usb-pump-race: pump_ticks_run=728313 sof_isr=728854
usb-sof-2ap: sof_streaming=572234 got=502774 miss_avail=6530 matr pc0=100036f3 b0=00057349 pc1=100036bd b1=00037929 pc2=10003713 b2=00035004                                                
iss_unavail=62930 hw_unavail=69976
usb-audio-fix: fb_done=556764
usb-audio-okx: rx_bytes_total=96564748 rx_short_packets=7987drn c=00008267 s=00000000 z=00002207 bd=0000522880 bp=0000530903 dr=0000439578                                                

usb-pump-logring: backlog_hwm=8192
a2dp: codec=LDAC bitrate=990000 fill=2060/4608 ovr_frames=0 und=4110 report_dt_us=1079391
wdt: USB_TIMER max_stale_ms=0 deadline_ms=100 enabled=1
wdt: USB_TASK max_stale_ms=0 deadline_ms=250 enabled=1
usb-audio: streaming rate=48000Hz ch=2 bits=16 measured=191681 B/s (193976 bytes / 1011ms)
frame 8221: render=217948us blit=21637us total=2396ctr s=0000000705 u=0000742868 t=0000054941 e=0000193762 p=0000096881 d=0000009016 c=0000038787 o=0000000000                   
35us
usb-pump: packets=503785 log_drops=429342 report_dt_us=1012012
usb-pump-race: pump_ticks_run=729323 sof_isr=729866
usb-satr pc0=100036f3 b0=00057447 pc1=100036bd b1=00037993 pc2=10003713 b2=00035066                                                
of-2ap: sof_streaming=573246 got=503784 miss_avail=6530 miss_unavail=62932 hw_unavail=69978
usb-audio-fix: fb_done=557774
usb-drn c=00008271 s=00000000 z=00002207 bd=0000523520 bp=0000531561 dr=0000440424                                                
audio-okx: rx_bytes_total=96758724 rx_short_packets=8001
usb-pump-logring: backlog_hwm=8192
wdt: USB_TIMER max_stale_ms=0 deadline_ms=100 enabled=1
wdt: USB_TASK max_stale_ms=0 deadline_ms=250 enabled=1
usb-audio: streaming rate=48000Hz ch=2 bits=16 measured=191834 B/s (202240 bytes / 1054ms)
usb-pump: packets=504837 log_drops=430297 report_dt_us=1054067
usb-pump-race: pump_tctr s=0000000706 u=0000743951 t=0000055037 e=0000194168 p=0000097084 d=0000009039 c=0000038860 o=0000000000                   
icks_run=730375 sof_isr=730920
usb-sof-2ap: sof_streaming=574300 got=504836 miss_avail=6530 miss_unavail=62934 hw_unavail=69980atr pc0=100036f3 b0=00057545 pc1=100036bd b1=00038057 pc2=10003713 b2=00035128                                                

usb-audio-fix: fb_done=558826
usb-audio-okx: rx_bytes_total=96960772 rx_short_packets=8017
wdt: USB_TIMER max_stale_ms=0 deadrn c=00008275 s=00000000 z=00002207 bd=0000524160 bp=0000532219 dr=0000441271                                                
dline_ms=100 enabled=1
wdt: USB_TASK max_stale_ms=0 deadline_ms=250 enabled=1
usb-audio: streaming rate=48000Hz ch=2 bits=16 measured=191739 B/s (203968 bytes / 1063ms)
usb-pump: packets=505900 log_drops=431288 report_dt_us=1063887
usb-pump-race: pump_ticks_run=731438 sof_isr=731984
usb-sof-2ap: sof_streaming=575364 got=505899 miss_avail=6530 miss_unavail=62935 hw_unavail=6998ctr s=0000000707 u=0000745007 t=0000055130 e=0000194564 p=0000097282 d=0000009063 c=0000038929 o=0000000000                   
1
usb-audio-fix: fb_done=559889
usb-audio-okx: rx_bytes_total=97164932 rx_short_packets=8033
usb-pump-logring: backlog_hwm=81atr pc0=100036f3 b0=00057643 pc1=100036bd b1=00038121 pc2=10003713 b2=00035190                                                
92
a2dp: codec=LDAC bitrate=990000 fill=1668/4608 ovr_frames=0 und=4110 report_dt_us=1063887
wdt: USB_TIMER max_stale_ms=0 deadrn c=00008279 s=00000000 z=00002207 bd=0000524800 bp=0000532841 dr=0000442153                                                
dline_ms=100 enabled=1
wdt: USB_TASK max_stale_ms=0 deadline_ms=250 enabled=1
usb-audio: streaming rate=48000Hz ch=2 bits=16 measured=192056 B/s (197820 bytes / 1030ms)
usb-pump: packets=506930 log_drops=432152 report_dt_us=1030082
usb-pump-race: pump_ticks_run=732468 sof_isr=733014
usb-sof-2ap: sof_streaming=576394 got=506929 miss_avail=6530 miss_unavail=62935 hw_unavail=6998ctr s=0000000708 u=0000746039 t=0000055221 e=0000194951 p=0000097475 d=0000009086 c=0000038997 o=0000000000                   
1
usb-audio-fix: fb_done=560919
usb-audio-okx: rx_bytes_total=97362752 rx_short_packets=8048
usb-pump-logring: backlog_hwm=81atr pc0=100036f3 b0=00057741 pc1=100036bd b1=00038185 pc2=10003713 b2=00035190                                                
92
a2dp: codec=LDAC bitrate=990000 fill=1856/4608 ovr_frames=0 und=4110 report_dt_us=1030082
wdt: USB_TIMER max_stale_ms=0 deadrn c=00008283 s=00000000 z=00002207 bd=0000525440 bp=0000533494 dr=0000443061                                                
dline_ms=100 enabled=1
wdt: USB_TASK max_stale_ms=0 deadline_ms=250 enabled=1
usb-audio: streaming rate=48000Hz ch=2 bits=16 measured=192162 B/s (201472 bytes / 1048ms)
usb-pump: packets=507978 log_drops=433017 report_dt_us=1048249
usb-pump-race: pump_ticks_run=733516 sof_isr=734062
usb-sof-2ap: sof_streaming=577442 got=507977 miss_avail=6530 miss_unavail=62935 hw_unavail=6998ctr s=0000000709 u=0000747133 t=0000055318 e=0000195361 p=0000097680 d=0000009108 c=0000039072 o=0000000000                   
1
usb-audio-fix: fb_done=561967
usb-audio-okx: rx_bytes_total=97564032 rx_short_packets=8064
usb-pump-logring: backlog_hwm=81atr pc0=100036f3 b0=00057839 pc1=100036bd b1=00038249 pc2=10003713 b2=00035253                                                
92
a2dp: codec=LDAC bitrate=990000 fill=1920/4608 ovr_frames=0 und=4110 report_dt_us=1048249
wdt: USB_TIMER max_stale_ms=0 deadrn c=00008287 s=00000000 z=00002207 bd=0000526080 bp=0000534117 dr=0000443944                                                
dline_ms=100 enabled=1
wdt: USB_TASK max_stale_ms=0 deadline_ms=250 enabled=1
usb-audio: streaming rate=48000Hz ch=2 bits=16 measured=191970 B/s (201468 bytes / 1049ms)
usb-pump: packets=509028 log_drops=433882 report_dt_us=1049624
usb-pump-race: pump_ticks_run=734566 sof_isr=735112
usb-sof-2ap: sof_streaming=578492 got=509027 miss_avail=6530 miss_unavail=62935 hw_unavail=6998ctr s=0000000710 u=0000748158 t=0000055409 e=0000195745 p=0000097872 d=0000009128 c=0000039143 o=0000000000                   
1
usb-audio-fix: fb_done=563017
usb-audio-okx: rx_bytes_total=97765692 rx_short_packets=8079
usb-pump-logring: backlog_hwm=81atr pc0=100036f3 b0=00057937 pc1=100036bd b1=00038313 pc2=10003713 b2=00035316                                                
92
a2dp: codec=LDAC bitrate=990000 fill=1852/4608 ovr_frames=0 und=4110 report_dt_us=1049624
wdt: USB_TIMER max_stale_ms=0 deadrn c=00008291 s=00000000 z=00002207 bd=0000526720 bp=0000534776 dr=0000444791                                                
dline_ms=100 enabled=1
wdt: USB_TASK max_stale_ms=0 deadline_ms=250 enabled=1
usb-audio: streaming rate=48000Hz ch=2 bits=16 measured=192087 B/s (193592 bytes / 1007ms)
usb-pump: packets=510035 log_drops=434747 report_dt_us=1007697
usb-pump-race: pump_ticks_run=735573 sof_isr=736120
usb-sof-2ap: sof_streaming=579500 got=510035 miss_avail=6530 miss_unavail=62935 hw_unavail=6998ctr s=0000000711 u=0000749211 t=0000055502 e=0000196140 p=0000098070 d=0000009151 c=0000039213 o=0000000000                   
1
usb-audio-fix: fb_done=564025
usb-audio-okx: rx_bytes_total=97959284 rx_short_packets=8093
usb-pump-logring: backlog_hwm=81atr pc0=100036f3 b0=00058035 pc1=100036bd b1=00038377 pc2=10003713 b2=00035379                                                
92
a2dp: codec=LDAC bitrate=990000 fill=1908/4608 ovr_frames=0 und=4110 report_dt_us=1007697
wdt: USB_TIMER max_stale_ms=0 deadrn c=00008295 s=00000000 z=00002207 bd=0000527360 bp=0000535399 dr=0000445673                                                
dline_ms=100 enabled=1
wdt: USB_TASK max_stale_ms=0 deadline_ms=250 enabled=1
wdt: BTSTACK max_stale_ms=0 deadline_ms=1000 enabled=1
wdt: MEDIA max_stale_ms=0 deadline_ms=500 enabled=1
usb-audio: streaming rate=48000Hz ch=2 bits=16 measured=191920 B/s (198588 bytes / 1034ms)
usb-pump: packets=511069 log_drops=435503 report_dt_us=1034750
usb-pump-race: pump_ticks_run=736607 soctr s=0000000712 u=0000750262 t=0000055595 e=0000196534 p=0000098267 d=0000009174 c=0000039283 o=0000000000                   
f_isr=737154
usb-sof-2ap: sof_streaming=580534 got=511068 miss_avail=6530 miss_unavail=62936 hw_unavail=69982
usb-audio-fix: fatr pc0=100036f3 b0=00058133 pc1=100036bd b1=00038441 pc2=10003713 b2=00035442                                                
b_done=565058
usb-audio-okx: rx_bytes_total=98157680 rx_short_packets=8108
usb-pump-logring: backlog_hwm=8192
wdt: USB_TIMER drn c=00008299 s=00000000 z=00002207 bd=0000528000 bp=0000536058 dr=0000446520                                                
max_stale_ms=0 deadline_ms=100 enabled=1
wdt: USB_TASK max_stale_ms=0 deadline_ms=250 enabled=1
wdt: BTSTACK max_stale_ms=0 deadline_ms=1000 enabled=1
wdt: MEDIA max_stale_ms=0 deadline_ms=500 enabled=1
usb-audio: streaming rate=48000Hz ch=2 bits=16 measured=192104 B/s (198972 bytes / 1035ms)
usb-pump: packets=512105 log_drops=436350 report_dt_us=1035740
usb-pump-race: pump_ticks_run=737643 sof_isr=738190
usb-sof-2ap: sof_streaming=581570 got=512104 miss_avail=6530 miss_unavail=62936 hw_unavail=69982
usb-audio-fix: fb_done=566094
usb-audio-okx: rx_bytes_total=98356652 rx_short_packets=8123
wdt: USB_TIMER max_stale_ms=0 deactr s=0000000713 u=0000751507 t=0000055705 e=0000196999 p=0000098499 d=0000009202 c=0000039364 o=0000000000                   
dline_ms=100 enabled=1
wdt: USB_TASK max_stale_ms=0 deadline_ms=250 enabled=1
wdt: BTSTACK max_stale_ms=0 deadline_ms=1000 enaatr pc0=100036f3 b0=00058231 pc1=100036bd b1=00038505 pc2=10003713 b2=00035505                                                
bled=1
wdt: MEDIA max_stale_ms=0 deadline_ms=500 enabled=1
usb-audio: streaming rate=48000Hz ch=2 bits=16 measured=191846 B/s drn c=00008303 s=00000000 z=00002207 bd=0000528768 bp=0000536947 dr=0000447136                                                
(205312 bytes / 1070ms)
usb-pump: packets=513174 log_drops=437233 report_dt_us=1070196
usb-pump-race: pump_ticks_run=738712 sof_isr=739260
usb-sof-2ap: sof_streaming=582640 got=513173 miss_avail=6530 miss_unavail=62937 hw_unavail=69983
usb-audio-fix: fb_done=567163
usb-audio-okx: rx_bytes_total=98561964 rx_short_packets=8139
usb-pump-logring: backlog_hwm=8192
wdt: USB_TIMER ctr s=0000000714 u=0000752562 t=0000055799 e=0000197394 p=0000098697 d=0000009221 c=0000039439 o=0000000000                   
max_stale_ms=0 deadline_ms=100 enabled=1
wdt: USB_TASK max_stale_ms=0 deadline_ms=250 enabled=1
wdt: BTSTACK max_stale_ms=0 deatr pc0=100036f3 b0=00058329 pc1=100036bd b1=00038569 pc2=10003713 b2=00035568                                                
adline_ms=1000 enabled=1
wdt: MEDIA max_stale_ms=0 deadline_ms=500 enabled=1
usb-audio: streaming rate=48000Hz ch=2 bits=16 medrn c=00008307 s=00000000 z=00002207 bd=0000529408 bp=0000537588 dr=0000448000                                                
asured=192092 B/s (210112 bytes / 1093ms)
usb-pump: packets=514268 log_drops=438079 report_dt_us=1093806
usb-pump-race: pump_ticks_run=739806 sof_isr=740354
usb-sof-2ap: sof_streaming=583734 got=514267 miss_avail=6530 miss_unavail=62937 hw_unavail=69983
usb-audio-fix: fb_done=568257
usb-audio-okx: rx_bytes_total=98772076 rx_short_packets=8155
wdt: USB_TIMER max_stale_ms=0 deactr s=0000000715 u=0000753671 t=0000055898 e=0000197810 p=0000098905 d=0000009241 c=0000039518 o=0000000000                   
dline_ms=100 enabled=1
wdt: USB_TASK max_stale_ms=0 deadline_ms=250 enabled=1
wdt: BTSTACK max_stale_ms=0 deadline_ms=1000 enaatr pc0=100036f3 b0=00058427 pc1=100036bd b1=00038633 pc2=10003713 b2=00035631                                                
bled=1
wdt: MEDIA max_stale_ms=0 deadline_ms=500 enabled=1
usb-audio: streaming rate=48000Hz ch=2 bits=16 measured=191491 B/s drn c=00008311 s=00000000 z=00002207 bd=0000530048 bp=0000538229 dr=0000448865                                                
(232968 bytes / 1216ms)
usb-pump: packets=515481 log_drops=438962 report_dt_us=1216627
usb-pump-race: pump_ticks_run=741020 sof_isr=741571
usb-sof-2ap: sof_streaming=584951 got=515481 miss_avail=6530 miss_unavail=62940 hw_unavail=69986
usb-audio-fix: fb_done=569471
usb-audio-okx: rx_bytes_total=99005236 rx_short_packets=8173
usb-pump-logring: backlog_hwm=8192
a2dp: codec=LDActr s=0000000716 u=0000754769 t=0000055995 e=0000198222 p=0000099111 d=0000009265 c=0000039591 o=0000000000                   
C bitrate=990000 fill=1844/4608 ovr_frames=0 und=4110 report_dt_us=1216627
a2dp: enc_max_us=1810 pkt_sent=96683 pkt_fail=0 misaatr pc0=100036f3 b0=00058525 pc1=100036bd b1=00038697 pc2=10003713 b2=00035694                                                
ligned=0
a2dp: tick_count=54847 worst_tick_interval_us=14467 enc_frames_total=193366
wdt: USB_TIMER max_stale_ms=0 deadline_msdrn c=00008315 s=00000000 z=00002207 bd=0000530688 bp=0000538870 dr=0000449730                                                
=100 enabled=1
wdt: USB_TASK max_stale_ms=0 deadline_ms=250 enabled=1
wdt: BTSTACK max_stale_ms=0 deadline_ms=1000 enabled=1
wdt: MEDIA max_stale_ms=0 deadline_ms=500 enabled=1
usb-audio: streaming rate=48000Hz ch=2 bits=16 measured=191547 B/s (202624 bytes / 1057ms)
usb-pump: packets=516536 log_drops=439578 report_dt_us=1057814
usb-pump-race: pump_ticks_run=742074 sof_isr=742629
usb-sof-2ap: sof_streaming=586009 got=516536 miss_avail=6530 miss_unavail=62943 hw_unavail=69989
usb-audio-fix: fb_done=570526
usb-audio-okx: rx_bytes_total=99207860 rx_short_packets=8189
usb-pump-logring: backlog_hwm=8192
wdt: USB_TIMER max_stalctr s=0000000717 u=0000755985 t=0000056103 e=0000198677 p=0000099338 d=0000009288 c=0000039675 o=0000000000                   
e_ms=0 deadline_ms=100 enabled=1
wdt: USB_TASK max_stale_ms=0 deadline_ms=250 enabled=1
wdt: BTSTACK max_stale_ms=0 deadline_matr pc0=100036f3 b0=00058623 pc1=100036bd b1=00038761 pc2=10003713 b2=00035757                                                
s=1000 enabled=1
wdt: MEDIA max_stale_ms=0 deadline_ms=500 enabled=1
usb-audio: streaming rate=48000Hz ch=2 bits=16 measured=1drn c=00008320 s=00000000 z=00002207 bd=0000531584 bp=0000539749 dr=0000450356                                                
92113 B/s (208192 bytes / 1083ms)
usb-pump: packets=517620 log_drops=440424 report_dt_us=1083674
usb-pump-race: pump_ticks_run=743158 sof_isr=743712
usb-sof-2ap: sof_streaming=587092 got=517619 miss_avail=6530 miss_unavail=62943 hw_unavail=69989
usb-audio-fix: fb_done=571609
usb-audio-okx: rx_bytes_total=99415860 rx_short_packets=8205
usb-pump-logring: backlog_hwm=8192
wdt: ctr s=0000000718 u=0000757072 t=0000056199 e=0000199085 p=0000099542 d=0000009312 c=0000039747 o=0000000000                   
USB_TIMER max_stale_ms=0 deadline_ms=100 enabled=1
wdt: USB_TASK max_stale_ms=0 deadline_ms=250 enabled=1
wdt: BTSTACK max_staatr pc0=100036f3 b0=00058721 pc1=100036bd b1=00038825 pc2=10003713 b2=00035820                                                
le_ms=0 deadline_ms=1000 enabled=1
wdt: MEDIA max_stale_ms=0 deadline_ms=500 enabled=1
usb-audio: streaming rate=48000Hz ch=2 drn c=00008324 s=00000000 z=00002207 bd=0000532224 bp=0000540390 dr=0000451221                                                
bits=16 measured=191830 B/s (202624 bytes / 1056ms)
usb-pump: packets=518675 log_drops=441271 report_dt_us=1056277
usb-pump-race: pump_ticks_run=744213 sof_isr=744769
usb-sof-2ap: sof_streaming=588149 got=518675 miss_avail=6530 miss_unavail=62944 hw_unavail=69990
usb-audio-fix: fb_done=572664
usb-audio-okx: rx_bytes_total=99618484 rx_short_packets=8221
wdt: USB_TIMER max_stalctr s=0000000719 u=0000758128 t=0000056292 e=0000199481 p=0000099740 d=0000009336 c=0000039816 o=0000000000                   
e_ms=0 deadline_ms=100 enabled=1
wdt: USB_TASK max_stale_ms=0 deadline_ms=250 enabled=1
wdt: BTSTACK max_stale_ms=0 deadline_matr pc0=100036f3 b0=00058819 pc1=100036bd b1=00038889 pc2=10003713 b2=00035883                                                
s=1000 enabled=1
wdt: MEDIA max_stale_ms=0 deadline_ms=500 enabled=1
frame 8281: render=247226us blit=21315us total=268592us
drn c=00008328 s=00000000 z=00002207 bd=0000532864 bp=0000541031 dr=0000452086                                                
usb-audio: streaming rate=48000Hz ch=2 bits=16 measured=191908 B/s (198016 bytes / 1031ms)
usb-pump: packets=519706 log_drops=442153 report_dt_us=1031796
usb-pump-race: pump_ticks_run=745244 sof_isr=745800
usb-sof-2ap: sof_streaming=589180 got=519705 miss_avail=6530 miss_unavail=62945 hw_unavail=69991
usb-audio-fix: fb_done=573695
usb-pump-logring: backlog_hwm=8192
wdt: USB_Tctr s=0000000720 u=0000759166 t=0000056383 e=0000199870 p=0000099935 d=0000009361 c=0000039882 o=0000000000                   
IMER max_stale_ms=0 deadline_ms=100 enabled=1
wdt: USB_TASK max_stale_ms=0 deadline_ms=250 enabled=1
wdt: BTSTACK max_stale_msatr pc0=100036f3 b0=00058917 pc1=100036bd b1=00038953 pc2=10003713 b2=00035946                                                
=0 deadline_ms=1000 enabled=1
wdt: MEDIA max_stale_ms=0 deadline_ms=500 enabled=1
usb-audio: streaming rate=48000Hz ch=2 bits=drn c=00008332 s=00000000 z=00002207 bd=0000533504 bp=0000541672 dr=0000452951                                                
16 measured=191848 B/s (209920 bytes / 1094ms)
usb-pump: packets=520799 log_drops=443061 report_dt_us=1094202
usb-pump-race: pump_ticks_run=746337 sof_isr=746895
usb-sof-2ap: sof_streaming=590275 got=520799 miss_avail=6530 miss_unavail=62946 hw_unavail=69992
usb-audio-fix: fb_done=574788
usb-audio-okx: rx_bytes_total=100026420 rx_short_packets=8253
wdt: USB_TIMER max_stale_ms=0 deadline_ms=100 enabled=1
wdt: USB_TASK max_stale_ms=0 deadline_ms=250 enabled=1
wdt: BTSTACK max_stale_ms=0 deadline_ms=1000 enabled=1
wdt: MEDIA max_stale_ms=0 deadline_ms=500 enabled=1
usb-audio: streaming rate=48000Hz ch=2 bits=16 measured=19205ctr s=0000000721 u=0000760408 t=0000056493 e=0000200335 p=0000100167 d=0000009386 c=0000039967 o=0000000000                   
6 B/s (196864 bytes / 1025ms)
usb-pump: packets=521824 log_drops=443944 report_dt_us=1025062
usb-pump-race: pump_ticks_run=747atr pc0=100036f3 b0=00059015 pc1=100036bd b1=00039017 pc2=10003713 b2=00036009                                                
362 sof_isr=747920
usb-sof-2ap: sof_streaming=591300 got=521824 miss_avail=6530 miss_unavail=62946 hw_unavail=69992
usb-audio-drn c=00008337 s=00000000 z=00002207 bd=0000534400 bp=0000542552 dr=0000453579                                                
fix: fb_done=575813
usb-audio-okx: rx_bytes_total=100223284 rx_short_packets=8269
usb-pump-logring: backlog_hwm=8192
wdt: USB_TIMER max_stale_ms=0 deadline_ms=100 enabled=1
wdt: USB_TASK max_stale_ms=0 deadline_ms=250 enabled=1
wdt: BTSTACK max_stale_ms=0 deadline_ms=1000 enabled=1
wdt: MEDIA max_stale_ms=0 deadline_ms=500 enabled=1
usb-audio: streaming rate=48000Hz ch=2 bitctr s=0000000722 u=0000761456 t=0000056586 e=0000200728 p=0000100364 d=0000009407 c=0000040039 o=0000000000                   
s=16 measured=192038 B/s (202044 bytes / 1052ms)
usb-pump: packets=522876 log_drops=444791 report_dt_us=1052112
usb-pump-race:atr pc0=100036f3 b0=00059113 pc1=100036bd b1=00039081 pc2=10003713 b2=00036072                                                
 pump_ticks_run=748414 sof_isr=748972
usb-sof-2ap: sof_streaming=592352 got=522876 miss_avail=6530 miss_unavail=62946 hw_unavaidrn c=00008341 s=00000000 z=00002207 bd=0000535040 bp=0000543212 dr=0000454484                                                
l=69992
usb-audio-fix: fb_done=576866
usb-audio-okx: rx_bytes_total=100425520 rx_short_packets=8284
wdt: USB_TIMER max_stale_ms=0 deadline_ms=100 enabled=1
wdt: USB_TASK max_stale_ms=0 deadline_ms=250 enabled=1
wdt: BTSTACK max_stale_ms=0 deadline_ms=1000 enabled=1
wdt: MEDIA max_stale_ms=0 deadline_ms=500 enabled=1
usb-audio: streaming rate=48000Hz ch=2 bits=16 measured=192ctr s=0000000723 u=0000762498 t=0000056678 e=0000201119 p=0000100559 d=0000009431 c=0000040107 o=0000000000                   
098 B/s (201856 bytes / 1050ms)
usb-pump: packets=523928 log_drops=445673 report_dt_us=1051604
usb-pump-race: pump_ticks_run=7atr pc0=100036f3 b0=00059211 pc1=100036bd b1=00039145 pc2=10003713 b2=00036135                                                
49466 sof_isr=750023
usb-sof-2ap: sof_streaming=593403 got=523927 miss_avail=6530 miss_unavail=62946 hw_unavail=69992
usb-audidrn c=00008345 s=00000000 z=00002207 bd=0000535680 bp=0000543853 dr=0000455351                                                
o-fix: fb_done=577917
usb-audio-okx: rx_bytes_total=100627376 rx_short_packets=8300
usb-pump-logring: backlog_hwm=8192
wdt: USB_TIMER max_stale_ms=0 deadline_ms=100 enabled=1
wdt: USB_TASK max_stale_ms=0 deadline_ms=250 enabled=1
wdt: BTSTACK max_stale_ms=0 deadline_ms=1000 enabled=1
wdt: MEDIA max_stale_ms=0 deadline_ms=500 enabled=1
usb-audio: streaming rate=48000Hz ch=2 bctr s=0000000724 u=0000763525 t=0000056769 e=0000201504 p=0000100752 d=0000009453 c=0000040176 o=0000000000                   
its=16 measured=190882 B/s (237960 bytes / 1246ms)
usb-pump: packets=525166 log_drops=446520 report_dt_us=1245782
usb-pump-racatr pc0=100036f3 b0=00059309 pc1=100036bd b1=00039209 pc2=10003713 b2=00036198                                                
e: pump_ticks_run=750704 sof_isr=751269
usb-sof-2ap: sof_streaming=594649 got=525165 miss_avail=6530 miss_unavail=62954 hw_unavdrn c=00008349 s=00000000 z=00002207 bd=0000536320 bp=0000544494 dr=0000456219                                                
ail=70000
usb-audio-fix: fb_done=579155
usb-audio-okx: rx_bytes_total=100865144 rx_short_packets=8318
usb-pump-logring: backlog_hwm=8192
a2dp: codec=LDAC bitrate=990000 fill=1656/4608 ovr_frames=0 und=4111 report_dt_us=1245782
a2dp: enc_max_us=1810 pkt_sent=98499 pkt_fail=0 misaligned=0
a2dp: tick_count=55705 worst_tick_interval_us=14467 enc_frames_total=196999
wdt: USB_TIMEctr s=0000000725 u=0000764599 t=0000056864 e=0000201906 p=0000100953 d=0000009475 c=0000040249 o=0000000000                   
R max_stale_ms=0 deadline_ms=100 enabled=1
wdt: USB_TASK max_stale_ms=0 deadline_ms=250 enabled=1
usb-audio: streaming rate=48atr pc0=100036f3 b0=00059407 pc1=100036bd b1=00039273 pc2=10003713 b2=00036261                                                
000Hz ch=2 bits=16 measured=191769 B/s (202240 bytes / 1054ms)
usb-pump: packets=526219 log_drops=447245 report_dt_us=1054626
drn c=00008353 s=00000000 z=00002207 bd=0000536960 bp=0000545135 dr=0000457086                                                
usb-pump-race: pump_ticks_run=751757 sof_isr=752324
usb-sof-2ap: sof_streaming=595704 got=526219 miss_avail=6530 miss_unavail=62955 hw_unavail=70001
usb-audio-fix: fb_done=580209
usb-audio-okx: rx_bytes_total=101067576 rx_short_packets=8334
usb-pump-logring: backlog_hwm=8192
a2dp: codec=LDAC bitrate=990000 fill=1848/4608 ovr_frames=0 und=4111 report_dt_us=1054626
wdt: USB_TIMctr s=0000000726 u=0000765668 t=0000056959 e=0000202307 p=0000101153 d=0000009496 c=0000040323 o=0000000000                   
ER max_stale_ms=0 deadline_ms=100 enabled=1
wdt: USB_TASK max_stale_ms=0 deadline_ms=250 enabled=1
usb-audio: streaming rate=4atr pc0=100036f3 b0=00059505 pc1=100036bd b1=00039337 pc2=10003713 b2=00036324                                                
8000Hz ch=2 bits=16 measured=192045 B/s (212996 bytes / 1109ms)
usb-pump: packets=527329 log_drops=448109 report_dt_us=1109212drn c=00008357 s=00000000 z=00002207 bd=0000537600 bp=0000545776 dr=0000457954                                                

usb-pump-race: pump_ticks_run=752867 sof_isr=753433
usb-sof-2ap: sof_streaming=596813 got=527328 miss_avail=6530 miss_unavail=62955 hw_unavail=70001
usb-audio-fix: fb_done=581318
usb-audio-okx: rx_bytes_total=101280572 rx_short_packets=8351
usb-pump-logring: backlog_hwm=8192
a2dp: codec=LDAC bitrate=990000 fill=1852/4608 ovr_frames=0 und=4111 report_dt_us=1109212
wdt: USB_TIctr s=0000000727 u=0000766719 t=0000057051 e=0000202701 p=0000101350 d=0000009522 c=0000040389 o=0000000000                   
MER max_stale_ms=0 deadline_ms=100 enabled=1
wdt: USB_TASK max_stale_ms=0 deadline_ms=250 enabled=1
usb-audio: streaming rate=atr pc0=100036f3 b0=00059603 pc1=100036bd b1=00039401 pc2=10003713 b2=00036387                                                
48000Hz ch=2 bits=16 measured=192119 B/s (210880 bytes / 1097ms)
usb-pump: packets=528426 log_drops=448974 report_dt_us=1097527drn c=00008361 s=00000000 z=00002207 bd=0000538240 bp=0000546417 dr=0000458822                                                

usb-pump-race: pump_ticks_run=753964 sof_isr=754530
usb-sof-2ap: sof_streaming=597911 got=528426 miss_avail=6530 miss_unavail=62955 hw_unavail=70001
usb-audio-fix: fb_done=582415
usb-audio-okx: rx_bytes_total=101491260 rx_short_packets=8367
usb-pump-logring: backlog_hwm=8192
a2dp: codec=LDAC bitrate=990000 fill=1596/4608 ovr_frames=0 und=4111 report_dt_us=1097527
wdt: USB_Tctr s=0000000728 u=0000767762 t=0000057143 e=0000203091 p=0000101545 d=0000009544 c=0000040459 o=0000000000                   
IMER max_stale_ms=0 deadline_ms=100 enabled=1
wdt: USB_TASK max_stale_ms=0 deadline_ms=250 enabled=1
usb-audio: streaming rateatr pc0=100036f3 b0=00059701 pc1=100036bd b1=00039465 pc2=10003713 b2=00036450                                                
=48000Hz ch=2 bits=16 measured=191905 B/s (233348 bytes / 1215ms)
usb-pump: packets=529641 log_drops=449839 report_dt_us=121594drn c=00008365 s=00000000 z=00002207 bd=0000538880 bp=0000547058 dr=0000459689                                                
6
usb-pump-race: pump_ticks_run=755179 sof_isr=755746
usb-sof-2ap: sof_streaming=599126 got=529640 miss_avail=6530 miss_unavail=62956 hw_unavail=70002
usb-audio-fix: fb_done=583630
usb-audio-okx: rx_bytes_total=101724608 rx_short_packets=8384
usb-pump-logring: backlog_hwm=8192
a2dp: codec=LDAC bitrate=990000 fill=1984/4608 ovr_frames=0 und=4111 report_dt_us=1215946
a2dp: enc_max_us=1810 pkt_sent=99338 pkt_fail=0 misaligned=0
a2dp: tick_count=56103 worst_tick_interval_us=14467 enc_frames_total=198677
a2dp: stop_credit=39675 stop_queue_full=16 stop_ring_empty=4111 stop_dwell=9288 fill_short_read=0
wdt: USB_TIMER max_stale_msctr s=0000000729 u=0000768995 t=0000057252 e=0000203552 p=0000101776 d=0000009569 c=0000040543 o=0000000000                   
=0 deadline_ms=100 enabled=1
wdt: USB_TASK max_stale_ms=0 deadline_ms=250 enabled=1
usb-audio: streaming rate=48000Hz ch=2 bitatr pc0=100036f3 b0=00059799 pc1=100036bd b1=00039529 pc2=10003713 b2=00036513                                                
s=16 measured=191825 B/s (208580 bytes / 1087ms)
usb-pump: packets=530727 log_drops=450465 report_dt_us=1087357
usb-pump-race:drn c=00008370 s=00000000 z=00002207 bd=0000539776 bp=0000547938 dr=0000460317                                                
 pump_ticks_run=756266 sof_isr=756834
usb-sof-2ap: sof_streaming=600214 got=530727 miss_avail=6530 miss_unavail=62957 hw_unavail=70003
usb-audio-fix: fb_done=584717
usb-audio-okx: rx_bytes_total=101933380 rx_short_packets=8401
usb-pump-logring: backlog_hwm=8192
a2dp: codec=LDAC bitrate=990000 fill=1860/4608 ovr_frames=0 und=4111 report_dt_us=1087357
wdt: USB_TIMER max_stale_mctr s=0000000730 u=0000770066 t=0000057347 e=0000203954 p=0000101977 d=0000009591 c=0000040616 o=0000000000                   
s=0 deadline_ms=100 enabled=1
wdt: USB_TASK max_stale_ms=0 deadline_ms=250 enabled=1
usb-audio: streaming rate=48000Hz ch=2 biatr pc0=100036f3 b0=00059897 pc1=100036bd b1=00039593 pc2=10003713 b2=00036576                                                
ts=16 measured=192152 B/s (202816 bytes / 1055ms)
usb-pump: packets=531783 log_drops=451330 report_dt_us=1055483
usb-pump-racedrn c=00008374 s=00000000 z=00002207 bd=0000540416 bp=0000548579 dr=0000461185                                                
: pump_ticks_run=757321 sof_isr=757889
usb-sof-2ap: sof_streaming=601269 got=531782 miss_avail=6530 miss_unavail=62957 hw_unavail=70003
usb-audio-fix: fb_done=585772
usb-audio-okx: rx_bytes_total=102136004 rx_short_packets=8417
usb-pump-logring: backlog_hwm=8192
a2dp: codec=LDAC bitrate=990000 fill=1732/4608 ovr_frames=0 und=4111 report_dt_us=1055483
wdt: USB_TIMER max_stale_ctr s=0000000731 u=0000771108 t=0000057439 e=0000204344 p=0000102172 d=0000009613 c=0000040686 o=0000000000                   
ms=0 deadline_ms=100 enabled=1
wdt: USB_TASK max_stale_ms=0 deadline_ms=250 enabled=1
usb-audio: streaming rate=48000Hz ch=2 batr pc0=100036f3 b0=00059995 pc1=100036bd b1=00039657 pc2=10003713 b2=00036639                                                
its=16 measured=191842 B/s (198972 bytes / 1037ms)
usb-pump: packets=532820 log_drops=452195 report_dt_us=1038014
usb-pump-racdrn c=00008378 s=00000000 z=00002207 bd=0000541056 bp=0000549220 dr=0000462052                                                
e: pump_ticks_run=758358 sof_isr=758927
usb-sof-2ap: sof_streaming=602307 got=532819 miss_avail=6530 miss_unavail=62958 hw_unavail=70004
usb-audio-fix: fb_done=586809
usb-audio-okx: rx_bytes_total=102335168 rx_short_packets=8432
usb-pump-logring: backlog_hwm=8192
a2dp: codec=LDAC bitrate=990000 fill=1728/4608 ovr_frames=0 und=4111 report_dt_us=1038014
wdt: USB_TIMER max_stale_ms=0 deadline_ms=100 enabled=1
wdt: USB_TASK max_stale_ms=0 deadline_ms=250 enabled=1
usb-audio: streaming rate=48000Hz ch=2 bits=16 measured=191796 B/s (238540 bytes / 1243ms)
usb-pump: packets=534061 log_drops=453060 report_dt_us=1242861
usb-pump-ractr s=0000000732 u=0000772227 t=0000057539 e=0000204764 p=0000102382 d=0000009635 c=0000040764 o=0000000000                   
ce: pump_ticks_run=759599 sof_isr=760170
usb-sof-2ap: sof_streaming=603550 got=534060 miss_avail=6530 miss_unavail=62960 hw_unaatr pc0=100036f3 b0=00060093 pc1=100036bd b1=00039721 pc2=10003713 b2=00036702                                                
vail=70006
usb-audio-fix: fb_done=588050
usb-audio-okx: rx_bytes_total=102573516 rx_short_packets=8451
usb-pump-logring: backdrn c=00008383 s=00000000 z=00002207 bd=0000541952 bp=0000550142 dr=0000462638                                                
log_hwm=8192
a2dp: codec=LDAC bitrate=990000 fill=1996/4608 ovr_frames=0 und=4111 report_dt_us=1242861
a2dp: enc_max_us=1810 pkt_sent=100167 pkt_fail=0 misaligned=0
a2dp: tick_count=56493 worst_tick_interval_us=14467 enc_frames_total=200335
a2dp: stop_credit=39967 stop_queue_full=16 stop_ring_empty=4111 stop_dwell=9386 fill_short_read=0
wdt: USB_TIMER max_stale_ms=0 deadline_mctr s=0000000733 u=0000773297 t=0000057634 e=0000205165 p=0000102582 d=0000009657 c=0000040837 o=0000000000                   
s=100 enabled=1
wdt: USB_TASK max_stale_ms=0 deadline_ms=250 enabled=1
wdt: MEDIA max_stale_ms=0 deadline_ms=500 enabled=1
usatr pc0=100036f3 b0=00060191 pc1=100036bd b1=00039785 pc2=10003713 b2=00036765                                                
b-audio: streaming rate=48000Hz ch=2 bits=16 measured=191744 B/s (200896 bytes / 1047ms)
frame 8341: render=256869us blit=21264drn c=00008387 s=00000000 z=00002207 bd=0000542592 bp=0000550783 dr=0000463505                                                
us total=278185us
usb-pump: packets=535108 log_drops=453635 report_dt_us=1047900
usb-pump-race: pump_ticks_run=760646 sof_isr=761218
usb-sof-2ap: sof_streaming=604598 got=535107 miss_avail=6530 miss_unavail=62961 hw_unavail=70007
usb-audio-fix: fb_done=589097
usb-audio-okx: rx_bytes_total=102774604 rx_short_packets=8467
usb-pump-logring: backlog_hwm=8192
wdt: USB_TIMER max_sctr s=0000000734 u=0000774333 t=0000057725 e=0000205552 p=0000102776 d=0000009680 c=0000040905 o=0000000000                   
tale_ms=0 deadline_ms=100 enabled=1
wdt: USB_TASK max_stale_ms=0 deadline_ms=250 enabled=1
usb-audio: streaming rate=48000Hz catr pc0=100036f3 b0=00060289 pc1=100036bd b1=00039849 pc2=10003713 b2=00036828                                                
h=2 bits=16 measured=192011 B/s (200128 bytes / 1042ms)
usb-pump: packets=536149 log_drops=454593 report_dt_us=1042096
usb-pumdrn c=00008391 s=00000000 z=00002207 bd=0000543232 bp=0000551424 dr=0000464372                                                
p-race: pump_ticks_run=761687 sof_isr=762260
usb-sof-2ap: sof_streaming=605640 got=536148 miss_avail=6530 miss_unavail=62962 hw_unavail=70008
usb-audio-fix: fb_done=590138
usb-audio-okx: rx_bytes_total=102974540 rx_short_packets=8483
usb-pump-logring: backlog_hwm=8192
a2dp: codec=LDAC bitrate=990000 fill=1612/4608 ovr_frames=0 und=4111 report_dt_us=1042096
wdt: USB_TIMER max_ctr s=0000000735 u=0000775412 t=0000057821 e=0000205957 p=0000102978 d=0000009702 c=0000040979 o=0000000000                   
stale_ms=0 deadline_ms=100 enabled=1
wdt: USB_TASK max_stale_ms=0 deadline_ms=250 enabled=1
usb-audio: streaming rate=48000Hz atr pc0=100036f3 b0=00060387 pc1=100036bd b1=00039913 pc2=10003713 b2=00036891                                                
ch=2 bits=16 measured=191900 B/s (197052 bytes / 1026ms)
usb-pump: packets=537176 log_drops=455460 report_dt_us=1026958
usb-pudrn c=00008395 s=00000000 z=00002207 bd=0000543872 bp=0000552037 dr=0000465268                                                
mp-race: pump_ticks_run=762714 sof_isr=763287
usb-sof-2ap: sof_streaming=606667 got=537175 miss_avail=6530 miss_unavail=62962 hw_unavail=70008
usb-audio-fix: fb_done=591165
usb-audio-okx: rx_bytes_total=103171784 rx_short_packets=8498
usb-pump-logring: backlog_hwm=8192
a2dp: codec=LDAC bitrate=990000 fill=1736/4608 ovr_frames=0 und=4111 report_dt_us=1026958
wdt: USB_TIMER maxctr s=0000000736 u=0000776443 t=0000057912 e=0000206343 p=0000103171 d=0000009725 c=0000041047 o=0000000000                   
_stale_ms=0 deadline_ms=100 enabled=1
wdt: USB_TASK max_stale_ms=0 deadline_ms=250 enabled=1
usb-audio: streaming rate=48000Hzatr pc0=100036f3 b0=00060485 pc1=100036bd b1=00039977 pc2=10003713 b2=00036954                                                
 ch=2 bits=16 measured=191979 B/s (206084 bytes / 1073ms)
usb-pump: packets=538248 log_drops=456328 report_dt_us=1073357
usb-pdrn c=00008399 s=00000000 z=00002207 bd=0000544512 bp=0000552678 dr=0000466135                                                
ump-race: pump_ticks_run=763786 sof_isr=764360
usb-sof-2ap: sof_streaming=607741 got=538248 miss_avail=6530 miss_unavail=62963 hw_unavail=70009
usb-audio-fix: fb_done=592237
usb-audio-okx: rx_bytes_total=103377676 rx_short_packets=8515
usb-pump-logring: backlog_hwm=8192
a2dp: codec=LDAC bitrate=990000 fill=1804/4608 ovr_frames=0 und=4111 report_dt_us=1073357
wdt: USB_TIMER max_stale_ms=0 deadline_ms=100 enabled=1
wdt: USB_TASK max_stale_ms=0 deadline_ms=250 enabled=1
usb-audio: streaming rate=48000Hz ch=2 bits=16 measured=192013 B/s (205308 bytes / 1069ms)
usb-pump: packets=539317 log_drops=457195 report_dt_us=1069245
usb-ctr s=0000000737 u=0000777621 t=0000058016 e=0000206784 p=0000103392 d=0000009750 c=0000041126 o=0000000000                   
pump-race: pump_ticks_run=764855 sof_isr=765430
usb-sof-2ap: sof_streaming=608810 got=539317 miss_avail=6530 miss_unavail=62963atr pc0=100036f3 b0=00060583 pc1=100036bd b1=00040041 pc2=10003713 b2=00037017                                                
 hw_unavail=70009
usb-audio-fix: fb_done=593307
usb-audio-okx: rx_bytes_total=103583176 rx_short_packets=8530
usb-pump-logrindrn c=00008404 s=00000000 z=00002207 bd=0000545408 bp=0000553516 dr=0000466862                                                
g: backlog_hwm=8192
a2dp: codec=LDAC bitrate=990000 fill=1992/4608 ovr_frames=0 und=4111 report_dt_us=1069245
wdt: USB_TIMER max_stale_ms=0 deadline_ms=100 enabled=1
wdt: USB_TASK max_stale_ms=0 deadline_ms=250 enabled=1
usb-audio: streaming rate=48000Hz ch=2 bits=16 measured=191824 B/s (201664 bytes / 1051ms)
usb-pump: packets=540368 log_drops=458063 report_dt_us=1051403
usbctr s=0000000738 u=0000778680 t=0000058110 e=0000207181 p=0000103590 d=0000009771 c=0000041199 o=0000000000                   
-pump-race: pump_ticks_run=765906 sof_isr=766481
usb-sof-2ap: sof_streaming=609861 got=540367 miss_avail=6530 miss_unavail=6296atr pc0=100036f3 b0=00060681 pc1=100036bd b1=00040105 pc2=10003713 b2=00037080                                                
4 hw_unavail=70010
usb-audio-fix: fb_done=594357
usb-audio-okx: rx_bytes_total=103784840 rx_short_packets=8546
usb-pump-logridrn c=00008408 s=00000000 z=00002207 bd=0000546048 bp=0000554213 dr=0000467674                                                
ng: backlog_hwm=8192
a2dp: codec=LDAC bitrate=990000 fill=1928/4608 ovr_frames=0 und=4111 report_dt_us=1051403
wdt: USB_TIMER max_stale_ms=0 deadline_ms=100 enabled=1
wdt: USB_TASK max_stale_ms=0 deadline_ms=250 enabled=1
usb-audio: streaming rate=48000Hz ch=2 bits=16 measured=191508 B/s (199744 bytes / 1043ms)
usb-pump: packets=541407 log_drops=458931 report_dt_us=1042995
usctr s=0000000739 u=0000779763 t=0000058206 e=0000207587 p=0000103793 d=0000009793 c=0000041273 o=0000000000                   
b-pump-race: pump_ticks_run=766945 sof_isr=767524
usb-sof-2ap: sof_streaming=610904 got=541406 miss_avail=6530 miss_unavail=629atr pc0=100036f3 b0=00060779 pc1=100036bd b1=00040169 pc2=10003713 b2=00037143                                                
68 hw_unavail=70014
usb-audio-fix: fb_done=595396
usb-audio-okx: rx_bytes_total=103984392 rx_short_packets=8562
usb-pump-logrdrn c=00008412 s=00000000 z=00002207 bd=0000546688 bp=0000554854 dr=0000468542                                                
ing: backlog_hwm=8192
a2dp: codec=LDAC bitrate=990000 fill=1800/4608 ovr_frames=0 und=4111 report_dt_us=1042995
wdt: USB_TIMER max_stale_ms=0 deadline_ms=100 enabled=1
wdt: USB_TASK max_stale_ms=0 deadline_ms=250 enabled=1
usb-audio: streaming rate=48000Hz ch=2 bits=16 measured=191505 B/s (235852 bytes / 1231ms)
usb-pump: packets=542635 log_drops=459798 report_dt_us=1231473
uctr s=0000000740 u=0000780764 t=0000058294 e=0000207963 p=0000103981 d=0000009817 c=0000041337 o=0000000000                   
sb-pump-race: pump_ticks_run=768173 sof_isr=768756
usb-sof-2ap: sof_streaming=612136 got=542635 miss_avail=6530 miss_unavail=62atr pc0=100036f3 b0=00060877 pc1=100036bd b1=00040233 pc2=10003713 b2=00037206                                                
971 hw_unavail=70017
usb-audio-fix: fb_done=596624
usb-audio-okx: rx_bytes_total=104220244 rx_short_packets=8581
usb-pump-logdrn c=00008416 s=00000000 z=00002207 bd=0000547328 bp=0000555495 dr=0000469409                                                
ring: backlog_hwm=8192
a2dp: codec=LDAC bitrate=990000 fill=1620/4608 ovr_frames=0 und=4111 report_dt_us=1231473
a2dp: enc_max_us=1810 pkt_sent=101776 pkt_fail=0 misaligned=0
a2dp: tick_count=57252 worst_tick_interval_us=14467 enc_frames_total=203552
a2dp: stop_credit=40543 stop_queue_full=16 stop_ring_empty=4111 stop_dwell=9569 fill_short_read=0
wdt: USB_TIMER max_stale_ms=0 ctr s=0000000741 u=0000781845 t=0000058390 e=0000208368 p=0000104184 d=0000009838 c=0000041412 o=0000000000                   
deadline_ms=100 enabled=1
wdt: USB_TASK max_stale_ms=0 deadline_ms=250 enabled=1
usb-audio: streaming rate=48000Hz ch=2 bits=1atr pc0=100036f3 b0=00060975 pc1=100036bd b1=00040297 pc2=10003713 b2=00037269                                                
6 measured=192048 B/s (205888 bytes / 1072ms)
usb-pump: packets=543707 log_drops=460426 report_dt_us=1072060
usb-pump-race: pudrn c=00008420 s=00000000 z=00002207 bd=0000547968 bp=0000556136 dr=0000470276                                                
mp_ticks_run=769245 sof_isr=769828
usb-sof-2ap: sof_streaming=613208 got=543707 miss_avail=6530 miss_unavail=62971 hw_unavail=70017
usb-audio-fix: fb_done=597696
usb-audio-okx: rx_bytes_total=104426132 rx_short_packets=8597
usb-pump-logring: backlog_hwm=8192
a2dp: codec=LDAC bitrate=990000 fill=1876/4608 ovr_frames=0 und=4111 report_dt_us=1072060
wdt: USB_TIMER max_stale_ms=0ctr s=0000000742 u=0000782856 t=0000058479 e=0000208747 p=0000104373 d=0000009861 c=0000041478 o=0000000000                   
 deadline_ms=100 enabled=1
wdt: USB_TASK max_stale_ms=0 deadline_ms=250 enabled=1
usb-audio: streaming rate=48000Hz ch=2 bits=atr pc0=100036f3 b0=00061073 pc1=100036bd b1=00040361 pc2=10003713 b2=00037332                                                
16 measured=191717 B/s (199744 bytes / 1041ms)
usb-pump: packets=544747 log_drops=461294 report_dt_us=1041844
usb-pump-race: pdrn c=00008424 s=00000000 z=00002207 bd=0000548608 bp=0000556777 dr=0000471143                                                
ump_ticks_run=770285 sof_isr=770870
usb-sof-2ap: sof_streaming=614250 got=544747 miss_avail=6530 miss_unavail=62973 hw_unavail=70019
usb-audio-fix: fb_done=598736
usb-audio-okx: rx_bytes_total=104625876 rx_short_packets=8613
usb-pump-logring: backlog_hwm=8192
a2dp: codec=LDAC bitrate=990000 fill=1748/4608 ovr_frames=0 und=4111 report_dt_us=1041844
wdt: USB_TIMER max_stale_ms=0 deadline_ms=100 enabled=1
wdt: USB_TASK max_stale_ms=0 deadline_ms=250 enabled=1
usb-audio: streaming rate=48000Hz ch=2 bits=16 measured=192103 B/s (215108 bytes / 1119ms)
usb-pump: packets=545867 log_drops=462161 report_dt_us=1119764
usb-pump-race: ctr s=0000000743 u=0000784036 t=0000058584 e=0000209189 p=0000104594 d=0000009885 c=0000041558 o=0000000000                   
pump_ticks_run=771405 sof_isr=771989
usb-sof-2ap: sof_streaming=615369 got=545866 miss_avail=6530 miss_unavail=62973 hw_unavailatr pc0=100036f3 b0=00061171 pc1=100036bd b1=00040425 pc2=10003713 b2=00037395                                                
=70019
usb-audio-fix: fb_done=599856
usb-audio-okx: rx_bytes_total=104840984 rx_short_packets=8630
usb-pump-logring: backlog_drn c=00008429 s=00000000 z=00002207 bd=0000549504 bp=0000557657 dr=0000471771                                                
hwm=8192
a2dp: codec=LDAC bitrate=990000 fill=1816/4608 ovr_frames=0 und=4111 report_dt_us=1119764
a2dp: enc_max_us=1810 pkt_sent=102382 pkt_fail=0 misaligned=0
a2dp: tick_count=57539 worst_tick_interval_us=14467 enc_frames_total=204764
a2dp: frames_per_packet=1 credit_clamped_samples=4940838 credit_clamp_events=18474 flush_frames=0 resync_drops=0 fill_ema=1689 fill_min=872
wdctr s=0000000744 u=0000785089 t=0000058677 e=0000209584 p=0000104792 d=0000009908 c=0000041628 o=0000000000                   
t: USB_TIMER max_stale_ms=0 deadline_ms=100 enabled=1
wdt: USB_TASK max_stale_ms=0 deadline_ms=250 enabled=1
usb-audio: streamatr pc0=100036f3 b0=00061269 pc1=100036bd b1=00040489 pc2=10003713 b2=00037458                                                
ing rate=48000Hz ch=2 bits=16 measured=191586 B/s (204928 bytes / 1069ms)
usb-pump: packets=546935 log_drops=462747 report_dt_udrn c=00008433 s=00000000 z=00002207 bd=0000550144 bp=0000558323 dr=0000472613                                                
s=1069767
usb-pump-race: pump_ticks_run=772473 sof_isr=773059
usb-sof-2ap: sof_streaming=616439 got=546934 miss_avail=6530 miss_unavail=62975 hw_unavail=70021
usb-audio-fix: fb_done=600924
usb-audio-okx: rx_bytes_total=105046104 rx_short_packets=8646
usb-pump-logring: backlog_hwm=8192
a2dp: codec=LDAC bitrate=990000 fill=1624/4608 ovr_frames=0 und=4111 report_dt_us=1069767
wctr s=0000000745 u=0000786163 t=0000058772 e=0000209987 p=0000104993 d=0000009931 c=0000041700 o=0000000000                   
dt: USB_TIMER max_stale_ms=0 deadline_ms=100 enabled=1
wdt: USB_TASK max_stale_ms=0 deadline_ms=250 enabled=1
usb-audio: streaatr pc0=100036f3 b0=00061367 pc1=100036bd b1=00040553 pc2=10003713 b2=00037521                                                
ming rate=48000Hz ch=2 bits=16 measured=191688 B/s (198400 bytes / 1035ms)
usb-pump: packets=547968 log_drops=463614 report_dt_drn c=00008437 s=00000000 z=00002207 bd=0000550784 bp=0000558964 dr=0000473481                                                
us=1035634
usb-pump-race: pump_ticks_run=773506 sof_isr=774095
usb-sof-2ap: sof_streaming=617475 got=547968 miss_avail=6530 miss_unavail=62977 hw_unavail=70023
usb-audio-fix: fb_done=601957
usb-audio-okx: rx_bytes_total=105244504 rx_short_packets=8662
usb-pump-logring: backlog_hwm=8192
a2dp: codec=LDAC bitrate=990000 fill=2072/4608 ovr_frames=0 und=4111 report_dt_us=1035634
ctr s=0000000746 u=0000787250 t=0000058868 e=0000210394 p=0000105197 d=0000009954 c=0000041773 o=0000000000                   
wdt: USB_TIMER max_stale_ms=0 deadline_ms=100 enabled=1
wdt: USB_TASK max_stale_ms=0 deadline_ms=250 enabled=1
usb-audio: streatr pc0=100036f3 b0=00061465 pc1=100036bd b1=00040617 pc2=10003713 b2=00037584                                                
aming rate=48000Hz ch=2 bits=16 measured=191953 B/s (205312 bytes / 1069ms)
usb-pump: packets=549036 log_drops=464481 report_dtdrn c=00008441 s=00000000 z=00002207 bd=0000551424 bp=0000559605 dr=0000474348                                                
_us=1068848
usb-pump-race: pump_ticks_run=774574 sof_isr=775164
usb-sof-2ap: sof_streaming=618544 got=549036 miss_avail=6530 miss_unavail=62978 hw_unavail=70024
usb-audio-fix: fb_done=603025
usb-audio-okx: rx_bytes_total=105449624 rx_short_packets=8678
usb-pump-logring: backlog_hwm=8192
a2dp: enc_max_us=1810 pkt_sent=102976 pkt_fail=0 misaligned=0
wdt: USB_TIMER max_stale_msctr s=0000000747 u=0000788367 t=0000058967 e=0000210812 p=0000105406 d=0000009976 c=0000041850 o=0000000000                   
=0 deadline_ms=100 enabled=1
wdt: USB_TASK max_stale_ms=0 deadline_ms=250 enabled=1
usb-audio: streaming rate=48000Hz ch=2 bitatr pc0=100036f3 b0=00061563 pc1=100036bd b1=00040681 pc2=10003713 b2=00037647                                                
s=16 measured=191898 B/s (197824 bytes / 1030ms)
usb-pump: packets=550066 log_drops=465377 report_dt_us=1030868
usb-pump-race:drn c=00008445 s=00000000 z=00002207 bd=0000552064 bp=0000560246 dr=0000475216                                                
 pump_ticks_run=775604 sof_isr=776194
usb-sof-2ap: sof_streaming=619574 got=550065 miss_avail=6530 miss_unavail=62979 hw_unavail=70025
usb-audio-fix: fb_done=604055
usb-audio-okx: rx_bytes_total=105647448 rx_short_packets=8694
usb-pump-logring: backlog_hwm=8192
a2dp: codec=LDAC bitrate=990000 fill=1880/4608 ovr_frames=0 und=4111 report_dt_us=1030868
wdt: USB_TIMER max_stale_mctr s=0000000748 u=0000789475 t=0000059065 e=0000211229 p=0000105614 d=0000010001 c=0000041923 o=0000000000                   
s=0 deadline_ms=100 enabled=1
wdt: USB_TASK max_stale_ms=0 deadline_ms=250 enabled=1
frame 8401: render=214043us blit=20548us atr pc0=100036f3 b0=00061661 pc1=100036bd b1=00040745 pc2=10003713 b2=00037710                                                
total=234688us
usb-audio: streaming rate=48000Hz ch=2 bits=16 measured=191487 B/s (227592 bytes / 1188ms)
usb-pump: packets=55drn c=00008449 s=00000000 z=00002207 bd=0000552704 bp=0000560887 dr=0000476086                                                
1252 log_drops=466244 report_dt_us=1188658
usb-pump-race: pump_ticks_run=776790 sof_isr=777383
usb-sof-2ap: sof_streaming=620763 got=551251 miss_avail=6530 miss_unavail=62982 hw_unavail=70028
usb-audio-fix: fb_done=605241
usb-audio-okx: rx_bytes_total=105875232 rx_short_packets=8712
usb-pump-logring: backlog_hwm=8192
a2dp: codec=LDAC bitrate=990000 fill=1824/4608 ovr_frames=0ctr s=0000000749 u=0000790585 t=0000059163 e=0000211644 p=0000105822 d=0000010024 c=0000041998 o=0000000000                   
 und=4111 report_dt_us=1188658
a2dp: enc_max_us=1810 pkt_sent=103392 pkt_fail=0 misaligned=0
a2dp: tick_count=58016 worst_tickatr pc0=100036f3 b0=00061759 pc1=100036bd b1=00040809 pc2=10003713 b2=00037773                                                
_interval_us=14467 enc_frames_total=206784
wdt: USB_TIMER max_stale_ms=0 deadline_ms=100 enabled=1
wdt: USB_TASK max_stale_ms=drn c=00008453 s=00000000 z=00002207 bd=0000553344 bp=0000561528 dr=0000476955                                                
0 deadline_ms=250 enabled=1
wdt: BTSTACK max_stale_ms=0 deadline_ms=1000 enabled=1
usb-audio: streaming rate=48000Hz ch=2 bits=16 measured=192098 B/s (203392 bytes / 1058ms)
usb-pump: packets=552310 log_drops=466915 report_dt_us=1058690
usb-pump-race: pump_ticks_run=777848 sof_isr=778442
usb-sof-2ap: sof_streaming=621822 got=552310 miss_avail=6530 miss_unavail=62982 hw_unavailctr s=0000000750 u=0000791601 t=0000059253 e=0000212025 p=0000106012 d=0000010045 c=0000042067 o=0000000000                   
=70028
usb-audio-fix: fb_done=606300
usb-audio-okx: rx_bytes_total=106078624 rx_short_packets=8728
usb-pump-logring: backlog_atr pc0=100036f3 b0=00061857 pc1=100036bd b1=00040873 pc2=10003713 b2=00037836                                                
hwm=8192
a2dp: codec=LDAC bitrate=990000 fill=1952/4608 ovr_frames=0 und=4111 report_dt_us=1058690
wdt: USB_TIMER max_stale_msdrn c=00008457 s=00000000 z=00002207 bd=0000553984 bp=0000562169 dr=0000477824                                                
=0 deadline_ms=100 enabled=1
wdt: USB_TASK max_stale_ms=0 deadline_ms=250 enabled=1
usb-audio: streaming rate=48000Hz ch=2 bits=16 measured=192153 B/s (208192 bytes / 1083ms)
usb-pump: packets=553394 log_drops=467783 report_dt_us=1083455
usb-pump-race: pump_ticks_run=778932 sof_isr=779525
usb-sof-2ap: sof_streaming=622905 got=553393 miss_avail=6530 miss_unavail=62982 hw_unavaictr s=0000000751 u=0000792612 t=0000059342 e=0000212404 p=0000106201 d=0000010068 c=0000042133 o=0000000000                   
l=70028
usb-audio-fix: fb_done=607383
usb-audio-okx: rx_bytes_total=106286624 rx_short_packets=8744
usb-pump-logring: backlogatr pc0=100036f3 b0=00061955 pc1=100036bd b1=00040937 pc2=10003713 b2=00037899                                                
_hwm=8192
a2dp: codec=LDAC bitrate=990000 fill=2080/4608 ovr_frames=0 und=4111 report_dt_us=1083455
wdt: USB_TIMER max_stale_mdrn c=00008461 s=00000000 z=00002207 bd=0000554624 bp=0000562776 dr=0000478784                                                
s=0 deadline_ms=100 enabled=1
wdt: USB_TASK max_stale_ms=0 deadline_ms=250 enabled=1
usb-audio: streaming rate=48000Hz ch=2 bits=16 measured=191903 B/s (192060 bytes / 1000ms)
usb-pump: packets=554395 log_drops=468651 report_dt_us=1000929
usb-pump-race: pump_ticks_run=779933 sof_isr=780526
usb-sof-2ap: sof_streaming=623906 got=554394 miss_avail=6530 miss_unavail=62982 hw_unavactr s=0000000752 u=0000793634 t=0000059432 e=0000212786 p=0000106393 d=0000010090 c=0000042201 o=0000000000                   
il=70028
usb-audio-fix: fb_done=608384
usb-audio-okx: rx_bytes_total=106478876 rx_short_packets=8759
usb-pump-logring: backloatr pc0=100036f3 b0=00062053 pc1=100036bd b1=00041001 pc2=10003713 b2=00037962                                                
g_hwm=8192
a2dp: codec=LDAC bitrate=990000 fill=1820/4608 ovr_frames=0 und=4111 report_dt_us=1000929
wdt: USB_TIMER max_stale_drn c=00008465 s=00000000 z=00002207 bd=0000555264 bp=0000563442 dr=0000479628                                                
ms=0 deadline_ms=100 enabled=1
wdt: USB_TASK max_stale_ms=0 deadline_ms=250 enabled=1
usb-audio: streaming rate=48000Hz ch=2 bits=16 measured=191711 B/s (205312 bytes / 1070ms)
usb-pump: packets=555464 log_drops=469518 report_dt_us=1070938
usb-pump-race: pump_ticks_run=781002 sof_isr=781597
usb-sof-2ap: sof_streaming=624977 got=555463 miss_avail=6530 miss_unavail=62984 hw_unavctr s=0000000753 u=0000794641 t=0000059521 e=0000213163 p=0000106581 d=0000010111 c=0000042269 o=0000000000                   
ail=70030
usb-audio-fix: fb_done=609453
usb-audio-okx: rx_bytes_total=106684188 rx_short_packets=8775
usb-pump-logring: backlatr pc0=100036f3 b0=00062151 pc1=100036bd b1=00041065 pc2=10003713 b2=00038025                                                
og_hwm=8192
a2dp: codec=LDAC bitrate=990000 fill=1820/4608 ovr_frames=0 und=4111 report_dt_us=1070938
wdt: USB_TIMER max_staledrn c=00008469 s=00000000 z=00002207 bd=0000555904 bp=0000564083 dr=0000480497                                                
_ms=0 deadline_ms=100 enabled=1
wdt: USB_TASK max_stale_ms=0 deadline_ms=250 enabled=1
usb-audio: streaming rate=48000Hz ch=2 bits=16 measured=191878 B/s (195900 bytes / 1020ms)
usb-pump: packets=556484 log_drops=470385 report_dt_us=1020973
usb-pump-race: pump_ticks_run=782022 sof_isr=782618
usb-sof-2ap: sof_streaming=625998 got=556483 miss_avail=6530 miss_unavail=62985 hw_unactr s=0000000754 u=0000795701 t=0000059615 e=0000213561 p=0000106780 d=0000010133 c=0000042341 o=0000000000                   
vail=70031
usb-audio-fix: fb_done=610473
usb-audio-okx: rx_bytes_total=106880088 rx_short_packets=8790
usb-pump-logring: backatr pc0=100036f3 b0=00062249 pc1=100036bd b1=00041129 pc2=10003713 b2=00038088                                                
log_hwm=8192
a2dp: codec=LDAC bitrate=990000 fill=1624/4608 ovr_frames=0 und=4111 report_dt_us=1020973
wdt: USB_TIMER max_staldrn c=00008473 s=00000000 z=00002207 bd=0000556544 bp=0000564724 dr=0000481366                                                
e_ms=0 deadline_ms=100 enabled=1
wdt: USB_TASK max_stale_ms=0 deadline_ms=250 enabled=1
usb-audio: streaming rate=48000Hz ch=2 bits=16 measured=192070 B/s (224712 bytes / 1169ms)
usb-pump: packets=557654 log_drops=471252 report_dt_us=1169948
usb-pump-rctr s=0000000755 u=0000796794 t=0000059712 e=0000213971 p=0000106985 d=0000010155 c=0000042416 o=0000000000                   
ace: pump_ticks_run=783192 sof_isr=783788
usb-sof-2ap: sof_streaming=627168 got=557653 miss_avail=6530 miss_unavail=62985 hw_unatr pc0=100036f3 b0=00062347 pc1=100036bd b1=00041193 pc2=10003713 b2=00038151                                                
avail=70031
usb-audio-fix: fb_done=611643
usb-audio-okx: rx_bytes_total=107104800 rx_short_packets=8808
usb-pump-logring: bacdrn c=00008477 s=00000000 z=00002207 bd=0000557056 bp=0000565238 dr=0000482362                                                
klog_hwm=8192
a2dp: codec=LDAC bitrate=990000 fill=2080/4608 ovr_frames=0 und=4111 report_dt_us=1169948
a2dp: enc_max_us=1810 pkt_sent=104592 pkt_fail=0 misaligned=0
a2dp: tick_count=58583 worst_tick_interval_us=14467 enc_frames_total=209185
a2dp: stop_credit=41557 stop_queue_full=17 stop_ring_empty=4111 stop_dwell=9885 fill_short_read=0
wdt: USB_TIMER max_stale_ms=0 deadline_ctr s=0000000756 u=0000797815 t=0000059802 e=0000214351 p=0000107175 d=0000010177 c=0000042483 o=0000000000                   
ms=100 enabled=1
wdt: USB_TASK max_stale_ms=0 deadline_ms=250 enabled=1
wdt: MEDIA max_stale_ms=0 deadline_ms=500 enabled=1
uatr pc0=100036f3 b0=00062445 pc1=100036bd b1=00041257 pc2=10003713 b2=00038214                                                
sb-audio: streaming rate=48000Hz ch=2 bits=16 measured=191871 B/s (202048 bytes / 1053ms)
usb-pump: packets=558706 log_drops=47drn c=00008481 s=00000000 z=00002207 bd=0000557696 bp=0000565879 dr=0000483231                                                
1827 report_dt_us=1053030
usb-pump-race: pump_ticks_run=784244 sof_isr=784841
usb-sof-2ap: sof_streaming=628221 got=558705 miss_avail=6530 miss_unavail=62986 hw_unavail=70032
usb-audio-fix: fb_done=612695
usb-audio-okx: rx_bytes_total=107306848 rx_short_packets=8824
usb-pump-logring: backlog_hwm=8192
a2dp: enc_max_us=1810 pkt_sent=104790 pkt_fail=0 misaligned=0
wdt: USB_TIMEctr s=0000000757 u=0000798882 t=0000059897 e=0000214751 p=0000107375 d=0000010197 c=0000042558 o=0000000000                   
R max_stale_ms=0 deadline_ms=100 enabled=1
wdt: USB_TASK max_stale_ms=0 deadline_ms=250 enabled=1
usb-audio: streaming rate=48atr pc0=100036f3 b0=00062543 pc1=100036bd b1=00041321 pc2=10003713 b2=00038277                                                
000Hz ch=2 bits=16 measured=192049 B/s (208192 bytes / 1084ms)
usb-pump: packets=559790 log_drops=472722 report_dt_us=1084044
drn c=00008485 s=00000000 z=00002207 bd=0000558336 bp=0000566520 dr=0000484100                                                
usb-pump-race: pump_ticks_run=785328 sof_isr=785925
usb-sof-2ap: sof_streaming=629305 got=559789 miss_avail=6530 miss_unavail=62986 hw_unavail=70032
usb-audio-fix: fb_done=613779
usb-audio-okx: rx_bytes_total=107515040 rx_short_packets=8840
usb-pump-logring: backlog_hwm=8192
a2dp: codec=LDAC bitrate=990000 fill=1696/4608 ovr_frames=0 und=4111 report_dt_us=1084044
wdt: USB_TIMctr s=0000000758 u=0000799949 t=0000059991 e=0000215150 p=0000107575 d=0000010220 c=0000042629 o=0000000000                   
ER max_stale_ms=0 deadline_ms=100 enabled=1
wdt: USB_TASK max_stale_ms=0 deadline_ms=250 enabled=1
usb-audio: streaming rate=4atr pc0=100036f3 b0=00062641 pc1=100036bd b1=00041385 pc2=10003713 b2=00038340                                                
8000Hz ch=2 bits=16 measured=191954 B/s (208576 bytes / 1086ms)
usb-pump: packets=560875 log_drops=473590 report_dt_us=1086491drn c=00008489 s=00000000 z=00002207 bd=0000558976 bp=0000567161 dr=0000484970                                                

usb-pump-race: pump_ticks_run=786413 sof_isr=787012
usb-sof-2ap: sof_streaming=630392 got=560875 miss_avail=6530 miss_unavail=62987 hw_unavail=70033
usb-audio-fix: fb_done=614864
usb-audio-okx: rx_bytes_total=107723424 rx_short_packets=8856
usb-pump-logring: backlog_hwm=8192
a2dp: codec=LDAC bitrate=990000 fill=1696/4608 ovr_frames=0 und=4111 report_dt_us=1086491
wdt: USB_TIctr s=0000000759 u=0000801033 t=0000060087 e=0000215556 p=0000107778 d=0000010243 c=0000042702 o=0000000000                   
MER max_stale_ms=0 deadline_ms=100 enabled=1
wdt: USB_TASK max_stale_ms=0 deadline_ms=250 enabled=1
usb-audio: streaming rate=atr pc0=100036f3 b0=00062739 pc1=100036bd b1=00041449 pc2=10003713 b2=00038403                                                
48000Hz ch=2 bits=16 measured=191866 B/s (214148 bytes / 1116ms)
usb-pump: packets=561990 log_drops=474457 report_dt_us=1116125drn c=00008493 s=00000000 z=00002207 bd=0000559616 bp=0000567802 dr=0000485840                                                

usb-pump-race: pump_ticks_run=787528 sof_isr=788128
usb-sof-2ap: sof_streaming=631508 got=561990 miss_avail=6530 miss_unavail=62988 hw_unavail=70034
usb-audio-fix: fb_done=615979
usb-audio-okx: rx_bytes_total=107937572 rx_short_packets=8873
usb-pump-logring: backlog_hwm=8192
a2dp: codec=LDAC bitrate=990000 fill=2020/4608 ovr_frames=0 und=4111 report_dt_us=1116125
wdt: USB_Tctr s=0000000760 u=0000802095 t=0000060181 e=0000215954 p=0000107977 d=0000010265 c=0000042774 o=0000000000                   
IMER max_stale_ms=0 deadline_ms=100 enabled=1
wdt: USB_TASK max_stale_ms=0 deadline_ms=250 enabled=1
usb-audio: streaming rateatr pc0=100036f3 b0=00062837 pc1=100036bd b1=00041513 pc2=10003713 b2=00038466                                                
=48000Hz ch=2 bits=16 measured=192064 B/s (211264 bytes / 1099ms)
usb-pump: packets=563090 log_drops=475325 report_dt_us=109998drn c=00008497 s=00000000 z=00002207 bd=0000560256 bp=0000568443 dr=0000486709                                                
3
usb-pump-race: pump_ticks_run=788628 sof_isr=789228
usb-sof-2ap: sof_streaming=632608 got=563090 miss_avail=6530 miss_unavail=62988 hw_unavail=70034
usb-audio-fix: fb_done=617079
usb-audio-okx: rx_bytes_total=108148836 rx_short_packets=8889
usb-pump-logring: backlog_hwm=8192
a2dp: codec=LDAC bitrate=990000 fill=1636/4608 ovr_frames=0 und=4111 report_dt_us=1099983
wdt: USB_TIMER max_stale_ms=0 deadline_ms=100 enabled=1
wdt: USB_TASK max_stale_ms=0 deadline_ms=250 enabled=1
usb-audio: streaming rate=48000Hz ch=2 bits=16 measured=191867 B/s (214532 bytes / 1118ms)
usb-pump: packets=564207 log_drops=476195 report_dt_us=11180ctr s=0000000761 u=0000803184 t=0000060278 e=0000216362 p=0000108181 d=0000010286 c=0000042850 o=0000000000                   
92
usb-pump-race: pump_ticks_run=789745 sof_isr=790346
usb-sof-2ap: sof_streaming=633726 got=564207 miss_avail=6530 miss_unavaatr pc0=100036f3 b0=00062935 pc1=100036bd b1=00041577 pc2=10003713 b2=00038529                                                
il=62989 hw_unavail=70035
usb-audio-fix: fb_done=618197
usb-audio-okx: rx_bytes_total=108363560 rx_short_packets=8906
usb-pumdrn c=00008502 s=00000000 z=00002207 bd=0000561152 bp=0000569324 dr=0000487338                                                
p-logring: backlog_hwm=8192
a2dp: codec=LDAC bitrate=990000 fill=1832/4608 ovr_frames=0 und=4111 report_dt_us=1118092
wdt: USB_TIMER max_stale_ms=0 deadline_ms=100 enabled=1
wdt: USB_TASK max_stale_ms=0 deadline_ms=250 enabled=1
usb-audio: streaming rate=48000Hz ch=2 bits=16 measured=191639 B/s (194940 bytes / 1017ms)
usb-pump: packets=565223 log_drops=477064 report_dt_us=1017356
usb-pump-race: pump_ticks_run=790761 sof_isr=791363
usb-sof-2ap: sof_streaming=634743 got=565222 miss_avail=6530 miss_unavail=62991 hw_unavail=70037
usb-audio-fix: fb_done=619212
usb-audio-okx: rx_bytes_total=108558500 rx_short_packets=8921
usb-puctr s=0000000762 u=0000804445 t=0000060389 e=0000216834 p=0000108417 d=0000010315 c=0000042932 o=0000000000                   
mp-logring: backlog_hwm=8192
a2dp: codec=LDAC bitrate=990000 fill=1700/4608 ovr_frames=0 und=4111 report_dt_us=1017356
wdt: USatr pc0=100036f3 b0=00063033 pc1=100036bd b1=00041641 pc2=10003713 b2=00038592                                                
B_TIMER max_stale_ms=0 deadline_ms=100 enabled=1
wdt: USB_TASK max_stale_ms=0 deadline_ms=250 enabled=1
usb-audio: streaming rdrn c=00008507 s=00000000 z=00002207 bd=0000562048 bp=0000570205 dr=0000487967                                                
ate=48000Hz ch=2 bits=16 measured=191764 B/s (192064 bytes / 1001ms)
frame 8461: render=216461us blit=22804us total=239310us
usb-pump: packets=566222 log_drops=477933 report_dt_us=1001516
usb-pump-race: pump_ticks_run=791760 sof_isr=792365
usb-sof-2ap: sof_streaming=635745 got=566222 miss_avail=6530 miss_unavail=62993 hw_unavail=70039
usb-audio-fix: fb_done=620211
usb-audio-octr s=0000000763 u=0000805496 t=0000060482 e=0000217229 p=0000108614 d=0000010338 c=0000043002 o=0000000000                   
kx: rx_bytes_total=108750372 rx_short_packets=8937
usb-pump-logring: backlog_hwm=8192
wdt: USB_TIMER max_stale_ms=0 deadline_matr pc0=100036f3 b0=00063131 pc1=100036bd b1=00041705 pc2=10003713 b2=00038655                                                
s=100 enabled=1
wdt: USB_TASK max_stale_ms=0 deadline_ms=250 enabled=1
wdt: MEDIA max_stale_ms=0 deadline_ms=500 enabled=1
usdrn c=00008511 s=00000000 z=00002207 bd=0000562688 bp=0000570846 dr=0000488837                                                
b-audio: streaming rate=48000Hz ch=2 bits=16 measured=191895 B/s (197820 bytes / 1030ms)
usb-pump: packets=567252 log_drops=478840 report_dt_us=1030793
usb-pump-race: pump_ticks_run=792790 sof_isr=793396
usb-sof-2ap: sof_streaming=636776 got=567252 miss_avail=6530 miss_unavail=62994 hw_unavail=70040
usb-audio-fix: fb_done=621241
usb-audio-okx: rx_bytes_total=108948192 rx_shortctr s=0000000764 u=0000806570 t=0000060577 e=0000217631 p=0000108815 d=0000010360 c=0000043075 o=0000000000                   
_packets=8952
usb-pump-logring: backlog_hwm=8192
a2dp: enc_max_us=1810 pkt_sent=106393 pkt_fail=0 misaligned=0
wdt: USB_TIMERatr pc0=100036f3 b0=00063229 pc1=100036bd b1=00041769 pc2=10003713 b2=00038718                                                
 max_stale_ms=0 deadline_ms=100 enabled=1
wdt: USB_TASK max_stale_ms=0 deadline_ms=250 enabled=1
usb-audio: streaming rate=480drn c=00008515 s=00000000 z=00002207 bd=0000563328 bp=0000571487 dr=0000489707                                                
00Hz ch=2 bits=16 measured=191872 B/s (193216 bytes / 1007ms)
usb-pump: packets=568258 log_drops=479737 report_dt_us=1007007
usb-pump-race: pump_ticks_run=793796 sof_isr=794403
usb-sof-2ap: sof_streaming=637783 got=568258 miss_avail=6530 miss_unavail=62995 hw_unavail=70041
usb-audio-fix: fb_done=622247
usb-audio-okx: rx_bytes_total=109141408 rx_short_packets=8968
usb-pump-logctr s=0000000765 u=0000807646 t=0000060672 e=0000218035 p=0000109017 d=0000010384 c=0000043146 o=0000000000                   
ring: backlog_hwm=8192
a2dp: codec=LDAC bitrate=990000 fill=1952/4608 ovr_frames=0 und=4111 report_dt_us=1007007
wdt: USB_TIMEatr pc0=100036f3 b0=00063327 pc1=100036bd b1=00041833 pc2=10003713 b2=00038781                                                
R max_stale_ms=0 deadline_ms=100 enabled=1
wdt: USB_TASK max_stale_ms=0 deadline_ms=250 enabled=1
usb-audio: streaming rate=48drn c=00008519 s=00000000 z=00002207 bd=0000563968 bp=0000572128 dr=0000490576                                                
000Hz ch=2 bits=16 measured=191611 B/s (203200 bytes / 1060ms)
usb-pump: packets=569317 log_drops=480606 report_dt_us=1060585
usb-pump-race: pump_ticks_run=794855 sof_isr=795463
usb-sof-2ap: sof_streaming=638843 got=569316 miss_avail=6530 miss_unavail=62997 hw_unavail=70043
usb-audio-fix: fb_done=623306
usb-audio-okx: rx_bytes_total=109344800 rx_short_packets=8984
usb-pump-loctr s=0000000766 u=0000808666 t=0000060762 e=0000218417 p=0000109208 d=0000010406 c=0000043214 o=0000000000                   
gring: backlog_hwm=8192
a2dp: codec=LDAC bitrate=990000 fill=1568/4608 ovr_frames=0 und=4111 report_dt_us=1060585
wdt: USB_TIMatr pc0=100036f3 b0=00063425 pc1=100036bd b1=00041897 pc2=10003713 b2=00038844                                                
ER max_stale_ms=0 deadline_ms=100 enabled=1
wdt: USB_TASK max_stale_ms=0 deadline_ms=250 enabled=1
usb-audio: streaming rate=4drn c=00008523 s=00000000 z=00002207 bd=0000564608 bp=0000572798 dr=0000491474                                                
8000Hz ch=2 bits=16 measured=192088 B/s (208000 bytes / 1082ms)
usb-pump: packets=570399 log_drops=481475 report_dt_us=1082739
usb-pump-race: pump_ticks_run=795937 sof_isr=796546
usb-sof-2ap: sof_streaming=639926 got=570399 miss_avail=6530 miss_unavail=62997 hw_unavail=70043
usb-audio-fix: fb_done=624389
usb-audio-okx: rx_bytes_total=109552800 rx_short_packets=9000
wdt: USB_Tctr s=0000000767 u=0000809743 t=0000060857 e=0000218820 p=0000109410 d=0000010429 c=0000043286 o=0000000000                   
IMER max_stale_ms=0 deadline_ms=100 enabled=1
wdt: USB_TASK max_stale_ms=0 deadline_ms=250 enabled=1
usb-audio: streaming rateatr pc0=100036f3 b0=00063523 pc1=100036bd b1=00041961 pc2=10003713 b2=00038907                                                
=48000Hz ch=2 bits=16 measured=190786 B/s (196668 bytes / 1030ms)
usb-pump: packets=571423 log_drops=482471 report_dt_us=103082drn c=00008527 s=00000000 z=00002207 bd=0000565248 bp=0000573439 dr=0000492344                                                
4
usb-pump-race: pump_ticks_run=796961 sof_isr=797577
usb-sof-2ap: sof_streaming=640957 got=571423 miss_avail=6530 miss_unavail=63004 hw_unavail=70050
usb-audio-fix: fb_done=625412
usb-audio-okx: rx_bytes_total=109749276 rx_short_packets=9015
usb-pump-logring: backlog_hwm=8192
a2dp: codec=LDAC bitrate=990000 fill=1564/4608 ovr_frames=0 und=4112 report_dt_us=1030824
wdt: USB_ctr s=0000000768 u=0000810767 t=0000060947 e=0000219204 p=0000109602 d=0000010453 c=0000043352 o=0000000000                   
TIMER max_stale_ms=0 deadline_ms=100 enabled=1
wdt: USB_TASK max_stale_ms=0 deadline_ms=250 enabled=1
usb-audio: streaming ratatr pc0=100036f3 b0=00063621 pc1=100036bd b1=00042025 pc2=10003713 b2=00038970                                                
e=48000Hz ch=2 bits=16 measured=191797 B/s (202820 bytes / 1057ms)
usb-pump: packets=572480 log_drops=483340 report_dt_us=10575drn c=00008531 s=00000000 z=00002207 bd=0000565888 bp=0000574080 dr=0000493213                                                
26
usb-pump-race: pump_ticks_run=798018 sof_isr=798634
usb-sof-2ap: sof_streaming=642014 got=572479 miss_avail=6530 miss_unavail=63005 hw_unavail=70051
usb-audio-fix: fb_done=626469
usb-audio-okx: rx_bytes_total=109952288 rx_short_packets=9032
usb-pump-logring: backlog_hwm=8192
a2dp: codec=LDAC bitrate=990000 fill=1824/4608 ovr_frames=0 und=4112 report_dt_us=1057526
wdt: USB_TIMER max_stale_ms=0 deadline_ms=100 enabled=1
wdt: USB_TASK max_stale_ms=0 deadline_ms=250 enabled=1
usb-audio: streaming rate=48000Hz ch=2 bits=16 measured=191765 B/s (206464 bytes / 1076ms)
usb-pump: packets=573554 log_drops=484209 report_dt_us=1076ctr s=0000000769 u=0000811959 t=0000061052 e=0000219651 p=0000109825 d=0000010480 c=0000043430 o=0000000000                   
592
usb-pump-race: pump_ticks_run=799092 sof_isr=799711
usb-sof-2ap: sof_streaming=643091 got=573554 miss_avail=6530 miss_unavatr pc0=100036f3 b0=00063719 pc1=100036bd b1=00042089 pc2=10003713 b2=00039033                                                
ail=63007 hw_unavail=70053
usb-audio-fix: fb_done=627543
usb-audio-okx: rx_bytes_total=110158560 rx_short_packets=9048
usb-pudrn c=00008536 s=00000000 z=00002207 bd=0000566784 bp=0000574961 dr=0000493842                                                
mp-logring: backlog_hwm=8192
a2dp: codec=LDAC bitrate=990000 fill=1952/4608 ovr_frames=0 und=4112 report_dt_us=1076592
wdt: USB_TIMER max_stale_ms=0 deadline_ms=100 enabled=1
wdt: USB_TASK max_stale_ms=0 deadline_ms=250 enabled=1
usb-audio: streaming rate=48000Hz ch=2 bits=16 measured=191907 B/s (207808 bytes / 1082ms)
usb-pump: packets=574636 log_drops=485079 report_dt_us=108ctr s=0000000770 u=0000813016 t=0000061145 e=0000220047 p=0000110023 d=0000010504 c=0000043499 o=0000000000                   
2851
usb-pump-race: pump_ticks_run=800174 sof_isr=800794
usb-sof-2ap: sof_streaming=644174 got=574636 miss_avail=6530 miss_unaatr pc0=100036f3 b0=00063817 pc1=100036bd b1=00042153 pc2=10003713 b2=00039096                                                
vail=63008 hw_unavail=70054
usb-audio-fix: fb_done=628625
usb-audio-okx: rx_bytes_total=110366368 rx_short_packets=9064
usb-pdrn c=00008540 s=00000000 z=00002207 bd=0000567424 bp=0000575602 dr=0000494712                                                
ump-logring: backlog_hwm=8192
a2dp: codec=LDAC bitrate=990000 fill=1696/4608 ovr_frames=0 und=4112 report_dt_us=1082851
wdt: USB_TIMER max_stale_ms=0 deadline_ms=100 enabled=1
wdt: USB_TASK max_stale_ms=0 deadline_ms=250 enabled=1
usb-audio: streaming rate=48000Hz ch=2 bits=16 measured=191563 B/s (203780 bytes / 1063ms)
usb-pump: packets=575697 log_drops=485949 report_dt_us=10ctr s=0000000771 u=0000814055 t=0000061237 e=0000220437 p=0000110218 d=0000010526 c=0000043569 o=0000000000                   
63765
usb-pump-race: pump_ticks_run=801235 sof_isr=801857
usb-sof-2ap: sof_streaming=645237 got=575696 miss_avail=6530 miss_unatr pc0=100036f3 b0=00063915 pc1=100036bd b1=00042217 pc2=10003713 b2=00039159                                                
avail=63011 hw_unavail=70057
usb-audio-fix: fb_done=629686
usb-audio-okx: rx_bytes_total=110570148 rx_short_packets=9081
usb-drn c=00008544 s=00000000 z=00002207 bd=0000568064 bp=0000576243 dr=0000495582                                                
pump-logring: backlog_hwm=8192
a2dp: codec=LDAC bitrate=990000 fill=1700/4608 ovr_frames=0 und=4112 report_dt_us=1063765
wdt: USB_TIMER max_stale_ms=0 deadline_ms=100 enabled=1
wdt: USB_TASK max_stale_ms=0 deadline_ms=250 enabled=1
usb-audio: streaming rate=48000Hz ch=2 bits=16 measured=191821 B/s (208768 bytes / 1088ms)
usb-pump: packets=576784 log_drops=486818 report_dt_us=1ctr s=0000000772 u=0000815131 t=0000061332 e=0000220841 p=0000110420 d=0000010550 c=0000043640 o=0000000000                   
088332
usb-pump-race: pump_ticks_run=802322 sof_isr=802946
usb-sof-2ap: sof_streaming=646326 got=576784 miss_avail=6530 miss_uatr pc0=100036f3 b0=00064013 pc1=100036bd b1=00042281 pc2=10003713 b2=00039222                                                
navail=63012 hw_unavail=70058
usb-audio-fix: fb_done=630773
usb-audio-okx: rx_bytes_total=110778916 rx_short_packets=9097
usbdrn c=00008548 s=00000000 z=00002207 bd=0000568704 bp=0000576884 dr=0000496452                                                
-pump-logring: backlog_hwm=8192
a2dp: codec=LDAC bitrate=990000 fill=1572/4608 ovr_frames=0 und=4112 report_dt_us=1088332
a2dp: enc_max_us=1810 pkt_sent=108181 pkt_fail=0 misaligned=0
a2dp: tick_count=60278 worst_tick_interval_us=14467 enc_frames_total=216362
a2dp: stop_credit=42850 stop_queue_full=17 stop_ring_empty=4112 stop_dwell=10286 fill_short_read=0
wdt: USB_TIMER max_sctr s=0000000773 u=0000816196 t=0000061426 e=0000221240 p=0000110620 d=0000010574 c=0000043710 o=0000000000                   
tale_ms=0 deadline_ms=100 enabled=1
wdt: USB_TASK max_stale_ms=0 deadline_ms=250 enabled=1
usb-audio: streaming rate=48000Hz catr pc0=100036f3 b0=00064111 pc1=100036bd b1=00042345 pc2=10003713 b2=00039285                                                
h=2 bits=16 measured=191945 B/s (241996 bytes / 1260ms)
usb-pump: packets=578044 log_drops=487447 report_dt_us=1260766
usb-pumdrn c=00008552 s=00000000 z=00002207 bd=0000569344 bp=0000577525 dr=0000497321                                                
p-race: pump_ticks_run=803582 sof_isr=804207
usb-sof-2ap: sof_streaming=647587 got=578044 miss_avail=6530 miss_unavail=63013 hw_unavail=70059
usb-audio-fix: fb_done=632033
usb-audio-okx: rx_bytes_total=111020912 rx_short_packets=9116
usb-pump-logring: backlog_hwm=8192
a2dp: codec=LDAC bitrate=990000 fill=1904/4608 ovr_frames=0 und=4112 report_dt_us=1260766
a2dp: enc_max_us=18ctr s=0000000774 u=0000817271 t=0000061521 e=0000221643 p=0000110821 d=0000010597 c=0000043782 o=0000000000                   
10 pkt_sent=108417 pkt_fail=0 misaligned=0
a2dp: tick_count=60389 worst_tick_interval_us=14467 enc_frames_total=216834
a2dp: satr pc0=100036f3 b0=00064209 pc1=100036bd b1=00042409 pc2=10003713 b2=00039348                                                
top_credit=42932 stop_queue_full=17 stop_ring_empty=4112 stop_dwell=10315 fill_short_read=0
wdt: USB_TIMER max_stale_ms=0 deadldrn c=00008556 s=00000000 z=00002207 bd=0000569984 bp=0000578166 dr=0000498190                                                
ine_ms=100 enabled=1
wdt: USB_TASK max_stale_ms=0 deadline_ms=250 enabled=1
usb-audio: streaming rate=48000Hz ch=2 bits=16 measured=191967 B/s (201856 bytes / 1051ms)
usb-pump: packets=579096 log_drops=488076 report_dt_us=1051642
usb-pump-race: pump_ticks_run=804634 sof_isr=805258
usb-sof-2ap: sof_streaming=648638 got=579095 miss_avail=6530 miss_unavail=63013 hw_unavail=70059ctr s=0000000775 u=0000818346 t=0000061616 e=0000222046 p=0000111023 d=0000010620 c=0000043854 o=0000000000                   

usb-audio-fix: fb_done=633085
usb-audio-okx: rx_bytes_total=111222960 rx_short_packets=9132
usb-pump-logring: backlog_hwm=819atr pc0=100036f3 b0=00064307 pc1=100036bd b1=00042473 pc2=10003713 b2=00039411                                                
2
a2dp: codec=LDAC bitrate=990000 fill=1712/4608 ovr_frames=0 und=4112 report_dt_us=1051642
wdt: USB_TIMER max_stale_ms=0 deaddrn c=00008560 s=00000000 z=00002207 bd=0000570624 bp=0000578807 dr=0000499059                                                
line_ms=100 enabled=1
wdt: USB_TASK max_stale_ms=0 deadline_ms=250 enabled=1
usb-audio: streaming rate=48000Hz ch=2 bits=16 measured=191880 B/s (206080 bytes / 1074ms)
usb-pump: packets=580169 log_drops=488946 report_dt_us=1073998
usb-pump-race: pump_ticks_run=805707 sof_isr=806332
usb-sof-2ap: sof_streaming=649712 got=580168 miss_avail=6530 miss_unavail=63014 hw_unavail=70060ctr s=0000000776 u=0000819410 t=0000061710 e=0000222445 p=0000111222 d=0000010643 c=0000043925 o=0000000000                   

usb-audio-fix: fb_done=634158
usb-audio-okx: rx_bytes_total=111429040 rx_short_packets=9148
usb-pump-logring: backlog_hwm=81atr pc0=100036f3 b0=00064405 pc1=100036bd b1=00042537 pc2=10003713 b2=00039474                                                
92
a2dp: codec=LDAC bitrate=990000 fill=1968/4608 ovr_frames=0 und=4112 report_dt_us=1073998
wdt: USB_TIMER max_stale_ms=0 deadrn c=00008564 s=00000000 z=00002207 bd=0000571264 bp=0000579448 dr=0000499929                                                
dline_ms=100 enabled=1
wdt: USB_TASK max_stale_ms=0 deadline_ms=250 enabled=1
usb-audio: streaming rate=48000Hz ch=2 bits=16 measured=191867 B/s (206464 bytes / 1076ms)
usb-pump: packets=581244 log_drops=489816 report_dt_us=1076050
usb-pump-race: pump_ticks_run=806782 sof_isr=807408
usb-sof-2ap: sof_streaming=650788 got=581243 miss_avail=6530 miss_unavail=63015 hw_unavail=7006ctr s=0000000777 u=0000820451 t=0000061802 e=0000222835 p=0000111417 d=0000010665 c=0000043995 o=0000000000                   
1
usb-audio-fix: fb_done=635233
usb-audio-okx: rx_bytes_total=111635504 rx_short_packets=9164
usb-pump-logring: backlog_hwm=8atr pc0=100036f3 b0=00064503 pc1=100036bd b1=00042601 pc2=10003713 b2=00039537                                                
192
a2dp: codec=LDAC bitrate=990000 fill=1584/4608 ovr_frames=0 und=4112 report_dt_us=1076050
wdt: USB_TIMER max_stale_ms=0 dedrn c=00008568 s=00000000 z=00002207 bd=0000571904 bp=0000580089 dr=0000500799                                                
adline_ms=100 enabled=1
wdt: USB_TASK max_stale_ms=0 deadline_ms=250 enabled=1
frame 8521: render=217562us blit=20898us total=238510us
usb-audio: streaming rate=48000Hz ch=2 bits=16 measured=191902 B/s (195712 bytes / 1019ms)
usb-pump: packets=582262 log_drops=490685 report_dt_us=1019749
usb-pump-race: pump_ticks_run=807801 sof_isr=808428
usb-sof-2ap: sof_streaming=651808 gotctr s=0000000778 u=0000821548 t=0000061899 e=0000223247 p=0000111623 d=0000010689 c=0000044068 o=0000000000                   
=582262 miss_avail=6530 miss_unavail=63016 hw_unavail=70062
usb-audio-fix: fb_done=636252
usb-audio-okx: rx_bytes_total=111831atr pc0=100036f3 b0=00064601 pc1=100036bd b1=00042665 pc2=10003713 b2=00039600                                                
216 rx_short_packets=9180
usb-pump-logring: backlog_hwm=8192
a2dp: enc_max_us=1810 pkt_sent=109208 pkt_fail=0 misaligned=0
wddrn c=00008572 s=00000000 z=00002207 bd=0000572544 bp=0000580730 dr=0000501669                                                
t: USB_TIMER max_stale_ms=0 deadline_ms=100 enabled=1
wdt: USB_TASK max_stale_ms=0 deadline_ms=250 enabled=1
usb-audio: streaming rate=48000Hz ch=2 bits=16 measured=191942 B/s (206464 bytes / 1075ms)
usb-pump: packets=583337 log_drops=491583 report_dt_us=1075676
usb-pump-race: pump_ticks_run=808875 sof_isr=809504
usb-sof-2ap: sof_streaming=652884 got=583337 miss_avail=6530 misctr s=0000000779 u=0000822572 t=0000061989 e=0000223631 p=0000111815 d=0000010713 c=0000044134 o=0000000000                   
s_unavail=63017 hw_unavail=70063
usb-audio-fix: fb_done=637326
usb-audio-okx: rx_bytes_total=112037488 rx_short_packets=9196
atr pc0=100036f3 b0=00064699 pc1=100036bd b1=00042729 pc2=10003713 b2=00039663                                                
usb-pump-logring: backlog_hwm=8192
a2dp: codec=LDAC bitrate=990000 fill=1648/4608 ovr_frames=0 und=4112 report_dt_us=1075676
wdrn c=00008576 s=00000000 z=00002207 bd=0000573184 bp=0000581371 dr=0000502539                                                
dt: USB_TIMER max_stale_ms=0 deadline_ms=100 enabled=1
wdt: USB_TASK max_stale_ms=0 deadline_ms=250 enabled=1
usb-audio: streaming rate=48000Hz ch=2 bits=16 measured=191780 B/s (196476 bytes / 1024ms)
usb-pump: packets=584361 log_drops=492453 report_dt_us=1025213
usb-pump-race: pump_ticks_run=809899 sof_isr=810529
usb-sof-2ap: sof_streaming=653909 got=584361 miss_avail=6530 mictr s=0000000780 u=0000823658 t=0000062085 e=0000224038 p=0000112019 d=0000010736 c=0000044207 o=0000000000                   
ss_unavail=63018 hw_unavail=70064
usb-audio-fix: fb_done=638351
usb-audio-okx: rx_bytes_total=112234352 rx_short_packets=9212atr pc0=100036f3 b0=00064797 pc1=100036bd b1=00042793 pc2=10003713 b2=00039726                                                

usb-pump-logring: backlog_hwm=8192
a2dp: codec=LDAC bitrate=990000 fill=1904/4608 ovr_frames=0 und=4112 report_dt_us=1025213
drn c=00008580 s=00000000 z=00002207 bd=0000573824 bp=0000582012 dr=0000503409                                                
wdt: USB_TIMER max_stale_ms=0 deadline_ms=100 enabled=1
wdt: USB_TASK max_stale_ms=0 deadline_ms=250 enabled=1
usb-audio: streaming rate=48000Hz ch=2 bits=16 measured=192132 B/s (229128 bytes / 1192ms)
usb-pump: packets=585553 log_drops=493322 report_dt_us=1191834
usb-pump-race: pump_ticks_run=811091 sof_isr=811721
usb-sof-2ap: sof_streaming=655101 got=585553 miss_avail=6530 mctr s=0000000781 u=0000824727 t=0000062180 e=0000224439 p=0000112219 d=0000010758 c=0000044280 o=0000000000                   
iss_unavail=63018 hw_unavail=70064
usb-audio-fix: fb_done=639542
usb-audio-okx: rx_bytes_total=112463092 rx_short_packets=9229atr pc0=100036f3 b0=00064895 pc1=100036bd b1=00042857 pc2=10003713 b2=00039789                                                

usb-pump-logring: backlog_hwm=8192
a2dp: codec=LDAC bitrate=990000 fill=1780/4608 ovr_frames=0 und=4112 report_dt_us=1191834drn c=00008584 s=00000000 z=00002207 bd=0000574464 bp=0000582653 dr=0000504336                                                

a2dp: enc_max_us=1810 pkt_sent=109825 pkt_fail=0 misaligned=0
a2dp: tick_count=61052 worst_tick_interval_us=14467 enc_frames_total=219651
a2dp: stop_credit=43430 stop_queue_full=17 stop_ring_empty=4112 stop_dwell=10480 fill_short_read=0
wdt: USB_TIMER max_stale_ms=0 deadline_ms=100 enabled=1
wdt: USB_TASK max_stale_ms=0 deadline_ms=250 enabled=1
usb-audio: streaming rate=4800ctr s=0000000782 u=0000825800 t=0000062275 e=0000224841 p=0000112420 d=0000010780 c=0000044353 o=0000000000                   
0Hz ch=2 bits=16 measured=192042 B/s (203008 bytes / 1057ms)
usb-pump: packets=586610 log_drops=493951 report_dt_us=1057081
usatr pc0=100036f3 b0=00064993 pc1=100036bd b1=00042921 pc2=10003713 b2=00039852                                                
b-pump-race: pump_ticks_run=812148 sof_isr=812778
usb-sof-2ap: sof_streaming=656158 got=586610 miss_avail=6530 miss_unavail=630drn c=00008588 s=00000000 z=00002207 bd=0000575104 bp=0000583294 dr=0000505206                                                
18 hw_unavail=70064
usb-audio-fix: fb_done=640599
usb-audio-okx: rx_bytes_total=112666100 rx_short_packets=9245
usb-pump-logring: backlog_hwm=8192
a2dp: codec=LDAC bitrate=990000 fill=2036/4608 ovr_frames=0 und=4112 report_dt_us=1057081
wdt: USB_TIMER max_stale_ms=0 deadline_ms=100 enabled=1
wdt: USB_TASK max_stale_ms=0 deadline_ms=250 enabled=1
usb-audio: streaming rate=480ctr s=0000000783 u=0000826853 t=0000062368 e=0000225236 p=0000112618 d=0000010803 c=0000044423 o=0000000000                   
00Hz ch=2 bits=16 measured=192137 B/s (199740 bytes / 1039ms)
usb-pump: packets=587650 log_drops=494821 report_dt_us=1039556
uatr pc0=100036f3 b0=00065091 pc1=100036bd b1=00042985 pc2=10003713 b2=00039915                                                
sb-pump-race: pump_ticks_run=813188 sof_isr=813817
usb-sof-2ap: sof_streaming=657197 got=587649 miss_avail=6530 miss_unavail=63drn c=00008592 s=00000000 z=00002207 bd=0000575744 bp=0000583935 dr=0000506076                                                
018 hw_unavail=70064
usb-audio-fix: fb_done=641639
usb-audio-okx: rx_bytes_total=112865840 rx_short_packets=9260
usb-pump-logring: backlog_hwm=8192
a2dp: codec=LDAC bitrate=990000 fill=2096/4608 ovr_frames=0 und=4112 report_dt_us=1039556
wdt: USB_TIMER max_stale_ms=0 deadline_ms=100 enabled=1
wdt: USB_TASK max_stale_ms=0 deadline_ms=250 enabled=1
usb-audio: streaming rate=48ctr s=0000000784 u=0000827882 t=0000062459 e=0000225621 p=0000112810 d=0000010824 c=0000044493 o=0000000000                   
000Hz ch=2 bits=16 measured=191883 B/s (206460 bytes / 1075ms)
usb-pump: packets=588725 log_drops=495691 report_dt_us=1075951
atr pc0=100036f3 b0=00065189 pc1=100036bd b1=00043049 pc2=10003713 b2=00039978                                                
usb-pump-race: pump_ticks_run=814263 sof_isr=814893
usb-sof-2ap: sof_streaming=658273 got=588724 miss_avail=6530 miss_unavail=6drn c=00008596 s=00000000 z=00002207 bd=0000576384 bp=0000584576 dr=0000506945                                                
3019 hw_unavail=70065
usb-audio-fix: fb_done=642714
usb-audio-okx: rx_bytes_total=113072300 rx_short_packets=9275
usb-pump-logring: backlog_hwm=8192
a2dp: codec=LDAC bitrate=990000 fill=1708/4608 ovr_frames=0 und=4112 report_dt_us=1075951
wdt: USB_TIMER max_stale_ms=0 deadline_ms=100 enabled=1
wdt: USB_TASK max_stale_ms=0 deadline_ms=250 enabled=1
usb-audio: streaming rate=4ctr s=0000000785 u=0000829033 t=0000062561 e=0000226053 p=0000113026 d=0000010848 c=0000044571 o=0000000000                   
8000Hz ch=2 bits=16 measured=191733 B/s (204160 bytes / 1064ms)
usb-pump: packets=589789 log_drops=496561 report_dt_us=1064956atr pc0=100036f3 b0=00065287 pc1=100036bd b1=00043113 pc2=10003713 b2=00040041                                                

usb-pump-race: pump_ticks_run=815327 sof_isr=815958
usb-sof-2ap: sof_streaming=659338 got=589788 miss_avail=6530 miss_unavail=drn c=00008600 s=00000000 z=00002207 bd=0000577024 bp=0000585189 dr=0000507842                                                
63020 hw_unavail=70066
usb-audio-fix: fb_done=643778
usb-audio-okx: rx_bytes_total=113276652 rx_short_packets=9291
usb-pump-logring: backlog_hwm=8192
a2dp: codec=LDAC bitrate=990000 fill=1772/4608 ovr_frames=0 und=4112 report_dt_us=1064956
wdt: USB_TIMER max_stale_ms=0 deadline_ms=100 enabled=1
wdt: USB_TASK max_stale_ms=0 deadline_ms=250 enabled=1
usb-audio: streaming rate=ctr s=0000000786 u=0000830116 t=0000062656 e=0000226459 p=0000113229 d=0000010874 c=0000044640 o=0000000000                   
48000Hz ch=2 bits=16 measured=192050 B/s (206464 bytes / 1075ms)
usb-pump: packets=590863 log_drops=497430 report_dt_us=1075046atr pc0=100036f3 b0=00065385 pc1=100036bd b1=00043177 pc2=10003713 b2=00040104                                                

usb-pump-race: pump_ticks_run=816401 sof_isr=817033
usb-sof-2ap: sof_streaming=660413 got=590862 miss_avail=6530 miss_unavaildrn c=00008604 s=00000000 z=00002207 bd=0000577664 bp=0000585830 dr=0000508711                                                
=63021 hw_unavail=70067
usb-audio-fix: fb_done=644852
usb-audio-okx: rx_bytes_total=113482924 rx_short_packets=9307
usb-pump-logring: backlog_hwm=8192
a2dp: codec=LDAC bitrate=990000 fill=1708/4608 ovr_frames=0 und=4112 report_dt_us=1075046
wdt: USB_TIMER max_stale_ms=0 deadline_ms=100 enabled=1
wdt: USB_TASK max_stale_ms=0 deadline_ms=250 enabled=1
usb-audio: streaming ratectr s=0000000787 u=0000831132 t=0000062746 e=0000226840 p=0000113420 d=0000010895 c=0000044709 o=0000000000                   
=48000Hz ch=2 bits=16 measured=191894 B/s (206272 bytes / 1074ms)
usb-pump: packets=591938 log_drops=498299 report_dt_us=107492atr pc0=100036f3 b0=00065483 pc1=100036bd b1=00043241 pc2=10003713 b2=00040167                                                
3
usb-pump-race: pump_ticks_run=817476 sof_isr=818108
usb-sof-2ap: sof_streaming=661488 got=591937 miss_avail=6530 miss_unavaidrn c=00008608 s=00000000 z=00002207 bd=0000578304 bp=0000586471 dr=0000509580                                                
l=63021 hw_unavail=70067
usb-audio-fix: fb_done=645927
usb-audio-okx: rx_bytes_total=113689388 rx_short_packets=9323
usb-pump-logring: backlog_hwm=8192
a2dp: codec=LDAC bitrate=990000 fill=1836/4608 ovr_frames=0 und=4112 report_dt_us=1074923
wdt: USB_TIMER max_stale_ms=0 deadline_ms=100 enabled=1
wdt: USB_TASK max_stale_ms=0 deadline_ms=250 enabled=1
usb-audio: streaming ratctr s=0000000788 u=0000832180 t=0000062839 e=0000227233 p=0000113616 d=0000010916 c=0000044781 o=0000000000                   
e=48000Hz ch=2 bits=16 measured=192135 B/s (202620 bytes / 1054ms)
usb-pump: packets=592992 log_drops=499168 report_dt_us=10544atr pc0=100036f3 b0=00065581 pc1=100036bd b1=00043305 pc2=10003713 b2=00040230                                                
51
usb-pump-race: pump_ticks_run=818530 sof_isr=819163
usb-sof-2ap: sof_streaming=662543 got=592992 miss_avail=6530 miss_unavadrn c=00008612 s=00000000 z=00002207 bd=0000578944 bp=0000587112 dr=0000510450                                                
il=63021 hw_unavail=70067
usb-audio-fix: fb_done=646981
usb-audio-okx: rx_bytes_total=113891816 rx_short_packets=9338
usb-pump-logring: backlog_hwm=8192
a2dp: codec=LDAC bitrate=990000 fill=2024/4608 ovr_frames=0 und=4112 report_dt_us=1054451
wdt: USB_TIMER max_stale_ms=0 deadline_ms=100 enabled=1
wdt: USB_TASK max_stale_ms=0 deadline_ms=250 enabled=1
usb-audio: streaming ractr s=0000000789 u=0000833218 t=0000062931 e=0000227623 p=0000113809 d=0000010938 c=0000044851 o=0000000000                   
te=48000Hz ch=2 bits=16 measured=192036 B/s (201660 bytes / 1050ms)
usb-pump: packets=594042 log_drops=500038 report_dt_us=1050atr pc0=100036f3 b0=00065679 pc1=100036bd b1=00043369 pc2=10003713 b2=00040293                                                
118
usb-pump-race: pump_ticks_run=819580 sof_isr=820213
usb-sof-2ap: sof_streaming=663593 got=594042 miss_avail=6530 miss_unavdrn c=00008616 s=00000000 z=00002207 bd=0000579584 bp=0000587752 dr=0000511319                                                
ail=63021 hw_unavail=70067
usb-audio-fix: fb_done=648031
usb-audio-okx: rx_bytes_total=114093476 rx_short_packets=9353
usb-pump-logring: backlog_hwm=8192
a2dp: codec=LDAC bitrate=990000 fill=1956/4608 ovr_frames=0 und=4112 report_dt_us=1050118
wdt: USB_TIMER max_stale_ms=0 deadline_ms=100 enabled=1
wdt: USB_TASK max_stale_ms=0 deadline_ms=250 enabled=1
usb-audio: streaming rate=48000Hz ch=2 bits=16 measured=192063 B/s (208576 bytes / 1085ms)
usb-pump: packets=595128 log_drops=500908 report_dt_us=1085972
usb-pump-race: pump_ticks_run=820666 sof_isr=821299
usb-sof-2ap: sof_streaming=664679 got=595128 miss_avail=6530 miss_unavail=63021 hw_unavail=70067
usb-audio-fix: fb_done=649117
usb-audio-okx: rx_bytes_total=114302052 rx_short_packets=9369
usb-pump-logring: backlog_hwm=8192
a2dp: codec=LDAC bitrate=990000 fill=1636/4608 ovr_frames=0 und=4112 report_dt_us=1085972
wdt: Uctr s=0000000790 u=0000834413 t=0000063036 e=0000228070 p=0000114035 d=0000010962 c=0000044929 o=0000000000                   
SB_TIMER max_stale_ms=0 deadline_ms=100 enabled=1
wdt: USB_TASK max_stale_ms=0 deadline_ms=250 enabled=1
usb-audio: streaming atr pc0=100036f3 b0=00065777 pc1=100036bd b1=00043433 pc2=10003713 b2=00040356                                                
rate=48000Hz ch=2 bits=16 measured=192017 B/s (198776 bytes / 1035ms)
usb-pump: packets=596163 log_drops=501778 report_dt_us=10drn c=00008622 s=00000000 z=00002207 bd=0000580736 bp=0000588869 dr=0000511712                                                
35192
usb-pump-race: pump_ticks_run=821702 sof_isr=822334
usb-sof-2ap: sof_streaming=665714 got=596163 miss_avail=6530 miss_unavail=63021 hw_unavail=70067
usb-audio-fix: fb_done=650153
usb-audio-okx: rx_bytes_total=114501020 rx_short_packets=9383
usb-pump-logring: backlog_hwm=8192
a2dp: codec=LDAC bitrate=990000 fill=1948/4608 ovr_frames=0 und=4112 report_dt_us=1035192
wdt: USB_TIMER max_stale_ms=0 deadline_ms=100 enabled=1
wdt: USB_TASK max_stale_ms=0 deadline_ms=250 enabled=1
usb-audio: streaming rate=48000Hz ch=2 bits=16 measured=191863 B/s (208380 bytes / 1086ms)
usb-pump: packets=597249 log_drops=502648 report_dt_us=1ctr s=0000000791 u=0000835654 t=0000063146 e=0000228533 p=0000114266 d=0000010987 c=0000045013 o=0000000000                   
086181
usb-pump-race: pump_ticks_run=822787 sof_isr=823420
usb-sof-2ap: sof_streaming=666800 got=597248 miss_avail=6530 miss_uatr pc0=100036f3 b0=00065875 pc1=100036bd b1=00043497 pc2=10003713 b2=00040419                                                
navail=63022 hw_unavail=70068
usb-audio-fix: fb_done=651238
usb-audio-okx: rx_bytes_total=114709400 rx_short_packets=9398
usbdrn c=00008627 s=00000000 z=00002207 bd=0000581632 bp=0000589806 dr=0000512285                                                
-pump-logring: backlog_hwm=8192
a2dp: codec=LDAC bitrate=990000 fill=1944/4608 ovr_frames=0 und=4112 report_dt_us=1086181
wdt: USB_TIMER max_stale_ms=0 deadline_ms=100 enabled=1
wdt: USB_TASK max_stale_ms=0 deadline_ms=250 enabled=1
usb-audio: streaming rate=48000Hz ch=2 bits=16 measured=191885 B/s (205116 bytes / 1068ms)
usb-pump: packets=598317 log_drops=503575 report_dt_us=ctr s=0000000792 u=0000836693 t=0000063238 e=0000228922 p=0000114461 d=0000011008 c=0000045084 o=0000000000                   
1068856
usb-pump-race: pump_ticks_run=823855 sof_isr=824489
usb-sof-2ap: sof_streaming=667869 got=598316 miss_avail=6530 miss_atr pc0=100036f3 b0=00065973 pc1=100036bd b1=00043561 pc2=10003713 b2=00040482                                                
unavail=63023 hw_unavail=70069
usb-audio-fix: fb_done=652306
usb-audio-okx: rx_bytes_total=114914516 rx_short_packets=9413
usdrn c=00008631 s=00000000 z=00002207 bd=0000582272 bp=0000590447 dr=0000513154                                                
b-pump-logring: backlog_hwm=8192
a2dp: codec=LDAC bitrate=990000 fill=1748/4608 ovr_frames=0 und=4112 report_dt_us=1068856
wdt: USB_TIMER max_stale_ms=0 deadline_ms=100 enabled=1
wdt: USB_TASK max_stale_ms=0 deadline_ms=250 enabled=1
usb-audio: streaming rate=48000Hz ch=2 bits=16 measured=192046 B/s (206080 bytes / 1073ms)
usb-pump: packets=599390 log_drops=504445 report_dt_usctr s=0000000793 u=0000837795 t=0000063336 e=0000229335 p=0000114667 d=0000011029 c=0000045161 o=0000000000                   
=1073199
usb-pump-race: pump_ticks_run=824928 sof_isr=825562
usb-sof-2ap: sof_streaming=668942 got=599389 miss_avail=6530 missatr pc0=100036f3 b0=00066071 pc1=100036bd b1=00043625 pc2=10003713 b2=00040545                                                
_unavail=63023 hw_unavail=70069
usb-audio-fix: fb_done=653379
usb-audio-okx: rx_bytes_total=115120596 rx_short_packets=9429
udrn c=00008635 s=00000000 z=00002207 bd=0000582912 bp=0000591088 dr=0000514023                                                
sb-pump-logring: backlog_hwm=8192
a2dp: codec=LDAC bitrate=990000 fill=2004/4608 ovr_frames=0 und=4112 report_dt_us=1073199
wdt: USB_TIMER max_stale_ms=0 deadline_ms=100 enabled=1
wdt: USB_TASK max_stale_ms=0 deadline_ms=250 enabled=1
usb-audio: streaming rate=48000Hz ch=2 bits=16 measured=192147 B/s (202236 bytes / 1052ms)
usb-pump: packets=600442 log_drops=505315 report_dt_uctr s=0000000794 u=0000838859 t=0000063430 e=0000229734 p=0000114867 d=0000011052 c=0000045232 o=0000000000                   
s=1052387
usb-pump-race: pump_ticks_run=825980 sof_isr=826615
usb-sof-2ap: sof_streaming=669995 got=600442 miss_avail=6530 misatr pc0=100036f3 b0=00066169 pc1=100036bd b1=00043689 pc2=10003713 b2=00040608                                                
s_unavail=63023 hw_unavail=70069
usb-audio-fix: fb_done=654431
usb-audio-okx: rx_bytes_total=115322640 rx_short_packets=9444
drn c=00008639 s=00000000 z=00002207 bd=0000583552 bp=0000591729 dr=0000514892                                                
usb-pump-logring: backlog_hwm=8192
a2dp: codec=LDAC bitrate=990000 fill=1808/4608 ovr_frames=0 und=4112 report_dt_us=1052387
wdt: USB_TIMER max_stale_ms=0 deadline_ms=100 enabled=1
wdt: USB_TASK max_stale_ms=0 deadline_ms=250 enabled=1
usb-audio: streaming rate=48000Hz ch=2 bits=16 measured=191639 B/s (197244 bytes / 1029ms)
usb-pump: packets=601469 log_drops=506185 report_dt_us=1029225
usb-pump-race: pump_ticks_run=827007 sof_isr=827644
usb-sof-2ap: sof_streaming=671024 got=601469 miss_avail=6530 miss_unavail=63025 hw_unavail=70071
usb-audio-fix: fb_done=655458
usb-audio-okx: rx_bytes_total=115519884 rx_short_packets=9459